product,revenue,cumulative_pct,abc_category
Khukuri FT,7146783.24,3.2751,A
Sugar,6410811.54,6.213,A
KUNDAN SUNFLOWER 1LTR,3944878.65,8.0208,A
FAMILY SUNFLOWER 1LTR,3708456.36,9.7202,A
Newari Longgrain 20kg,3498057.03,11.3233,A
gyan solti 25kg,2847103.74,12.628,A
Shikhar Ice,2498047.56,13.7728,A
COKE FANTA SPRITE 1.5L,2356686.49,14.8527,A
Cello Oil 1l,2324655.24,15.918,A
SHAKTI SOYABEAN OIL 1LTR,2261856.56,16.9546,A
Tuborg Can 500ml,2259241.77,17.9899,A
urja jira 25kg,2152054.46,18.9761,A
Rato Dal,2139276.7,19.9565,A
Manang Sahi Pulalu 20kg,2090083.73,20.9143,A
Hulas Steam Jeera 25kg,2071228.34,21.8635,A
Dhara Health 1l,2054085.51,22.8048,A
Surya,1922162.94,23.6856,A
Dhara Mustard Oil 1l,1850829.35,24.5338,A
Manang Jeera Chamal 25kg,1684206.23,25.3056,A
Khukuri Rum 180ml,1461794.83,25.9755,A
777 jira chamal 25kg,1383163.16,26.6094,A
Tuborg 650ml,1315181.73,27.2121,A
SunFlow Sunflower 1l,1289391.81,27.8029,A
Koseli Mustard oil 1l,1287533.12,28.393,A
Gorkha Strong Can 500ml,1229882.82,28.9566,A
Chicken Egg,1212860.08,29.5124,A
Chadani Sona Rice 25kg,1152967.8,30.0408,A
PHEWA CHI SAUSAGE 400GM,1083166.46,30.5371,A
DELICIOUS PANNER 500GM,1077525.1,31.0309,A
WAI WAI  CHICKEN,1042377.59,31.5086,A
KUNDAN SOYABEAN 1LTR,1030933.47,31.9811,A
Kalo Dal,1003515.72,32.4409,A
Chana,1001312.07,32.8998,A
DELICIOUS NAUNI (BUTTER) 1KG,997570.6,33.3569,A
Gorkha Ext.Strong 330ml,975470.42,33.804,A
Gorkha Strong 650ml,951723.83,34.2401,A
KUNDAN SUNFLOWER 500ML,920809.59,34.6621,A
Dhoni Soap 250g,883919.3,35.0672,A
Gharana Maida 1kg,867277.15,35.4646,A
RARA,832621.89,35.8462,A
WAI WAI QUICK,824193.84,36.2239,A
Khukuri Rum 750ml,817158.04,36.5983,A
Local Milk 500ml,801090.03,36.9654,A
BADAM RAMRO,791226.45,37.328,A
Victory Jeera 500g,778735.11,37.6849,A
FAMILY SUNFLOWEER 500ml,774372.12,38.0398,A
Mong Khosta,749772.51,38.3834,A
Ghadi Aata 5kg,732732.56,38.7192,A
LUV POUCH DAHI 500ML,704272.18,39.0419,A
Dhara Mustard Oil 500ml,691855.96,39.3589,A
Bhansaghar LG Rice 20kg,674219.8,39.6679,A
Captain Filter King,671904.98,39.9758,A
AGAM LOCAL LONGGRAIN 20KG,639030.0,40.2687,A
CURRENT Chk H&S NOODLES RS.45,636297.48,40.5603,A
AMRIT SUNFLOWER 1LTR,625813.46,40.8471,A
OldDurbar 750ml,616317.3,41.1295,A
250ml Red Bull Energy Drink,598651.85,41.4038,A
DDC BUTTER 1KG,576483.84,41.668,A
Bijuli PL,556847.73,41.9232,A
PATANJALI SOAP,555580.84,42.1778,A
Sahnai Maida 20kg,551553.14,42.4306,A
Aadar Dal,543982.22,42.6798,A
Koseli Mustard oil 500ml,539076.1,42.9269,A
SunFlow Sunflower 500ml,538162.03,43.1735,A
ARIEL MATIC FL 4+2KG,536900.54,43.4195,A
Harpal Sugarfree Rice 20kg,523673.85,43.6595,A
DELICIOUS NAUNI (BUTTER) 500GM,518897.18,43.8973,A
Ariel Matic FL 1kg,492089.6,44.1228,A
GYAN CHAKKI AATA 2KG,486054.93,44.3456,A
harpal longgrain 20kg,483614.93,44.5672,A
Saideep Premium Tea 1KG,482768.48,44.7884,A
SAFAL GHEE POUCH 1L,481143.98,45.0089,A
Makai,480585.04,45.2292,A
Swastik Vanaspati Ghee 500ml,473877.36,45.4463,A
OREO ORIGNAL VANILLA 50GM,473285.05,45.6632,A
Agam Steam Sona Rice 25kg,472092.0,45.8796,A
LUV WHOLE MILK (RED),469600.45,46.0948,A
NIMBU FRESH 1.5ML,469214.29,46.3098,A
SAFAL NAUNI (BUTTER) 1KG,465887.91,46.5233,A
GYAN CHAKKI AATA 5KG,456110.61,46.7323,A
Dhoni LS 300,451160.95,46.939,A
mohit jira chamal 25kg,442500.0,47.1418,A
8848 Vodka 750ml,441921.31,47.3443,A
BRT MARI 40g,432162.89,47.5424,A
BM Perfect FruitWhite Wine 750ml,430009.21,47.7395,A
Siddha Baba Sunflower 1l,427090.47,47.9352,A
NongShiim ShinRamyan M.120g,418791.18,48.1271,A
Current Chk 2x Spicy Noodles,410123.44,48.315,A
HORLICKS CLASSIC MALT JAR 500GM,402339.09,48.4994,A
GAULE MAS KO DAL 1KG,398214.71,48.6819,A
Sawarmatti Rice 25kg,391429.58,48.8613,A
ARIEL 1KG,390655.34,49.0403,A
Khukuri Rum 375ml,389846.09,49.219,A
Surya Lite,383897.79,49.3949,A
THAKALI LONGGRAIN BASMATI RICE 20KG,380174.94,49.5691,A
DELICIOUS PANNER 200GM,370837.08,49.739,A
SAI DEEP CHIYA GOLD 500GM,368859.85,49.9081,A
LUV DAIRY STANDARD MILK (BLUE),368324.78,50.0769,A
TRUST KAJU 100GM,367873.73,50.2455,A
BMC MEAT MASALA 100GM,353639.51,50.4075,A
SAFAL DHAPA DAHI 1L,353209.43,50.5694,A
Trust Jeera 500gm,352007.18,50.7307,A
SAFAL DHAPA DAHI 500ML,351209.38,50.8916,A
newari longgrain 5kg,348277.88,51.0512,A
TRUST KAJU 500GM,346646.94,51.2101,A
Dhoni Soap 6pcs,343610.12,51.3676,A
Mayalu Filter,341222.57,51.5239,A
SALT,340283.6,51.6799,A
Three Star Chi Sausage 400gm,339694.02,51.8355,A
COKE FANTA SPRITE 2LTR,332138.93,51.9877,A
Fresh Chowmin 1kg,328346.96,52.1382,A
GYAN BASMATI 20KG,325817.68,52.2875,A
Puffino Sesame Mini 25g,320833.98,52.4346,A
Frooti 200ml,320518.85,52.5814,A
NES CLAS DAWN JAR 30*45G N1,318433.96,52.7274,A
Shakti Soyabean 500ml,314129.49,52.8713,A
Dabur Honey 1kg,309039.31,53.0129,A
CHI. SAUSAGE (400g),307786.86,53.154,A
Seto Kerau,307283.85,53.2948,A
TRUST KAJU 200GM,307114.03,53.4355,A
Namuna Charcoal 2kg,302905.7,53.5744,A
Cello Oil 500ml,302889.84,53.7132,A
Harpal Sugarfree 5kg,300446.99,53.8508,A
STAR FOOD CHI MOMO (5 PLATE),299187.98,53.988,A
Parle Monaco 25g,299132.88,54.125,A
Kwality ButterCracker  Rs15,298477.12,54.2618,A
Victory Dhaniya 500 GM,294439.6,54.3967,A
Mong Dal,291595.78,54.5304,A
Tika Soap 250g,281401.51,54.6593,A
MUSTANG GOLD 750ML,271990.44,54.784,A
Hulas Chiura 1kg,271020.32,54.9082,A
PRAWN 120gm,270570.49,55.0322,A
DELICIOUS GHEE 500GM JAR,268822.82,55.1554,A
Fufeng Testing 190gm,267210.03,55.2778,A
TIDE PLUS LEMON & MINT 1KG,266781.63,55.4001,A
Kar Digestive(Rs20),262385.68,55.5203,A
SAFAL GHEE POUCH 500ML,262370.32,55.6405,A
DDC Ghee Polypack 1Ltr,256415.83,55.7581,A
NES CLAS BIB 16(2*200G),254078.85,55.8745,A
DELICIOUS GHEE 1L JAR,253676.83,55.9907,A
Green Like,248797.1,56.1048,A
Chadani Jira 25kg,247746.01,56.2183,A
8848 Vodka 180ml,247170.5,56.3316,A
GAULE MALKA MASHURO 1KG,243981.26,56.4434,A
Brt Nutri Choice Dis Rs.20,243072.95,56.5548,A
BRT TIGERCRUNCHY 40G,236354.5,56.6631,A
KRISHMA SUKMEL 100GM,236236.67,56.7713,A
Sada Chiura Bhagwati 1KG,235037.36,56.879,A
Kauli Chaana,231099.37,56.9849,A
HORLICKS CLASSIC MALT JAR 1KG,228677.99,57.0897,A
Trust Till 500gm,228116.26,57.1943,A
Puffino Regular (Khajurico Puff),226598.0,57.2981,A
Trust Almond 100gm,225207.67,57.4013,A
Victory Till 500gm,224855.06,57.5044,A
HAL SADA PAPAD 170GM,222011.2,57.6061,A
NES 3IN1 CREAMYDELIGHT (18G*25),219086.17,57.7065,A
DDC Ghee Polypack 500ml,218295.71,57.8065,A
ARIEL MATIC CANNISTER FL 3KG,216654.02,57.9058,A
Samyang Bulda Chi.Flav 140g,214752.87,58.0042,A
Hulas Chakki Pitho 5kg,211669.05,58.1012,A
ALUMINIUM FOIL BIG,210409.65,58.1977,A
DDC Ghee Jar 1Ltr,205856.45,58.292,A
8848 Vodka 375ml,205841.45,58.3863,A
GAULE THULO BHATTA 1KG,201739.15,58.4788,A
Manang Sahi Pulalu 5kg,200655.83,58.5707,A
TIDE PLUS JASMINE & ROSE 1KG,200413.0,58.6626,A
Gyan Bhuja 400g,200265.4,58.7544,A
Panda 170gm 10Roll,196703.02,58.8445,A
MEIDAN SODA CRACKERS SF/MILK 450GM,194757.95,58.9337,A
LAXMI CHIURA MIX 400GM,194075.45,59.0227,A
HRP PWR ORIGINAL 500ML,192749.94,59.111,A
Sagar PhaparPitho 1kg,191798.64,59.1989,A
BAM MACORONI-750gm,191267.55,59.2866,A
Lotte Chocopie Red,190513.99,59.3739,A
LUX F 100Gx4,189662.92,59.4608,A
Sniker SIngle 50g,189557.12,59.5476,A
GAULE LOCAL RAJMA 1KG,189342.83,59.6344,A
TRUST OKHAR 500GM,189088.87,59.7211,A
Fresh Sahara Laccha Paratha,188941.3,59.8077,A
RAMBA,188569.73,59.8941,A
KRISHMA SUKMEL 40GM,187571.48,59.98,A
urja sonam 20kg,184918.0,60.0648,A
Trust Almond 200gm,184448.39,60.1493,A
Samyang Spicyx2 Buldak,183370.02,60.2333,A
2PM Korean Ramen,181855.52,60.3167,A
ARIEL 500GM,180632.75,60.3994,A
XTREME ENERGY DRINKS 330ML,178943.95,60.4814,A
LAYS AMERICAN STYLE CREAM ONION 42G,178504.33,60.5632,A
GYAN BASMATI 5KG,178022.02,60.6448,A
Henko FontLoad 6kg,177869.87,60.7263,A
BFB Top Herbs 60g,177834.81,60.8078,A
Umga Garam Masala 100gm,177205.62,60.889,A
Dhania 500g,176454.44,60.9699,A
Hulas sahi longgrain 20kg,175960.68,61.0505,A
Parle-G 21g,174771.72,61.1306,A
Dhoni Soap(4p),173742.87,61.2103,A
MacCoffee Gold Pouch 95gm,173114.05,61.2896,A
Gyan Masoor Dal 1kg,171622.48,61.3682,A
NES CLAS JAR 36*24G,170918.02,61.4466,A
BABA SUPER ZOOM SOAP 200GM 1P,170606.95,61.5247,A
Trust Almond 500gm,169287.16,61.6023,A
OldDurbar 180ml,169093.25,61.6798,A
KITKAT 4F 18,166603.0,61.7562,A
Hulas Chakki Pitho 2kg,166188.33,61.8323,A
MS Aloo,165818.23,61.9083,A
Tide Plus Jasmine & Rose 4Kg+1Kg,165238.97,61.984,A
POPUP NAPKIN,163781.81,62.0591,A
SANSAR JEERA 25KG,163138.01,62.1338,A
MacTea Salt Monglia,162969.88,62.2085,A
RIN SHAKTI 1KG,162221.74,62.2829,A
KRISHMA KAJU 100GM,161890.74,62.3571,A
Golden Oak 750ml,161850.1,62.4312,A
newari pokhareli jira 25kg,161823.01,62.5054,A
H. SOYABEAN /MASSURA 200G,160077.15,62.5787,A
RedBlue Energy Drink 250ml,159798.07,62.652,A
Panda 160gm 10 Rolls,159591.11,62.7251,A
BRT GOODDAY 40G,159371.31,62.7981,A
GREEN PEAS 1 KG,157865.05,62.8705,A
LNT Jira Rice 25kg,157500.0,62.9427,A
Rio Mix 200ml,157304.23,63.0148,A
GAULE M.KALO BODIKO DAL 1KG,157073.37,63.0867,A
COKE FANTA SPRITE 500ML,156485.32,63.1584,A
GAULE MIX DAL 1KG,156443.86,63.2301,A
Smriti Sada Furandana 750gm,155481.93,63.3014,A
PRINGLES SOUR CREAM&ONION 102g,155464.03,63.3726,A
Fresh Chowmin 500g,155216.32,63.4438,A
GAULE M. SIMI DAL 1KG,154579.92,63.5146,A
Three Buff Sausage 400gm,154344.14,63.5853,A
Krishma Mixnut 100gm,154216.52,63.656,A
Kundan Sunflower 1l,153210.0,63.7262,A
Snickers 35gm,152986.38,63.7963,A
Bhansaghar Sugarfree Rice 20kg,152049.0,63.866,A
GURKHAS & GUNS 750ML,151495.01,63.9354,A
PARLE-G 25+17GM,151330.08,64.0048,A
GAULE SOSTA 1KG,148941.03,64.073,A
newari longgrain 1kg,147456.72,64.1406,A
Smriti Sada Furandana 375gm,146876.68,64.2079,A
Weifield Pasta 500gm,146679.91,64.2751,A
Tika Soap(6p),145980.65,64.342,A
LAXMI CHIURA MIX 650GM,145894.1,64.4089,A
Bounty Double 57g,145214.05,64.4754,A
MARFA APPLE 1KG,144872.1,64.5418,A
LAXMI CHATPATE 400GM,144592.72,64.6081,A
BMC Meat Masala 200g,144052.84,64.6741,A
TRUST OKHAR 250GM,143053.59,64.7397,A
Gharana Suji 500g,142865.58,64.8051,A
HAPPY HAPPY 25+5GM,141807.86,64.8701,A
Til Oil 500ml,141679.69,64.935,A
PANDA 160GM 2 ROLL,140533.93,64.9994,A
Bhansaghar Jeera Rice 25kg,140199.98,65.0637,A
AMRITI SUNFLOWER 500ML,139922.71,65.1278,A
Signature Rare Whisky 750ml,138484.98,65.1913,A
Hulas Basmati 20kg,138393.18,65.2547,A
OldDurbar Black 750ml,138060.03,65.318,A
ARIEL COMPLETE 4KG,137580.0,65.381,A
DDC Ghee Jar 500ml,136846.91,65.4437,A
SADA PAPAD,136700.59,65.5064,A
BAM  MACARONI-350gm,136217.44,65.5688,A
Krishma Pre Mixnut 500gm,135889.05,65.6311,A
Dhoni LS 600*10 Combo,135702.54,65.6933,A
RURU PITAMBARI 200GM,135063.8,65.7551,A
KUNDAN SOYABEAN 500MLL,134246.81,65.8167,A
Golden Oak 180ml,132398.21,65.8773,A
XTRAA PLUS 200GM,131538.09,65.9376,A
Tasty Biscuit 25g,131129.08,65.9977,A
COKE FANTA SPRITE 2.25ML,130258.11,66.0574,A
BAM CHIKEN SOUP-42gm,129888.47,66.1169,A
BMC MEAT MASALA 500GM,128439.11,66.1758,A
PREETI VEG RS20,126825.95,66.2339,A
Smriti Dalmot 1kg,126323.33,66.2918,A
Sagar Tumeric 500g,126008.86,66.3495,A
Three Star Chi Sausage 200gm,125557.19,66.4071,A
CDM 40GM,124890.1,66.4643,A
H&S Shampoo Cool Menthol 650ml,124538.0,66.5214,A
Bhatta,124473.1,66.5784,A
DELITE MLK POWDER 800GM,124449.03,66.6355,A
JoinerJuice 320ml,124083.45,66.6923,A
Wet Wipes,123271.97,66.7488,A
NEWARI JEERA 25KG,122749.99,66.8051,A
Century Momo Masala 100gm,122745.14,66.8613,A
Coconut Dry,122706.17,66.9175,A
Three Star Chi Momo 50pcs,122038.73,66.9735,A
GAZZAB KO PIRO,121802.96,67.0293,A
Siddha Baba Sunflower 500ml,120778.33,67.0846,A
Smriti Dalmot 700gm,120202.99,67.1397,A
OldDurbar 375ml,120039.96,67.1947,A
Smriti Dalmot 500GM,119913.98,67.2497,A
RICH SOAP,119825.2,67.3046,A
Trust Mishri 500g,119791.54,67.3595,A
Nescoffee Gold 100g,118798.98,67.4139,A
Nes Rs 4 Classic Stick,118361.5,67.4682,A
RIN SHAKTI 500G,117492.82,67.522,A
SAFAL Pouch DAHI 500ML,116685.52,67.5755,A
Gyan Aadar Dal 1kg,116589.41,67.6289,A
TRIO BUTTER SCOTCH,116193.88,67.6822,A
BABA SUPER ZOOM SOAP 6PCS,116017.0,67.7353,A
Passport 750ml,115016.15,67.788,A
Bodi,114929.98,67.8407,A
AMUL SLICE CHEESE 200GM  MILK,114655.45,67.8933,A
MCV Digestive Rs. 25 62g,114339.04,67.9456,A
VICTORY CUMIN POWDER 500GM,113585.64,67.9977,A
TRUST KHURSANI 200GM,113390.31,68.0497,A
Gharana Chakki Aata 1kg,112933.52,68.1014,A
CDM BIG 105GM,111598.98,68.1526,A
LACTOGEN PRO 2 BIB 400GM,111581.0,68.2037,A
Mac 50gm Pouch Coffee,110963.18,68.2545,A
Till Oil 1ltr,109833.81,68.3049,A
Bakeland Cheese Cream,109747.0,68.3552,A
CDM 18G,109700.33,68.4054,A
7 Starsurf 4kg,109425.77,68.4556,A
Triloki Jira Rice 25kg,108610.0,68.5054,A
Krishma Makhana 250gm,108554.36,68.5551,A
Swastik Soyabean Oil 1Ltr,108218.02,68.6047,A
Sagar ChillyPow 500g,107889.22,68.6541,A
Urja Masoor Dal 1kg,107876.61,68.7036,A
Real Mango 180ml,107764.21,68.753,A
Koseli Mustard Oil 5ltrs,106843.99,68.8019,A
Sagar Sabji Masala 400g,106559.95,68.8508,A
Jhilinga,106061.24,68.8994,A
HAL PANJABI PAPAD 170GM,105918.14,68.9479,A
P.TOMATO SAUCE (5 ltr),105857.87,68.9964,A
Black Oak 750ml,105840.0,69.0449,A
Sagar ChukAmilo 180ml,105414.58,69.0932,A
LAXMI DALMOTH 700GM,105000.09,69.1413,A
SHAKTI DALDA GHEE 500ML,104190.53,69.1891,A
DIDIAN SODA CRACKER BLUE 450gm,104177.76,69.2368,A
Chana Daal,104048.23,69.2845,A
LIFEBUOY ARYA RED,103943.51,69.3321,A
MR MUSCLE KITCHEN CLEANER 450ML,103536.97,69.3796,A
Samyang JaJang 140g,103499.99,69.427,A
Dabur Honey 500gm,103139.67,69.4743,A
Three Star Chi Hot Dog Sausage 500gm,103072.96,69.5215,A
LAYS AMERICAN STYLE CREAM ONION 78G,102953.34,69.5687,A
Tide Plus Ja&Rose 10kg,102552.09,69.6157,A
Real MixFruit 1L,102389.89,69.6626,A
Koseli Health oil 1ltr,102076.99,69.7094,A
agam jira masino 25kg,101545.09,69.7559,A
Century MixMasala 350gm,100706.45,69.8021,A
HRP PWR ORG 900ML,100639.88,69.8482,A
harpal longgrain 5kg,100480.12,69.8942,A
Nescafe Classic 6x190g PR Red Mug,99902.89,69.94,A
BAM MASHROOM SOUP-45gm,99258.58,69.9855,A
TOKLA TEA 1KG,98801.1,70.0308,B
TOKLA MASALA TEA 500GM,98618.13,70.076,B
TIDE PLUS JASMINE & ROSE 500GM,98496.9,70.1211,B
TOILET PAPER LEGEND ,98246.96,70.1661,B
Panda 160gm 1 Rolls,98093.24,70.2111,B
Vita Milk Biscuit 25g,98047.43,70.256,B
CHI. SAUSAGE (200G),97791.91,70.3008,B
FRENCH FRIES (2.5KG),97699.19,70.3456,B
TOKLA MASALA TEA 1kg,97427.51,70.3903,B
KARSEELL 500GM,96640.0,70.4346,B
KITKAT 2FMINI,96054.28,70.4786,B
JUBILEE BABY PANTS L40,95996.97,70.5226,B
Lnt Bhuja,95148.53,70.5662,B
TODAY MINERAL WATER,94376.9,70.6094,B
TRUST SUKMEL 50GM,94053.96,70.6525,B
TRUST PISTA 100GM,93977.27,70.6956,B
TRUST SOFF 100GM,93435.67,70.7384,B
Super Power Chakka,93240.31,70.7811,B
Panda 170gm 2 Roll,93051.01,70.8238,B
TOP 25GM,92930.79,70.8664,B
BMC Roghni Mirch 100g,92856.17,70.9089,B
GOURMET VIENNA CHI REGULAR 500G,92097.85,70.9511,B
GAULE JIMBU 25GM,91628.66,70.9931,B
Fererro KinderJoy LUI,91099.09,71.0349,B
LACTOGEN 1 400G,91025.16,71.0766,B
TIKA 4PCS 900GM,90824.61,71.1182,B
NESCAFE GOLD 170GM POUCH,90717.64,71.1598,B
Tokla Tea Box 200gm,90594.89,71.2013,B
Makhankhor Jira 25kg,90049.79,71.2425,B
GORKHA PILSNER 650ML,89663.99,71.2836,B
No.999 PlayingCard,89358.09,71.3246,B
WHEEL ACTIVE GREEN 1KG,89228.35,71.3655,B
Sagar KodoPitho 1kg,88746.81,71.4061,B
Sagar ChillyPow 200g,88680.31,71.4468,B
NAPPY BABY PANTS L46,88491.16,71.4873,B
Mac 3in1 mini,88236.99,71.5278,B
GAULE BHANGO 200GM,87961.99,71.5681,B
Preeti Pizza 50g,87800.85,71.6083,B
Old Marpha Brandy 750ml,87368.98,71.6484,B
Wheel Active Blue 1kg,87114.57,71.6883,B
Trust Panchapuran 100g,86756.76,71.728,B
Sagar Anadi Chamal 1kg,86608.48,71.7677,B
Tokla Masala Tea Box 200gm,86337.14,71.8073,B
Sagar Beshan 500g,85494.27,71.8465,B
DTT SOAP ORG 150*5GM,85439.06,71.8856,B
Samyang Carbo 130g,85364.04,71.9247,B
DTT SOAP ORG 100*4GM,85081.1,71.9637,B
Maccoffee Mix 3in1 Creamy,85065.0,72.0027,B
Bakeland Coco Crunch,84854.12,72.0416,B
TOKLA TEA 500GM,84779.12,72.0805,B
COCONUT  DRY,84647.67,72.1192,B
NAPKIN PAPER,84542.67,72.158,B
KRISHMA MARIJ 50GM,84308.95,72.1966,B
COLIN TIG REG 500ML,84053.95,72.2351,B
Trust Green Kismiss 200gm,83700.04,72.2735,B
Xtraa Neem Soap 200g,82925.04,72.3115,B
Real Pomegranate 1L,82564.43,72.3493,B
Gharana Maida 20kg,82541.68,72.3872,B
Krishma Almond 500g,82451.95,72.4249,B
TIDE LEMON & MINT 500GM,82412.0,72.4627,B
JUBILEE BABY PANTS M40,81959.78,72.5003,B
ARIEL LIQUID MATIC FL 1L,81776.0,72.5377,B
Trout Fish,81739.72,72.5752,B
GREEN PEAS 500gm,81725.24,72.6127,B
VIVA JAR 500GM,81636.68,72.6501,B
Sagar Tumeric 200g,81608.91,72.6875,B
Softy 320mm Blue Pads,81590.26,72.7249,B
JW BlackLabel 12y 100cl,81560.01,72.7622,B
Dami Kodo Bis Sugarfree Rs. 30,81124.13,72.7994,B
Sunbean Corn Oil 2Ltr,80765.02,72.8364,B
BABA SUPER ZOOM SOAP 4PCS,80680.03,72.8734,B
Krishma Almond 100g,80539.32,72.9103,B
Chhurpi 80gm,80278.88,72.9471,B
TOKLA GOLD 1kg,80277.97,72.9839,B
Tide Plus Ja&Rose 8kg free,80123.07,73.0206,B
Gillette Mach3 Cart 4,79929.94,73.0572,B
Victory Jeera 100g,79928.16,73.0939,B
2PM HOT NOODLES RED,79823.79,73.1304,B
Softy 290mm Green Pads,79764.72,73.167,B
CLINIC PLUS SHAMPOO 625ml,79735.82,73.2035,B
Henko 1kg,79358.01,73.2399,B
KRISHMA KAJU 500GM,79281.01,73.2762,B
Krishma black Chokda 500gm (pouch),79105.0,73.3125,B
ROYAL JUMBO LONGGRAIN 20KG,79005.0,73.3487,B
Chhurpi 150gm,78877.03,73.3848,B
SAFAL JUJU DHAU 1LTR,78786.55,73.4209,B
KRISHMA SUKMEL 20GM,78672.18,73.457,B
PHEWA CHI SAUSAGE 150GM,78497.06,73.493,B
UMBRELLA FOLD 3023,77919.73,73.5287,B
BMC MEAT MASALA 50gm,77877.75,73.5644,B
KRISHMA LWANG 100GM,77449.12,73.5998,B
BM Perfect FruitS.Red 4Ltr,77007.01,73.6351,B
Smriti Damlo Mithai,76253.27,73.6701,B
COKE FANTA SPRITE 250ML,76184.51,73.705,B
DDC PANNER 500GM,76132.07,73.7399,B
MUSTANG GOLD 375ML,75965.29,73.7747,B
GIGGLE AND GLOW PANTS L40,75600.0,73.8093,B
Taza Brown Bread,75493.21,73.8439,B
Corn Candy 300g,74692.83,73.8782,B
KELL CHOCO 250GM,74619.0,73.9124,B
H&S SHAMPOO ANTI HAIRFALL 650ML X 12,74608.0,73.9466,B
LYS CITRUS 975ML (16),74128.99,73.9805,B
Gharana Aata 5kg,74072.27,74.0145,B
Gahat,74070.66,74.0484,B
Krishma Sakhar 500gm,74041.96,74.0823,B
TRUST JWANO 80GM,73980.02,74.1162,B
Tokla Gold Pouch 500gm,73712.9,74.15,B
Trust Jeera 200gm,73348.58,74.1836,B
Mutha Dhoop,73091.21,74.2171,B
DEXE MIX Shampoo Bottle 400ml,72916.68,74.2505,B
AMUL BUTTER 100G,72716.38,74.2839,B
SWEET CORN 1 KG,72588.68,74.3171,B
Pringles Sour Cream 42g,71840.5,74.3501,B
BFB Top Herbs 200g,71780.83,74.383,B
PRINGLES ORIGINAL 102GM,71765.64,74.4158,B
Delite Dairy Milk 400gm,71757.01,74.4487,B
SUNSILK B Shampoo 625ml,71648.15,74.4816,B
Nebico Coconut Biscuit,71618.0,74.5144,B
H&S SHAMPOO SILKY SMOOTH 650ML X 12,71497.0,74.5471,B
TRUST GREEN DHANIA 500GM,71397.16,74.5799,B
Samyang Cheese 140gm,71174.02,74.6125,B
Bindhyabasini Wonet Cookies,71036.85,74.645,B
LUX W 100g,70764.66,74.6775,B
Samyang Spicyx3 Buldak,70660.04,74.7098,B
LAXMI BHUJIYA 375GM,70557.97,74.7422,B
Dhania 100g,70222.81,74.7744,B
Victory Jeera 1kg,70196.8,74.8065,B
Scrubber 50gm,70096.91,74.8386,B
Jay Ho Chamal 20kg,69998.98,74.8707,B
Dabur RedPaste 175gm Brush Free,69694.01,74.9027,B
Trust Green Kismiss 100gm,69379.37,74.9345,B
Buy6U Vim Anti Smell,69242.4,74.9662,B
Dry Khatto,68863.89,74.9977,B
KELL CHOCO 385GM,68248.0,75.029,B
Chicken Cube 20gm,68041.23,75.0602,B
LAYS INDIAN MAGIC MASALA 42G,67959.06,75.0913,B
Three Buff Sausage 200gm,67712.91,75.1224,B
Odonil Block 48gm Mix,67675.53,75.1534,B
AAHA SOAP 300GM,67295.02,75.1842,B
Real Cranberry 1L,67279.04,75.2151,B
WHISPER CHOICE 6S,67090.97,75.2458,B
COL HERBAL 200GM,66959.01,75.2765,B
Rumpum Rs20,66778.61,75.3071,B
Three Buff Momo 50pcs,66424.9,75.3375,B
LAYS INDIAN MAGIC MASALA 78G,66396.69,75.368,B
Krishma Almond 200g,66107.49,75.3983,B
BAM MIXED VEG SOUP-45gm,66016.33,75.4285,B
KRISHMA KAJU 200GM,65675.66,75.4586,B
KELL OATS 900GM,65640.01,75.4887,B
OREO CHOCOLATE CREAM 50G,65448.08,75.5187,B
LoveBird Vanilla 1l,65358.05,75.5486,B
NAPPY BABY PANTS M50,65343.0,75.5786,B
Krishma Pre Mix&nut 200gm,65340.05,75.6085,B
KRISHMA SEED MIXNUT 500GM,65320.22,75.6385,B
HRP CITRUS 500ML,65146.19,75.6683,B
Vim Bar 150gm,65067.49,75.6981,B
DOVE SHAMPOO 680ML,65064.99,75.7279,B
FRUIT GUMMY BURST PEACH,65015.19,75.7577,B
Hilife Crispy Chiura 450ml,65003.98,75.7875,B
THAKALI LONGGRAIN 5KG,64960.29,75.8173,B
Papercup,64957.98,75.8471,B
Alu Chips 90g,64888.7,75.8768,B
Chicken Pickle 30gm,64872.39,75.9065,B
STEEL MOP ROUND,64797.8,75.9362,B
A TASTE MULTIGRAIN 320GM (NO SUGAR),64643.99,75.9658,B
Gaule Timurko Dana,64254.12,75.9953,B
Captain Oats 800g,63839.99,76.0245,B
PRAN CAN DRINK 250ML MIX,63715.5,76.0537,B
Sagar MarichPowder 100g,63489.93,76.0828,B
NEBICO STAY-FIT SUGARFREE BIS  75G,63389.09,76.1119,B
Hot Pot Noodles,63328.02,76.1409,B
KRISHMA LWANG 50GM,63194.1,76.1699,B
CDM 11GM,62854.96,76.1987,B
Nebico Trekkers Choice,62704.01,76.2274,B
Hukka M Flavour 50g,62248.96,76.2559,B
TOP 75GM,62202.03,76.2844,B
Passion 3 ply 400s 10 Rolls,62100.0,76.3129,B
Cavins Milkshake B. Chocolate,62010.03,76.3413,B
Sarbada Tea 1KG,62010.0,76.3697,B
NAPPY BABY PANTS XL42,61919.0,76.3981,B
LAYS SPANISH TOMATO TANGO 74G,61916.78,76.4265,B
DIVELLA PASTA 500GM,61794.09,76.4548,B
Karmacharya Digestive Sugarfree 500gm (RS250),61680.0,76.4831,B
Sagar ChillyPow 100g,61397.82,76.5112,B
Hulas Basmati 5kg,61355.99,76.5393,B
Golden Oak 375ml,61339.98,76.5674,B
Panas Agarbatti Black,61283.26,76.5955,B
Century Garam Masala 100gm,61209.15,76.6236,B
Swastik Vanaspati Ghee 1l,60950.02,76.6515,B
Dabur Honey 250gm,60462.83,76.6792,B
HORLICKS LITE JAR 450GM,60389.99,76.7069,B
SUNSILK HFS SHAMPOO 625ML,59995.24,76.7344,B
Kundan Soyabean Oil 1L,59849.57,76.7618,B
VIM BAR 75GM,59547.4,76.7891,B
BRT SUGARFREE Digestive 350gm,59474.03,76.8163,B
Bella Vita Gift Perfume Set,59441.05,76.8436,B
MITHO TITAURA RS.75,59426.93,76.8708,B
Trust Jeera 100gm,59397.9,76.898,B
Krishma PaniPuri 800g,58965.03,76.9251,B
Black Rice Soda Crackers Sugarfree,58874.99,76.952,B
SF CreamCrackers 280 gm,58637.48,76.9789,B
Nescafe Classic 96*45g,58581.22,77.0058,B
Dhoni Soap 3pcs 450gm,58391.01,77.0325,B
DOT & KEY TINTED SPF 50+ 50GM,58206.91,77.0592,B
Three Star Hot Dog Buff Sausage 500gm,58048.95,77.0858,B
Surya Fusion (Black),57556.93,77.1122,B
SUNSILK SH Black 325ml,57503.35,77.1385,B
Kar Digestive Sugerfree Rs30,57405.01,77.1648,B
Soaltee Kurilo Noodles,57380.2,77.1911,B
MAGGI TOMATO KETCHUP-485gm,57260.87,77.2174,B
Nes Gold Coffee 50gm jar,57120.0,77.2435,B
HORLICKS CHOCOLATE JAR 500GM,57106.98,77.2697,B
Mittal Masala Tea 200gm,57100.73,77.2959,B
DOVE Shampoo DS 625ml,57059.1,77.322,B
JUBILEE BABY PANTS XL38,57000.0,77.3481,B
HAPPY HAPPY 60GM Rs.20,56936.02,77.3742,B
AER POWER JASMINE FLORAL DELIGHT,56880.1,77.4003,B
GIGGLE AND GLOW PANTS M40,56864.36,77.4264,B
Fererro KinderJoy LEI,56598.03,77.4523,B
GOODLIFE LITCHI DRINK 150ML,56495.93,77.4782,B
MA PO Pants XL52,56420.0,77.504,B
CDM SILK OREO 58.5GM,56391.25,77.5299,B
Amul Pizza Cheese 200gm,56359.97,77.5557,B
COL DENTAL CREAM 200GM,56172.8,77.5815,B
GK FLASH GOLD REFILL 45ml,56155.17,77.6072,B
AER POWER POCKET BERRY RUSH,56067.2,77.6329,B
LYS CITRUS 2ltr,56009.98,77.6585,B
Dabur RedPaste 255gm,55780.0,77.6841,B
Karmacharya Digestive 500gm (RS200),55670.07,77.7096,B
SITA RAM MOZZARELLA CHEESE 450GM,55650.0,77.7351,B
Vim Anti Smell  150gm,55501.36,77.7606,B
NIMBU FRESH 2.25ML,55426.82,77.786,B
AER POWER POCKET TANGY DELIGHT,55257.04,77.8113,B
COL A. SALT 200GM,55184.02,77.8366,B
Century Chowmin Masala 100gm,55101.84,77.8618,B
JONSON SOFT CREAM 200ML (NEW),55034.03,77.887,B
Berrak Spaghetti 500g,54944.15,77.9122,B
Altar 8ml,54706.07,77.9373,B
CoffeeMate Pouch 1kg,54680.0,77.9623,B
AER POWER POCKET LAVENDER BLOOM,54624.25,77.9874,B
Amul Pizza Cheese 1kg,54620.0,78.0124,B
Zit Khaini,54599.22,78.0374,B
DAMI KODO KO BISCUITS RS.20,54485.0,78.0624,B
Safal family Milk,54235.93,78.0873,B
SHAKTI SOYABEAN OIL 1L,54079.56,78.112,B
ROSHI SOYA SAUCE 800GM,54036.65,78.1368,B
Panas Agarbatti(A),53899.14,78.1615,B
AMUL BAR CHO 40G Dark,53790.02,78.1861,B
MAC CAFERITE COFFEE 50GM,53760.02,78.2108,B
KELL MUESIL FRUIT AND NUT 500GM,53759.0,78.2354,B
SUNSILK ONION SHAMPOO 700ML,53679.82,78.26,B
sansar SugarFree  20kg,53650.0,78.2846,B
Trust Green Kismiss 500gm,53461.2,78.3091,B
BOURNVITA 500 JAR,53420.06,78.3336,B
LAYS SPANISH TOMATO TANGO 42G,53413.99,78.3581,B
HAL MOONG DALN -180 gm,53241.06,78.3825,B
Alu Chips 300g,53119.95,78.4068,B
SAIDEEP GOLD TEA 2KG,53104.64,78.4311,B
Saideep Premium Tea 200gm,53070.93,78.4555,B
PANTENE SHAMPOO SILKY SMOOTH CARE 650ML & 12,53059.09,78.4798,B
Nes Gold Coffee 200gm,52503.99,78.5038,B
Milk Cow Candy 350gm,52474.98,78.5279,B
MAGGI H&S KETCHUP 500GM,52275.97,78.5518,B
KRISHMA MARIJ 100GM,52098.87,78.5757,B
Fish Pickle 30gm,52094.07,78.5996,B
Panda 170gm 1 Roll,51954.67,78.6234,B
Tayas Orient Choco 400gm,51893.99,78.6472,B
TODAY WATER 500ML,51845.99,78.6709,B
Cavins Milkshake Strawberry,51749.49,78.6947,B
KELL CHOCO MOON AND STAR 375GM,51239.97,78.7181,B
KELL MUESIL NO SUFGAR 500GM,51200.0,78.7416,B
Patanjali Mustard Oil 1l,51019.99,78.765,B
AIR FRESHNER ATM 70GM,50995.14,78.7883,B
Sarvottam Lito Mix 400gm,50869.93,78.8117,B
Dabur Chyawanprash 1kg,50855.01,78.835,B
Nes Classic Dawn jar 95g,50753.32,78.8582,B
Mong Geda,50670.0,78.8814,B
KRISHMA 3D PAPAD 180GM,50637.4,78.9046,B
PRAN 1L (MIX PIN),50429.09,78.9278,B
Sunfeasty Dark Fantasy 75g,50271.49,78.9508,B
Imperial Ledther Soap 200gm,50156.06,78.9738,B
MacCoffee Pouch 95gm,50120.02,78.9968,B
Century Kashmiri Mirch 100gm,49811.23,79.0196,B
Tide Plus Lemon 4kg+1kg,49348.99,79.0422,B
Sagar Tumeric 100g,49146.82,79.0647,B
MA PO PANTS L54,49135.0,79.0872,B
chhurpi  50gm,49104.13,79.1097,B
Gloripan InsDry Yeast 450gm,49066.0,79.1322,B
H&S Shampoo Cool Menthol 340ml-2in1 70ml,49050.0,79.1547,B
Current BlackPapper Powder 50gm,49019.01,79.1772,B
Laxmi Special Corn Mix 500gm,48997.01,79.1996,B
Til Oil 250ml,48828.12,79.222,B
Mittal Sada Tea 200gm,48822.03,79.2444,B
NEWARI DIAMOND BASMATI 20KG,48750.0,79.2667,B
Trust Till 100gm,48719.61,79.289,B
Britnnia MilkRusk 310g,48669.02,79.3113,B
AER POWER POCKET SEA BREEEZE,48599.95,79.3336,B
Shadow Suncream SPF 50 Cream,48575.11,79.3559,B
Dhoni Herbal Soap 125+25gm,48558.03,79.3781,B
CHOCOFUN POUCH,48479.57,79.4003,B
Sardine Roza 185g,48433.01,79.4225,B
Mittal Masala Tea 1kg,48410.06,79.4447,B
SETO ALOO,48388.97,79.4669,B
CASIO CALCULATOR,48284.51,79.489,B
Jacobs Soda Crackers SF,48240.0,79.5111,B
BRT SUJIRUSH 305GM,48005.98,79.5331,B
Jacobs Soda Crackers MS,47999.0,79.5551,B
Shakti Soyabean Oil 13.5Kg,47989.98,79.5771,B
MA PO PANTS XXL34,47950.0,79.5991,B
Daz Jumbo Natural 400gm,47947.45,79.6211,B
DTT LSR ORG 675ML,47917.94,79.643,B
JP Chenet SweetRed 750ml,47879.96,79.665,B
COL MAXFRESH 150GM,47623.96,79.6868,B
AER POWER POCKET FRESH BLOSSOM,47607.27,79.7086,B
KELL OATS REFILL 400GM,47605.23,79.7304,B
Narayani Ruchee Bread,47438.43,79.7522,B
Sarbada Tea 500gm,47431.79,79.7739,B
SUNSILK P SHAMPOO 625ML,47180.0,79.7955,B
JUBILEE BABY PANTS S42,46980.0,79.817,B
Parachute Coconut Oil 450ml,46869.64,79.8385,B
Nescafe RedCoffee Pouch 40gm,46819.98,79.86,B
Parachute Coconut Oil 175ml,46792.92,79.8814,B
Carlsberg 650ml,46758.0,79.9028,B
Mittal Sada Pouch Tea 500gm,46556.08,79.9242,B
KRISHMA SUPARI 100GM,46553.22,79.9455,B
WHIT RABBIT CREAMY CANDY 180GM,46308.36,79.9667,B
LYS FLORAL 2ltr,46290.02,79.988,B
DTT SOAP SKC 100*4,46282.3,80.0092,B
FRENCH FRIES (900G),46213.02,80.0303,B
NATARAJ GEL,46020.16,80.0514,B
GAULE LOCAL RAJMA,45989.76,80.0725,B
MASMELLOUS 40GM,45900.02,80.0935,B
Victory Chilly Powder 500gm,45889.99,80.1146,B
LAXMI SADA BADAM 300GM,45779.95,80.1355,B
Cavins Milkshake Vanilla,45692.06,80.1565,B
DTT SOAP ORG 150GM,45653.04,80.1774,B
Hilife Museli F&N 700gm,45633.56,80.1983,B
Karmacharya Digestive 300gm (RS100),45600.0,80.2192,B
CDM SILK PLAIN 55GM,45490.0,80.2401,B
SugarFree Gold 500Tab,45243.0,80.2608,B
CP EGG SHAMPOO 625ML,45149.96,80.2815,B
Surya Phynel 1l Lemon,45079.14,80.3021,B
MAC COFFEE 400GM BOX FREE MUG,44999.89,80.3228,B
GIGGLE AND GLOW PANTS XXL38,44999.0,80.3434,B
COPY RS.100,44911.09,80.364,B
EXO BAR 300GM,44831.11,80.3845,B
HAL MOONG  DAL-360gm,44753.95,80.405,B
Berlino Spaghetti 400gm,44713.06,80.4255,B
Xtraa Plus (4pcs) 750gm,44580.02,80.4459,B
ZOOM HERBAL SOAP,44483.89,80.4663,B
Gaule Masang 1kg,44458.96,80.4867,B
Century Panipuri 350gm,44439.76,80.5071,B
Nabshree Papad 100gm,44428.13,80.5274,B
MUSTANG GOLD 180ML,44410.49,80.5478,B
OK Agarbatti,44392.61,80.5681,B
SUNSILK ONION SHAMPOO 360ML,44229.98,80.5884,B
Appy 200ml,44162.8,80.6086,B
KELL CHOCO DUET 375GM,44099.99,80.6288,B
SUNSILK SH HFS 325ML,44000.01,80.649,B
PRINGLES ORIGINAL 42GM,43938.05,80.6691,B
PANTENE SHAMPOO HAIRFALL CONTROL 650ML X12,43820.04,80.6892,B
krishma okhar 500gm,43793.17,80.7093,B
LoveBird 21Love 1l,43498.93,80.7292,B
BAKELAND AATA BIS,43393.08,80.7491,B
M&S Peanut 45gm,43248.0,80.7689,B
Umga Mix Bhuteko Makai 500gm,43179.85,80.7887,B
Close Up Red 150g,43063.01,80.8084,B
GIGGLE AND GLOW PANTS XL38,42900.0,80.8281,B
LOCAL MASSOR DAL,42838.01,80.8477,B
DW Gloves Long Rub,42800.96,80.8674,B
GAULE KWATI 1KG,42795.99,80.887,B
Current MoMo Masala 100gm,42693.47,80.9065,B
Manang Sahi Pulalu 1kg,42679.82,80.9261,B
Mac 25gm Pouch Coffee,42636.01,80.9456,B
H&S SHAMPOO ANTIHAIRFALL 340ML,42580.09,80.9651,B
JONIOR HORLICKS JAR 500GM,42569.0,80.9846,B
TOILET ROLL 140GM 3PLY,42508.99,81.0041,B
TOKLA GOLD 200GM,42476.55,81.0236,B
NESTLE CEREGROW BIB 300GM,42431.96,81.043,B
Henko Matic Front Load 2kg,42320.0,81.0624,B
H&S Shampoo Smooth&Silky 340ml,42247.0,81.0818,B
Sagar Sabji Masala 160g,42210.2,81.1011,B
Buddha Dhup,42141.16,81.1204,B
Sagar Beshan 200g,42021.92,81.1397,B
LYS LAVENDER 975ML,41935.01,81.1589,B
TIDE LIQUID MATIC POUCH 1LTR,41900.39,81.1781,B
Aagan Mix Sweet 500gm,41894.0,81.1973,B
Sunbean Sunflower Oil 2ltr,41775.0,81.2165,B
DOVE SHAMPOO HFR 625ML,41760.0,81.2356,B
The Himalayan Reserve 750ml,41749.01,81.2547,B
JW RedLabel 100cl,41708.99,81.2738,B
Lovebird Kulfi,41650.06,81.2929,B
Century Meat Masala 100gm,41574.14,81.312,B
VICTORY METHI 500GM,41572.21,81.331,B
Liril 36X300gm 4p,41531.77,81.3501,B
Kanchenjunga Agarbattii,41486.84,81.3691,B
7O CLOCK PII 5S,41419.99,81.3881,B
Century Chat Masala 100gm,41352.11,81.407,B
XTRAA LEMON LS 200*24,41351.01,81.426,B
Krishma Pre Mix&nut 100gm,41280.0,81.4449,B
Kar Crunch Milk Cream Wafer,41224.03,81.4638,B
Current H&S Sticks 80g,41147.97,81.4826,B
TWIX 50GM,41088.08,81.5015,B
P Honey 500gm,41085.0,81.5203,B
OM Muesli 500gm,41034.31,81.5391,B
Century ChickenMasala 100gm,40951.93,81.5579,B
Smriti Dalmot 350GM,40811.86,81.5766,B
MC CORN FRENCH FRIES 1KG,40783.99,81.5953,B
Somersby 250ml,40545.03,81.6138,B
KRISHMA PISTA 100GM,40544.99,81.6324,B
Sansar Sugarfree 5kg,40499.0,81.651,B
BARAHI BROWN BREAD (400GM),40476.5,81.6695,B
GARBAGE BAGS 80X110CM,40464.06,81.6881,B
Real Mango 1L,40434.17,81.7066,B
Hilife Instant Oats 800gm,40425.04,81.7251,B
Real Guava 1L,40310.0,81.7436,B
CARLSBERG 500ML,40278.06,81.762,B
Family Sunflower 1l,40267.0,81.7805,B
DOVE Shampoo IRP 325ml,40171.74,81.7989,B
DTT LSR SEN 675ml,40102.93,81.8173,B
EXO DISHWASH 750ML LIME,40052.95,81.8356,B
CERL STA5GRA&FRTPOSHAN300G,40046.0,81.854,B
NongShim Kimchi,39903.0,81.8723,B
GYAN BASMATI LONGGRAIN 5KG,39709.99,81.8905,B
BLACK KITCHEN RUMAL,39641.15,81.9086,B
Nes All in 1 sac 10,39572.48,81.9268,B
7 Starsurf 1kg,39502.22,81.9449,B
Krishma Chokda 200g,39474.2,81.963,B
Sarbada Tea 200gm,39467.1,81.9811,B
Cet MC 80gm,39430.0,81.9991,B
Brt Milk Bikis 25g,39423.05,82.0172,B
Hilife Choco Moon & Star 450g,39375.05,82.0352,B
Disposable Lighter Rs.20,39288.05,82.0532,B
Ratna Pustakari 200gm,39260.0,82.0712,B
TRUST SUKMEL 100GM,39250.0,82.0892,B
Hilife Chiya Seeds 350g,39130.0,82.1072,B
Cet GSC 125ml,39080.77,82.1251,B
CERL STA3 WHERIMXDFRT300G,39070.0,82.143,B
Rasilo Candy,39056.02,82.1609,B
UMBRELLA FOLD 5001/5002,39041.99,82.1788,B
DPN 200gm Square 4pcs,39019.17,82.1966,B
COPY RS.150,38982.05,82.2145,B
Current CheeseBalls 60g,38945.01,82.2323,B
Celebs Peanut Butter 1kg,38918.0,82.2502,B
Jomsom Timur Pickle,38867.39,82.268,B
LAXMI MOONG 300GM,38850.0,82.2858,B
HORLICKS CLASSIC MALT JAR 200GM,38838.47,82.3036,B
LYS FLORAL 975ml,38807.03,82.3214,B
SAFFOLA GOLD 5L,38800.0,82.3392,B
current cheese&butter noodles,38682.09,82.3569,B
CERELAC STA4 MU&FRT300G,38669.0,82.3746,B
TIDE PLUS JASMINE & ROSE 2KG,38637.06,82.3923,B
PANTENE SHAMPOO SILKY SMOOTH CARE 340ML & 30,38624.0,82.41,B
PAICHO MIX JAAM  (500gm),38609.99,82.4277,B
Mittal Sada Pouch Tea 1kg,38537.99,82.4454,B
lovebird choconutty,38400.07,82.463,B
BIG FUN POUCH,38400.06,82.4806,B
Wowper Baby Pants XL56pcs,38400.0,82.4982,B
STAYFREE ALLNIGHT 7P,38359.98,82.5157,B
Current Mix Masala 500gm,38345.7,82.5333,B
Badam,38280.01,82.5509,B
Dabur Chyawanparash 500gm,38270.0,82.5684,B
Sagarmatha Tomato Puree 850gm,38239.97,82.5859,B
Corn Flour 1 kg,38210.87,82.6034,B
Krishma Dhumri 180gm,38183.52,82.6209,B
TRUST METHI 100GM,38148.15,82.6384,B
DTT LSR SKC 675ML,38078.0,82.6559,B
Krishma Chokda 400g,38076.19,82.6733,B
Laxmi Roasted Chana 375gm,37937.22,82.6907,B
Sunday Dishwash King Scrub 4pcs,37896.97,82.7081,B
Current KashmiriMirch 100gm,37869.07,82.7254,B
JW RedLabel 75cl,37800.0,82.7427,B
Real Pineapple 1L,37779.08,82.76,B
KELL CHOCO 110GM,37747.99,82.7773,B
VITARICHE GLOSS HAIR SERUM 100ML,37729.01,82.7946,B
CHB WAX BLACK 40GM,37654.23,82.8119,B
Current 3X Spicy Chk Noodles,37527.28,82.8291,B
LYS CITRUS 500ML,37486.0,82.8463,B
Chhurpi 500gm,37485.0,82.8634,B
AAHA DETERGENT POWDER 900GM,37468.03,82.8806,B
KRISHMA TILL 100GM,37467.17,82.8978,B
CDM SILK F&N 51GM,37399.0,82.9149,B
MatchStick Rs5,37389.56,82.9321,B
HAL ALOO BHUJIYA -200gm,37386.26,82.9492,B
BAN SILAM 500GM,37378.06,82.9663,B
CERL STA1 WHEAPP 300GM,37324.83,82.9834,B
Orion Orice,37290.01,83.0005,B
Orion Strawberry Chocopie,37289.09,83.0176,B
PANTENE SHAMPOO HAIRFALL CONTROL 340ML,37188.95,83.0346,B
Sensodyne Paste(G)150g,37150.0,83.0517,B
BRT MARI GOLD 75GM RS.20,37058.01,83.0687,B
MA PO PANTS M56,36990.0,83.0856,B
TRUST BREADCRUMB 1KG,36900.99,83.1025,B
DTT SOAP ORG 100G,36895.11,83.1194,B
DEVILS NOODLES RS.45,36800.33,83.1363,B
Melody 195.5gm,36800.0,83.1531,B
DTT SOAP COOL 150*5GM,36748.0,83.17,B
HRP BLEACH 500ML,36719.08,83.1868,B
Mixed Fruit Jelly 330gm,36647.01,83.2036,B
CP EGG SHAMPOO 325ML,36600.0,83.2204,B
Pashupati Papad,36516.27,83.2371,B
JW BlackLabel 12y 75cl,36500.0,83.2538,B
COL CIB FLORIDE 175GM,36451.04,83.2705,B
PEP WHITENING 150G,36448.96,83.2873,B
Tide Plus Lemon & Mint 2kg,36336.0,83.3039,B
NESCAFE GOLD 190GM,36335.0,83.3206,B
LACTOGEN 4 400G,36316.0,83.3372,B
Vaseline Jelly 100ml,36299.0,83.3538,B
COL SWORNA BEDSAKTI 200GM,36249.65,83.3704,B
KELL MUESLI F n N 750GM,36109.99,83.387,B
THAKALI LONGGRAIN 1KG,36090.28,83.4035,B
BRT Digestive  Org 500gm,36014.13,83.42,B
2Pm Cheeseball White,35999.05,83.4365,B
VICTORY METHI 100GM,35991.26,83.453,B
Shikhar Steam Noodles 200g,35956.48,83.4695,B
Victory Coriander Powder 500gm,35922.49,83.486,B
Captain Oats 1kg Jar,35919.0,83.5024,B
Victory Jeera 200g,35876.64,83.5189,B
HAZELNUT CREAM W/ COCOA,35860.04,83.5353,B
SPICE RUM 750ML,35850.0,83.5517,B
Passion 240s 3ply 2 Roll,35740.35,83.5681,B
PHAPAR SEEDS 1kg,35689.16,83.5845,B
EVORA TOILET PAPER 140GM,35678.76,83.6008,B
TULSI SLIVER POUCH 8/10,35643.01,83.6171,B
Shadow Suncream SPF 50 Gel,35590.0,83.6335,B
KRISHMA JEERA 200GM,35415.79,83.6497,B
CDM SILK OREO 124GM,35390.0,83.6659,B
MEIZAN SUNF OIL 2L JAR,35354.99,83.6821,B
Choco Pie Black,35285.32,83.6983,B
Hilife Choco Plus 450g,35242.95,83.7144,B
Kala Patthar 750ml,35149.98,83.7305,B
LACTOGEN 3 400G,35132.22,83.7466,B
Plastic Spoon & Fork,35100.16,83.7627,B
Saffola Natural Oats 400g,34966.0,83.7787,B
Captain Oats 500g,34874.0,83.7947,B
DTT ASL 1LTR,34858.91,83.8107,B
OYSTER SAUCE 4.5LTR,34844.79,83.8267,B
Mac Coffee Gold Jar 100gm,34794.99,83.8426,B
KELL MUESLI FRIUT AND NUTS 1KG,34750.01,83.8585,B
Century MixMasala 175gm,34575.44,83.8744,B
LB RED 100GMX4,34558.06,83.8902,B
Nabshree Papad 150gm,34493.55,83.906,B
PARLE H&S BOURBON 60GM,34444.55,83.9218,B
DOVE HC HAIRFALL 320ML,34386.64,83.9376,B
Ruslan Pre Vodka 750ml,34350.25,83.9533,B
Parachute Coconut Oil 90ml,34305.91,83.969,B
Britaninna Suji Rusk 235gm,34293.67,83.9847,B
GILLETTE VECTOR PLUS CARD 4S,34250.0,84.0004,B
WellBell Mix Fruit Museli 800gm,34240.42,84.0161,B
Laxmi Special Bhujiya 400gm,34239.01,84.0318,B
Current Chicken Masala 100gm,34234.84,84.0475,B
GOURMET VIENNA BUFF REGULAR 500GM,34099.83,84.0631,B
Shidhibinayak Fruit & Nuts Bis,34053.12,84.0787,B
Weifield Baking Powder 400gm,34040.04,84.0943,B
BRT SUGARFREE Digestive 200gnm,34040.01,84.1099,B
Nebico Thinarot 25g,34031.59,84.1255,B
SUGAR POWDER 500GM,34019.03,84.1411,B
HORLICKS CLASSIC MALT JAR 2KG,33925.0,84.1567,B
Mr Muscle Glass Cleaner 500ml,33915.63,84.1722,B
Sagar Chamal Pitho 1kg,33905.83,84.1878,B
Storia Coconut Water 750ml,33840.0,84.2033,B
Mittal Masala Tea 500gm,33836.07,84.2188,B
Rara Mix Masala 400gm,33810.05,84.2343,B
Rasna Orange 400gm,33796.98,84.2498,B
AMUL BAR CHO 40G FRUIT,33783.1,84.2652,B
DOVE INT Repair 625ml,33765.0,84.2807,B
MEIZAN CORN OIL 2L JAR,33759.91,84.2962,B
Signature Whisky 180ml,33698.26,84.3116,B
Hilife White Oats Pouch 800gm,33600.04,84.327,B
PRINGLES SAUCY BBQ 102GM,33584.0,84.3424,B
Nebico Khaja Biscuit 25g,33552.12,84.3578,B
A TASTE MULTIGRAIN 320GM (REGULAR),33360.38,84.3731,B
Brt 50-50 Sweet & Salty 25g,33358.02,84.3884,B
BAGRRYS WHITE OATS 1.5KG,33355.02,84.4036,B
GOURMET VIENNA CHI HOT DOG 400GM,33200.0,84.4189,B
STAYFREE ALLNIGHT 14P,33149.0,84.434,B
Himalayen Dragon 500 650ml,33132.9,84.4492,B
KRISHMA SEED MIXNUT 250GM,33119.86,84.4644,B
FIVE STAR 18GM,33082.45,84.4796,B
SUNSILK ROSEMARY SHAMPOO 360ML,33082.08,84.4947,B
Century Tea Masala 50gm,33075.44,84.5099,B
XTRAA SOAP 200*24,33064.99,84.525,B
HAJMOLA PUDINA BOTTLE 120 TAB,33018.04,84.5402,B
BAGRRYS WHITE OATS 500GM,32950.02,84.5553,B
Swastik Soyabean Oil 500ml,32914.0,84.5704,B
Passion 240s 3ply,32885.94,84.5854,B
Saano Kerau,32837.99,84.6005,B
Saffola Gold 2l,32750.0,84.6155,B
LYS CITRUSH 5LTR,32749.89,84.6305,B
M&S Chocolate 45gm,32730.03,84.6455,B
DTT ASL REG 550ML,32729.78,84.6605,B
GARBAGE BAGS 60X80CM,32625.0,84.6754,B
Trust Garam Masala 150gm,32588.91,84.6904,B
TRUST SOFF 500GM,32580.02,84.7053,B
KRISHMA LWANG 25GM,32519.97,84.7202,B
PLASTIC BAG No.6,32438.68,84.7351,B
Hal Panjabi Tadka 200g,32400.01,84.7499,B
Sagar Sabji Masala 80g,32355.01,84.7647,B
TRUST PISTA 500GM,32261.55,84.7795,B
MA PO Pants L34,32256.0,84.7943,B
RAINCOAT SET,32253.89,84.8091,B
BARAHI WHITE BREAD (400GM),32225.01,84.8239,B
Krishma Chiya Seeds 200gm,32221.59,84.8386,B
Cavins Milkshake B. Coffee,32219.04,84.8534,B
FUSION CARD 4S,32169.0,84.8681,B
PAICHO MIX PICKLE (400gm),32108.79,84.8828,B
DTT LHW ORG 200ML +DLS175ML,32071.72,84.8975,B
MITHO TITAURA RS.145,32044.04,84.9122,B
Chakku,32034.39,84.9269,B
HILIFE PUMPKIN SEEDS 350GM,31980.0,84.9416,B
DTT LHW SEN 175MLB2G1,31970.0,84.9562,B
SensodyneBrush(b2g1),31948.27,84.9709,B
CERL STA2 WHEAPPCHRY300G,31864.2,84.9855,B
VIM LIQUID Y 1L,31790.01,85.0,B
Mac Coffee Gold Jar 200gm,31770.01,85.0146,B
Nes Red Cup 360gm,31734.99,85.0291,B
Krishma Makhana 70gm,31729.99,85.0437,B
KELL CF 250GM,31729.0,85.0582,B
Century Kurkure Rs 50,31697.02,85.0727,B
P Honey 1Kg CP FW,31599.01,85.0872,B
VIM LIQUID Y 500ML,31557.04,85.1017,B
LOTTE FUSEN GUM STRAWBERRY,31497.97,85.1161,B
KOOL COCO 320ML,31439.95,85.1305,B
MacCereal 20 sachets,31355.0,85.1449,B
Hilife Crispy Chiura 1kg,31267.11,85.1592,B
Hugs Oats Choco,31193.06,85.1735,B
DTT SOAP COOL 100G*4,31188.97,85.1878,B
Acnes Vitamin Cleanser 100g,31140.0,85.2021,B
CDM SILY BUBBLY 112GM,31140.0,85.2163,B
SITA RAM GHEE 1KG JAR,30960.0,85.2305,B
H&S SHAMPOO COOL MENTHOL 340ML X 30,30944.0,85.2447,B
Brt Treat Choco 50gm,30923.01,85.2589,B
CET GSC250ML,30889.99,85.273,B
Virgin 750ml,30850.0,85.2872,B
BM Apple Sweet Wine 4Ltr,30840.17,85.3013,B
Gaule Roll Mix Dal 1kg,30825.03,85.3154,B
Laxmi Sada Chiura 400g,30774.34,85.3295,B
Pilot Filter,30752.72,85.3436,B
COKE FANTA SPRITE 1ltr,30745.0,85.3577,B
EXO DISHWASH 750ML LEMON,30728.02,85.3718,B
MELODY POP STRAWBERRY,30717.03,85.3859,B
Cheese Popcorn 120g,30698.06,85.3999,B
ORIENT GARDEN BBQ 510ML,30630.06,85.414,B
FLIPTOP PPM WAVE,30580.51,85.428,B
Sensodyne Paste(M)150g,30480.09,85.442,B
DIVELLA SPAGHETTI 500GM,30461.99,85.4559,B
Dole Choco 900gm,30454.0,85.4699,B
HRP BLEACH 1LTR,30414.03,85.4838,B
Three Star Chi Momo 20pcs,30358.96,85.4977,B
BBQ Jelly Stick,30318.21,85.5116,B
OM Porridge 500gm,30238.95,85.5255,B
Trust Mix & Nut 300gm,30194.99,85.5393,B
Glucon D Reg 450gm,30098.54,85.5531,B
Cet ML 100ml,30070.0,85.5669,B
ABTT Similac Mt Stage 1 400gm,30045.0,85.5807,B
STAYFREE ALLNIGHT 28P,30035.0,85.5944,B
Nuts Crisp 250g,29970.0,85.6082,B
Berlino Macaroni 900gm Mix,29968.0,85.6219,B
Century Chilly Tomato Sauce 500gm,29957.05,85.6356,B
Narayani Special Bread (Small),29817.82,85.6493,B
KRISHMA SOFF 100GM,29697.65,85.6629,B
Henko 500g,29665.0,85.6765,B
KRISHMA JEERA 50GM,29638.82,85.6901,B
Surf Excel Q/Wash 16x1kg,29601.96,85.7036,B
Hilife Chiya Seeds 200g,29588.0,85.7172,B
GARBAGE BAGS 45X55CM,29575.05,85.7308,B
CDM SILK RA 58GM,29559.0,85.7443,B
RICO JELLY,29540.0,85.7578,B
Melland Candy 300gm,29519.94,85.7714,B
Lakhamari 500gm,29517.45,85.7849,B
RAMRO ROYALE CAKE MIX,29512.37,85.7984,B
MAMAEARTH FW 100ML,29450.59,85.8119,B
Surya Phynel 1l Hygienic,29443.98,85.8254,B
MAC COFFEE GOLD 150GM BOX,29400.01,85.8389,B
Mac Coffee Gold Jar 50gm,29370.0,85.8523,B
MAGGI-TOMATO KETCHUP-190gm,29316.96,85.8658,B
Gaule Kalo Bhatta 1kg,29280.01,85.8792,B
Century Oats 1kg,29280.0,85.8926,B
lovebird chocobar,29260.02,85.906,B
POOJA SOAP,29221.5,85.9194,B
OldDurbar Black 375ml,29199.98,85.9328,B
DTT SOAP SKC 150*4,29036.99,85.9461,B
Current Achari Sticks 80gm,28997.32,85.9594,B
Rio P 200ml,28972.86,85.9727,B
Koseli Mustard Oil 1ltrs Bottle,28879.05,85.9859,B
COMET FRONT LOAD DETERGENT 4.5KG,28877.96,85.9991,B
Dole Choco 400gm,28814.89,86.0123,B
NongShim Vegiee Ramyun 112g,28809.97,86.0255,B
TRUST DALCHINI 100GM,28645.05,86.0387,B
BRT Treat Van 50g,28618.0,86.0518,B
Cet OSC 125ml,28615.0,86.0649,B
HAL ALL IN ONE 360GM,28599.0,86.078,B
LYS LAVENDER 2LTR,28590.0,86.0911,B
Softy Panty Line 180mm,28542.06,86.1042,B
KELL MILLET MUESIL MULTIGRAIN 400GM,28440.0,86.1172,B
WHIT RABBIT CREAMY CANDY 108GM,28435.0,86.1302,B
KELL CF ALMOND 300GM,28399.98,86.1433,B
GK FlashGold Combo 45ml,28313.77,86.1562,B
ORION SNOW DAZZLE PIE,28248.98,86.1692,B
FRENCH FRIES 500G,28245.68,86.1821,B
GOURMET VIENNA CHI FRANK FORTER 250GM,28240.02,86.1951,B
DPN 200gm,28234.93,86.208,B
MA Po Pants S46,28224.0,86.2209,B
Nuts Crisp 400gm,28220.15,86.2339,B
SORAY CHO 900GM,28215.06,86.2468,B
Cavins Milkshake B Scotch,28170.0,86.2597,B
WellBell Mix Fruit Museli 500gm,28150.0,86.2726,B
DTT KITCHEN GEL LMN 750ML,28139.97,86.2855,B
VIM TUB 500GM,28095.03,86.2984,B
Century Tomato Ketchup 500gm,28077.93,86.3112,B
LoveBird CreamyVanilla 500ml,28058.0,86.3241,B
Rinna 80gm Pudding,28019.97,86.3369,B
Raahat Dhup,27951.01,86.3498,B
HELLO ROYAL BASMATI 20KG,27906.92,86.3625,B
BAYGON MAX CIK 625ML,27860.02,86.3753,B
Patanjali Superior Det Powder 1kg,27830.87,86.3881,B
EXO DISHWASH 2LTR LEMON,27817.48,86.4008,B
Hilife Museli F&N 350gm,27805.0,86.4136,B
MacCoffee 400gm Box,27800.0,86.4263,B
CURRENT MEAT MASALA 100GM,27719.98,86.439,B
TRUST LWANG 50GM,27679.99,86.4517,B
Gaule Kwati Roll 1kg,27655.29,86.4644,B
Century Oats 500gm,27655.15,86.477,B
Century Sabji Masala 100gm,27610.4,86.4897,B
DOMS FUSION PENCILS,27594.79,86.5023,B
Vaseline 50ml,27589.96,86.515,B
Krishma Chiya Seeds 500gm,27550.0,86.5276,B
KWIKS GOURMET CREMON CHIPS,27525.77,86.5402,B
Imperial Ledther Soap 115gm,27499.05,86.5528,B
Pran Potato Biscuit,27473.26,86.5654,B
MOHI 500ML,27467.02,86.578,B
HAL ALOO BHUJIYA -400gm,27384.94,86.5905,B
PURE BOX TISSUE SINGLE PCS,27305.97,86.6031,B
LAXMI DALMOTH 290GM PIRO,27294.21,86.6156,B
DTT SOAP ORG 100*5GM,27235.18,86.628,B
MA PO Pants M40,27213.0,86.6405,B
MA PO PANTS XXL24,27161.0,86.653,B
Women Horlicks Jar 500gm,27109.0,86.6654,B
Nong Shim Chapagetti  140gm,26859.0,86.6777,B
COPY RS. 80,26820.44,86.69,B
Mars Single 51gm,26809.92,86.7023,B
WAI WAI QUICK H&S RS.45,26756.01,86.7145,B
LoveBird Wavy 120ml,26599.73,86.7267,B
Current Mix Masala 200gm,26562.0,86.7389,B
TASTY TOMATO KETCH UP 650ML,26520.13,86.751,B
NEBICO CHIURA 700GM,26502.39,86.7632,B
CDM SILK F&N 137GM,26490.0,86.7753,B
PADELUX GOODNIGHT 8PADS,26408.05,86.7874,B
PEP Agni 170*2,26400.01,86.7995,B
MacCoffee OrgJar 200,26400.0,86.8116,B
LYS FLORAL 500ml,26399.75,86.8237,B
GUSTORA SPAGHATTI 500GM,26396.67,86.8358,B
SAFAL PLAIN DAHI 500ML,26345.55,86.8479,B
Henko Top Load 6kg,26340.0,86.86,B
Rice Stick 500g,26315.0,86.872,B
Till Oil 1.8ml,26240.0,86.884,B
BAGRRYS WHITE OATS 1KG,26180.0,86.896,B
TRUST LWANG+SUKMEL 50GM,26078.97,86.908,B
KRISHMA MARGELO 100GM,26045.2,86.9199,B
Celebs Peanut Butter Cho 340gm,26025.03,86.9319,B
MAMAEARTH MOISTURIZER 100ML,25989.99,86.9438,B
MA PO PANTS L44,25949.0,86.9557,B
CDM SILK BUBBY 46GM,25840.03,86.9675,B
Krishma Mixnut S.P 200gm,25820.0,86.9793,B
Sensodyne Paste White 70g,25744.98,86.9911,B
VASELINE LOTION 400ML,25725.0,87.0029,B
Henko Font Load Liquid 1L,25723.12,87.0147,B
TRUST PAPAD,25573.97,87.0264,B
Battisa Chamal Pitho 1kg,25559.95,87.0381,B
Mcv DigMiniPoly 22.1g,25535.82,87.0498,B
Nestle Munch Rs 40,25513.48,87.0615,B
PEARS SOAP 125GM,25490.0,87.0732,B
GOURMET VIENNA FISH SAUSAGE 400GM,25460.07,87.0849,B
COL HERBAL 100GM,25457.98,87.0966,B
Leaf Drop Sunflower 2Ltr Bottle,25437.0,87.1082,B
Umga Bhuteko Makai 500gm,25339.11,87.1198,B
ARIEL FRONT LOAD 2KG,25320.0,87.1314,B
RAINCOAT SINGLE,25301.72,87.143,B
PRAN LITCHI DRINKS 125ML,25298.01,87.1546,B
Hukka Coal,25292.0,87.1662,B
Ferrero Neuttela Spread 350gm,25280.01,87.1778,B
Vat69 100cl,25273.0,87.1894,B
DOMS X1 PENCILS,25256.77,87.2009,B
H&S SHAMPOO COOL MENTHOL 180ML,25224.0,87.2125,B
MacCoffee Org Jar 100gm,25200.0,87.2241,B
Captain Oats 500g Jar,25198.98,87.2356,B
P Dishwash Gel 2Ltr,25171.79,87.2471,B
PRINGLES HOT & SPICY 102GM,25158.74,87.2587,B
SELSUN ANTI DANDRUFF 100ML,25143.48,87.2702,B
KELL OATS REFILL 1.5kg,25120.0,87.2817,B
Signature Premier 750ml,25110.0,87.2932,B
BRT SUJIRUSK 170GM,25098.97,87.3047,B
COTTON BUDS 200PCS,25000.04,87.3162,B
Hilife Museli F&N 400g,25000.0,87.3276,B
Wowper Baby Pants L62pcs,24998.37,87.3391,B
PAICHO TOMATO KETCHUP 500G,24983.52,87.3505,B
PRAN 1L POME,24968.32,87.362,B
Saffola Natural Oats 900g,24960.0,87.3734,B
PRINGLES CheesyCheese 102g,24928.0,87.3848,B
DDC PANNER 200GM,24902.45,87.3962,B
Strepsils 8p,24877.01,87.4076,B
Taza Milk Bread,24848.99,87.419,B
Mitho Titaura RS.40,24835.21,87.4304,B
Baygon Max CIK 400ml,24830.0,87.4418,B
PROTEKT HANDWASH REFILL 750ML,24789.16,87.4531,B
Melland Mutha Candy 500gm,24780.0,87.4645,B
Dhumra 250gm,24741.91,87.4758,B
KRISHMA JWANO 100GM,24512.11,87.4871,B
Hilife Museli F&N 300gm,24509.0,87.4983,B
Febric Liquid Detergent Pouch 2Ltr,24500.0,87.5095,B
Hilife Choco Plus 200g,24499.03,87.5208,B
DOVE BAR WHITE 100gm,24497.93,87.532,B
Hilife Rolled Oats 800g,24480.82,87.5432,B
KRISHMA JEERA 100GM,24473.42,87.5544,B
More Light 1kg,24457.19,87.5656,B
TIDY ADULT PANTS (M10PCS),24380.0,87.5768,B
HILIFE PUMPKIN SEEDS 200GM,24379.0,87.588,B
DTT LHW ORG 175ML B2G1,24339.55,87.5991,B
RIMJHIM BLACK BALL,24330.1,87.6103,B
Rasna 400gm Pineapple,24288.0,87.6214,B
FLIPTOP WHITE MINT,24267.14,87.6325,B
SOFTY MAXI 320MM,24246.0,87.6436,B
CENTURY CORNFLAKES 1000GM,24200.04,87.6547,B
FPC Foodwrap,24200.01,87.6658,B
SugarFree Gold 300Tab,24170.41,87.6769,B
Krishma Alash 500gm,24105.97,87.6879,B
Orion Orange Chocopie,24070.03,87.699,B
RARA BROKEN NOODLES 450GM,24067.3,87.71,B
FPC FoodColor R/Y 100gm,24055.07,87.721,B
Hilife Choco Plus 120g,24033.09,87.732,B
COL TOTAL ADV 150GM+TBR,23999.0,87.743,B
KRISHMA ALAICHI 50GM,23991.09,87.754,B
UMGA AKABARE TIMUR CHOP 100GM,23970.0,87.765,B
TWO KEYS 750ML,23939.99,87.776,B
JP Chenet SweetWhite 750ml,23855.98,87.7869,B
PADELUX DRY CHOICE XL 10PADS,23839.29,87.7978,B
Nebico Gulcose Biscuit,23789.01,87.8087,B
CLOTH CLIP 24PCS,23743.21,87.8196,B
Aluminium Cont with lid 660ml,23730.03,87.8305,B
MAGGI H&S KETCHUP-200GM,23711.62,87.8414,B
Laxmi Makai Mix 375gm,23624.19,87.8522,B
MA PO PANTS M30.,23573.95,87.863,B
NongShim OnionRing 50g,23559.0,87.8738,B
PEP HERBAL 170G,23496.96,87.8846,B
MC CORN FRENCH FRIES 2.5KG,23460.0,87.8953,B
LYS LAVENDER 500ML,23415.13,87.906,B
Essence Fresh & Soft 600ml,23396.12,87.9168,B
SHAKTI DALDA GHEE 1L,23349.0,87.9275,B
Battisa BireNun 500g,23310.01,87.9381,B
Pooja Dhup,23218.49,87.9488,B
Hilife Cornflakes Original 500g,23202.99,87.9594,B
HAL ALL IN ONE 180GM,23191.51,87.97,B
BAN SILAM 100GM,23157.48,87.9807,B
Krishma Mixnut S.P 100gm,23099.85,87.9912,B
Exo 95gm,23048.83,88.0018,B
Panda 170gm 4 Rolls,23034.99,88.0124,B
Hilife White Oats 950gm Jar,23000.0,88.0229,B
MA PO PANTS XL22,23000.0,88.0334,B
Panda 130gm 10 Rolls,22997.0,88.044,B
Kubindo Sweet,22990.1,88.0545,B
KUGU CHOCOLATE 350GM,22990.0,88.0651,B
SITA RAM PANNER 450GM,22979.83,88.0756,B
Hilife Instant Oats 950gm,22950.0,88.0861,B
AMUL BAR CHO 150G DARK,22945.0,88.0966,B
Dhara Mustard Oil 5l Jar,22900.17,88.1071,B
Gillette Mach3 TurboCart 4,22890.0,88.1176,B
PADELUX DRY CHOICE 10PADS,22883.99,88.1281,B
HAL KHATTA MEETHA 180GM,22871.0,88.1386,B
ANCOR BRUSH COLORFUL,22797.61,88.149,B
Century Blue Cheese Ball,22796.01,88.1595,B
Three Buff Momo 20pcs,22774.05,88.1699,B
NongShim Cup Noodle 68g,22754.99,88.1803,B
LB Care 100gmX4,22727.99,88.1907,B
Well Bell Oats 1kg Jar,22720.35,88.2012,B
Virgin 180ml,22713.04,88.2116,B
Complain Chocolate 500gm Jar,22660.0,88.2219,B
Nes Milky Bar Moosha 38g,22644.51,88.2323,B
Disposable Lighter Rs.15,22634.9,88.2427,B
BERLINO SABUDANA 500GM,22600.11,88.2531,B
PAPAYA SUN SPF 50 120ML,22600.0,88.2634,B
BRT MARIGOLD 250g,22560.01,88.2737,B
Brt Little Hearts 75gm,22551.41,88.2841,B
DOT & KEY SPF 50+ 50GM,22525.0,88.2944,B
Lakhamari 300gm,22475.01,88.3047,B
Centre Fresh Candy,22414.32,88.315,B
Krishma black Chokda 500gm,22410.0,88.3252,B
Shiramla Chamal,22396.1,88.3355,B
GCG Toothbrush,22393.51,88.3458,B
Taza Sweet Bread,22378.01,88.356,B
Lovebird 21Love 500ml,22350.0,88.3663,B
AIRCARE KAPUR 200GM,22348.22,88.3765,B
SORAY CHO 400GM,22275.0,88.3867,B
Nes Milky Bar Moosha,22198.01,88.3969,B
Didan Pineapple Crisp Biscult 476g,22118.0,88.407,B
SUNSILK SH Black 170ml,22099.1,88.4172,B
Henko Matic FL1kg,22049.0,88.4273,B
Century Marij Powder 50gm,22031.79,88.4374,B
Brt Goodday Nuts 200g,21999.01,88.4474,B
Keratin 1000ml,21990.0,88.4575,B
BAN SILAM 200GM,21979.0,88.4676,B
LOTTE FUSEN GUM BLUEBERRY,21941.84,88.4776,B
LAXMI BOKRA BADAM 300GM,21900.0,88.4877,B
Asta Berry Sun 50/100 UV Guard,21899.0,88.4977,B
Dami Crispy Puff,21899.0,88.5077,B
CLEAR AHF SHAMPOO 625ML,21894.98,88.5178,B
Passion 3 ply 240s 10 Rolls,21844.96,88.5278,B
Chatpat Masala 500gm,21823.06,88.5378,B
AirFreshner ATM,21756.44,88.5478,B
AMUL BAR CHO 40G SF,21750.19,88.5577,B
Century Garam Masala 50gm,21743.99,88.5677,B
Century Kashmiri Mirch 50gm,21741.47,88.5777,B
REAL ACTIV MIXED FRUITS 1L,21727.75,88.5876,B
PAICHO TOMATO KETCHUP 200G,21697.99,88.5976,B
330ml Red Bull Energy Drink,21600.02,88.6075,B
Nebico Sugarfree Cracker 300g,21599.0,88.6174,B
Odonil Block 48gm PCS,21542.32,88.6272,B
BRT Digestive Org 250 gm,21489.98,88.6371,B
Vaseline Jelly 250ml,21478.0,88.6469,B
Hilife White Oats Pouch 400g,21420.0,88.6567,B
BRT MARI GOLD 300g,21397.0,88.6665,B
Nivea Soft Cream 100ml,21390.02,88.6763,B
GOURMET VIENNA PORK SAUSAGE 500GM,21320.0,88.6861,B
Mass Geda,21317.45,88.6959,B
Krishma PaniPuri 900g,21298.02,88.7056,B
Softy Panty Line 155mm,21276.02,88.7154,B
Paicho Mango Pickle 400g,21243.61,88.7251,B
Berlino Macaroni 650gm Mix,21208.01,88.7348,B
DAMI KODO BIS SF 200GM,21195.0,88.7446,B
ORANGE BALL CANDY,21192.38,88.7543,B
FIX DA MOISTURIZING 180ML,21148.51,88.764,B
HAL NAVARATNA -180gm,21117.03,88.7736,B
LYS Jasmine 975ml,21112.98,88.7833,B
CHB LIQ BLACK 75ML,21106.94,88.793,B
Ghadi Maida 20kg,21097.0,88.8027,B
2pm NEPALI ACHARI MASTI STIX,21095.48,88.8123,B
Maxell Battery(AA)4B,21084.0,88.822,B
Century Panipuri 175gm,21062.81,88.8316,B
Sensodyne Paste(M)75g,21014.01,88.8413,B
PAICHO HOT AND SWEET (200gm),21010.02,88.8509,B
Sensodyne Paste(G)75g,21004.0,88.8605,B
Trust Cutting Mishri 100g,20969.1,88.8701,B
CC Bites 11p 20hing,20958.71,88.8797,B
COLIN Pump Reg 250ml,20943.0,88.8893,B
DTT ASL PET 250ML,20908.0,88.8989,B
Cet Sun SPF50 50gm,20880.0,88.9085,B
Namkin 280gm,20879.98,88.9181,B
lovebird chocobar Mini,20878.35,88.9276,B
Century MoMo Masala 50gm,20820.0,88.9372,B
Britnnia MilkRusk 620gm,20805.0,88.9467,B
SOFTOUCH PINK 860+210ML,20797.73,88.9562,B
A Chocomini 100gm,20786.84,88.9658,B
DOVE DS HC 320ML,20748.0,88.9753,B
M&MS CRISPY BAR 44GM,20748.0,88.9848,B
STAR FOOD CHI MOMO (3PLATE),20730.03,88.9943,B
PREETI HOT YELLOW CHK RS20,20723.71,89.0038,B
BOOST JAR 500GM,20698.0,89.0132,B
CELLO GEL REFIL,20656.32,89.0227,B
H.P WET TISSUE,20652.43,89.0322,B
Three Star Fish Sausage 400gm,20649.0,89.0416,B
Celebs Peanut Butter 227gm,20644.53,89.0511,B
OldDurbar Black 180ml,20628.02,89.0606,B
TULSI SLIVER POUCH 7/9,20619.21,89.07,B
SAGAR TIMUR KO DANA 50GM,20615.01,89.0795,B
Yonca Sunflower Oil 5L,20600.0,89.0889,B
CC SOUR BELT MF12 57G,20599.98,89.0983,B
Current Turmeric Powder 500gm,20578.99,89.1078,B
Samyang 2x Bulda Chi.Flav Sauce 200g,20570.27,89.1172,B
KRISHMA SUKMEL 200GM,20570.03,89.1266,B
SD Rush BD 180ml,20561.75,89.136,B
Vitariche Gloss Hair Serum 45ml,20560.9,89.1455,B
CP SHAMPOO 325ML,20550.01,89.1549,B
Hilife Choco Plus Vanilla 300g,20514.24,89.1643,B
TOPPER BALL PEN,20471.06,89.1737,B
GAULE RATO BODI 1KG,20465.48,89.183,B
Hilife Instant Oats Jar 450gm,20433.0,89.1924,B
CURRENT Chk H&S NOODLES,20399.0,89.2018,B
Trust Cornflour 500g,20373.78,89.2111,B
DD DONUT CAKE,20344.84,89.2204,B
OCB SLIM,20300.0,89.2297,B
Sensodyne Brush(S),20297.09,89.239,B
KLASSNO GOLD COFFE 100GM,20250.0,89.2483,B
DTT LHW SCK 175 BUY 3,20236.0,89.2576,B
Smriti Sada Dalmot 500GM,20230.09,89.2668,B
Bajaj Hair Oil 190ml,20209.0,89.2761,B
Dove Conditioner 300ml mix,20207.95,89.2854,B
SOFTY BOX TISSUE 200PULL,20157.99,89.2946,B
Hilife Choco Plus 750g Jar,20150.0,89.3038,B
Sensodyne Paste Rapid 80g,20148.13,89.3131,B
KELL CF STRAWBERRY 300GM,20075.0,89.3223,B
COL CHARCOL CLEAN 120GM,20038.0,89.3314,B
Didan Onion Fla. Soda Crackers 450g,19979.99,89.3406,B
Padlock 50mm,19979.0,89.3498,B
SNICKERS 20GM,19898.73,89.3589,B
COL V. WHITE PURPLE 100GM,19880.01,89.368,B
Sensodyne Paste Repair 70g,19865.0,89.3771,B
JUBILEE BABY PANTS NB22,19849.97,89.3862,B
Dove Conditioner 410ml mix,19800.0,89.3953,B
Nes Coffee Mate 450gm,19800.0,89.4043,B
Col TBR Sensitive,19799.7,89.4134,B
Jomsom Garlic Pickle,19797.0,89.4225,B
Jomsom Timur Pickle 500GM,19780.0,89.4315,B
BRIGHT COMPLETE F/W 100gm,19770.07,89.4406,B
Steel Scrubber,19749.83,89.4497,B
Dant Kanti Red 170gm CP,19740.06,89.4587,B
Cet. DAM 100gm,19730.15,89.4677,B
Tide Plus Jasmine & Rose 6kg+2kg,19669.98,89.4768,B
Gellete SuperThin blade,19664.37,89.4858,B
GIGGLE AND GLOW PANTS S40,19644.0,89.4948,B
Hilife Cornflakes SugarFree 500g,19634.0,89.5038,B
COL V. WHITE 100GM,19605.0,89.5128,B
SS Black Shine Conditioner 320ml,19599.99,89.5217,B
UNITED SUKMEL 50GM,19596.99,89.5307,B
FUSE 48GM,19570.01,89.5397,B
GOURMET VIENNA CHI COCKTAIL 500GM,19500.1,89.5486,B
Henko Top Load Liquid 1L,19496.67,89.5576,B
Asta Berry Sun 60/100 UV Guard,19495.7,89.5665,B
PLUM SUN SPF 50++ 50ML,19489.0,89.5754,B
PLASTIC BAG No.3,19466.83,89.5843,B
Ultra Longer AAA2,19454.99,89.5933,B
DLITE CHIYA SEEDS 200GM,19440.05,89.6022,B
Century Chilly Tomato Sauce 200gm,19375.6,89.611,B
COPY RS.50,19268.96,89.6199,B
APPLE 1KG,19262.34,89.6287,B
Bubbles,19255.29,89.6375,B
Samyang Bulda Chi.Flav Sauce 200g,19250.0,89.6463,B
SOFTY BLUE 50/320MM,19218.98,89.6552,B
Battisa SideNoon 500g,19202.0,89.664,B
ARISTOCRAT 40 UP 750ML,19200.0,89.6728,B
MANMOHAN LONGGRAIN 20KG,19200.0,89.6816,B
Wowper Baby Pants M72pcs,19200.0,89.6904,B
HAL KHATTA MEETHA 360GM,19197.96,89.6992,B
MA PO Pants XL40,19180.14,89.7079,B
PADLOCK LONG NECK 50MM,19176.06,89.7167,B
Cet ML 250ml,19170.0,89.7255,B
Hilife White Oats Jar 500gm,19170.0,89.7343,B
NIMBU FRESH 250ML,19131.51,89.7431,B
Hilife Instant Oats 400gm,19110.0,89.7518,B
SWASTHA MUSTARD OIL 1LTR BOTTLE,19108.98,89.7606,B
Ultra AA2,19106.0,89.7693,B
KRISHMA OKHAR GUDI 50GM,19097.99,89.7781,B
Xtraa Detergent Powder 750GM,19093.06,89.7868,B
AMUL ALMOND BAR 35GM,19082.68,89.7956,B
DOVE Shampoo DS 325ml,19059.0,89.8043,B
Close Up Red 150*2,19042.36,89.813,B
THREE CHI.NUGGET 500GM,19039.87,89.8218,B
CLAY,19038.37,89.8305,B
Dant Kanti 200GM,19032.92,89.8392,B
Aluminimum Cont with lid 450ml,19029.99,89.8479,B
PRAN POTATO 75GM,19028.15,89.8567,B
4PCS AIR CARE,19022.99,89.8654,B
Plastic Thali(SK),18989.93,89.8741,B
CNS 3.16-200,18974.99,89.8828,B
DOLLAR SINKA,18947.64,89.8915,B
DTT LHW SKC 200ML + DLS175ML,18905.96,89.9001,B
CLOSEUP RED 80G,18870.04,89.9088,B
Didan Rice Soda Crackers 450g,18870.0,89.9174,B
PaperPlate No.10,18798.56,89.926,B
LoveBird 21Love 90ml,18760.08,89.9346,B
SAHNAII SUJI 500GM,18759.98,89.9432,B
MIX DAL 1KG,18746.99,89.9518,B
TOP 200GM,18659.02,89.9604,B
GILLETTE MACH3 RAZOR,18644.98,89.9689,B
RNR BHUJIYA Rs150,18617.06,89.9774,B
2Pm Lemon Mint Stix,18599.02,89.986,B
SS THICK &LONG 320ML,18549.99,89.9945,B
Keratin 500ml,18539.0,90.003,C
Bonbon Biscuit,18516.88,90.0114,C
J.B OIL 200ML,18490.0,90.0199,C
MICRO FIBER TOWEL 4PCS SET,18478.0,90.0284,C
DTT LHW SEN 200ML + DLS,18440.85,90.0368,C
Gillette Presto 4,18433.19,90.0453,C
Krishma Chiya Seeds 100gm,18431.18,90.0537,C
SPORT VACUUM CUP 750ML (WB),18360.2,90.0621,C
COCO JOY CHOCOLATE JAM 300GM,18359.04,90.0706,C
Battisa Timur Dana 100g,18346.0,90.079,C
Wall Hook 12pcs,18329.01,90.0874,C
Ruslan Pre Vodka 375ml,18320.0,90.0958,C
Trust Gulab Jamun Mix Powder 500gm,18298.5,90.1041,C
PAICHO HOT AND  SWEET (500gm),18275.0,90.1125,C
Celebs Peanut Butter 340gm,18244.99,90.1209,C
Lovebird Butterscotch 1l,18239.93,90.1292,C
BMC MEAT MASALA 25gm,18199.21,90.1376,C
Pre BoxTissue 200S,18199.01,90.1459,C
STAR FOOD VEG MOMO ( PLATE),18176.0,90.1542,C
HELLO ROYAL BASMATI 5KG,18150.12,90.1626,C
KELL MUESIL FRUIT AND NUT 240GM,18150.0,90.1709,C
Signature Whisky 375ml,18125.0,90.1792,C
PANTENE CONDITIONER HAIRFALL 200ML,18092.18,90.1875,C
Lovebird Vanilla 90ml,18060.04,90.1958,C
P Dishwash Gel 500ml,18000.02,90.204,C
BAM MACORONI-675gm,18000.0,90.2123,C
LAXMI KERAU DALMOTH 450GM,17998.06,90.2205,C
Kaju 300gm,17979.0,90.2287,C
Krishma Okhar 250gm,17978.0,90.237,C
KELL MUESIL NUTDELIGHT 500GM,17920.0,90.2452,C
SUNSILK SH PINK 325ML,17919.87,90.2534,C
MOIST ALEOVERA FW 100ML,17902.0,90.2616,C
Sunfeasty Dark Fantasy,17899.01,90.2698,C
AMUL BAR CHO 40G MILK,17894.99,90.278,C
SOFTOUCH BLUE 860+210ML,17877.73,90.2862,C
DOVE SHOWERGEL 550ML,17839.0,90.2944,C
KELL MILLET MUESIL MULTIGRAIN 500GM,17838.0,90.3026,C
PAICHO MIX JAAM  (250gm),17817.25,90.3107,C
NIMKIN 340G,17797.23,90.3189,C
LAXMI CHANA DALMOTH 400GM,17793.98,90.327,C
Hilife Gold Tea 500gm,17780.21,90.3352,C
Samyang Bulda Chi. Rose 140g,17780.0,90.3433,C
Kar Dig Sugarfree Rs.100,17765.0,90.3515,C
Plastic Thali 10 SADA,17764.01,90.3596,C
Whisper Ultra Clean XL6,17762.98,90.3677,C
Didan Okra Soda Cracker 450g,17759.99,90.3759,C
GAJA MITHAI 20PCS,17748.08,90.384,C
Sunbean Corn Oil 5Ltr,17740.0,90.3921,C
SABUDANA 200GM,17730.06,90.4003,C
HANGER MOTO RED BIG,17725.0,90.4084,C
WELLBELL DIET MUSELI 800GM,17700.0,90.4165,C
PLUM NIA TONER 150ML,17680.0,90.4246,C
Febric Liquid Detergent Pouch 1Ltr,17639.0,90.4327,C
Padlock 40mm,17639.0,90.4408,C
DOVE Shampoo HFR 325ml,17630.04,90.4489,C
Panda Kit Towel 220gm 2Roll,17598.98,90.4569,C
WHIT RABBIT CANDY 180GM CHO,17590.0,90.465,C
Trust Makhana 250gm,17589.12,90.473,C
Real Orange 1L,17570.02,90.4811,C
FENA IMPACT 3KG,17550.0,90.4891,C
Cloth Clip Steel,17543.04,90.4972,C
PAICHO SOYA SAUCE 300gm,17540.48,90.5052,C
Berlino Mushroom Soup 45gm,17528.99,90.5132,C
HELLO ROYAL BASMATI 1KG,17500.02,90.5213,C
ECLAIRS Milk Chocolate,17498.97,90.5293,C
Krishma Anjir 100gm,17490.0,90.5373,C
NongShim OnionRing 90g,17490.0,90.5453,C
CP SHAMPOO 170ML,17480.08,90.5533,C
Hilife Rolled Oats Pouch 400gm,17480.0,90.5613,C
AMUL DARK PASSION 15GM,17424.99,90.5693,C
Century MixJam 500gm,17415.01,90.5773,C
PAM DISH KING 1LTR,17398.17,90.5853,C
Orion Chocopie,17358.0,90.5932,C
AMUL BAR CHO 150G FRUIT,17345.0,90.6012,C
Patanjali Detergent Powder 750g,17217.05,90.6091,C
KITKAT 3F 18,17210.01,90.617,C
STAR FOOD BUFF MOMO (5 PLATE),17200.0,90.6248,C
Oren Mango Pie,17160.01,90.6327,C
DLITE SUNFLOWER SEEDS 200GM,17160.0,90.6406,C
COL A. SALT 100GM,17156.11,90.6484,C
LAXMI SADA BADAM 500GM,17149.97,90.6563,C
TRESemme Shampoo 700ml,17100.0,90.6641,C
Milk Treatment 1000ml,17097.99,90.672,C
SPARTAN PANIPURI 150GM,17092.48,90.6798,C
AURA SOAP 100GM,17054.99,90.6876,C
Yonca Corn Oil 2L,17050.0,90.6954,C
Saideep Gold Tea 100gm,17022.49,90.7032,C
DTT KITCHEN GEL LMN 400ML,17015.03,90.711,C
JW DoubleBlack 75cl,16999.96,90.7188,C
Dabur RedPaste 80gm BrushFree,16998.39,90.7266,C
Plastic Thali 10 Big,16993.12,90.7344,C
Adhesive Cartoon Tape 250gm,16987.2,90.7422,C
LoveBird strawberry 90ml,16980.03,90.75,C
Col Toothbrush ZigZag,16973.07,90.7577,C
Didan Banana Crisp Biscuit,16970.0,90.7655,C
Krishma Sutkeri Masala 500gm,16959.0,90.7733,C
MOHI 1LTR,16956.94,90.781,C
TANG ORANGE 500GM,16955.0,90.7888,C
WELLBELL INSTANT OATS 500GM JAR,16940.0,90.7966,C
Tender M50,16920.0,90.8043,C
CDM SILK PLAIN X5 40GM,16919.0,90.8121,C
Wall Hook 6pcs,16901.0,90.8198,C
B.HAIR COLOR STREAX (3.16-BUR) 50ML,16900.0,90.8276,C
kundan sunflower oil 500ml,16893.0,90.8353,C
Rasna 400gm Lemon,16880.0,90.8431,C
CNS 5.32-200,16860.0,90.8508,C
Didan Fresh Milk 480g,16840.0,90.8585,C
Kitkat Tablet Dark 50gm,16829.98,90.8662,C
J.D. 1Ltrs,16800.01,90.8739,C
New Look Cleansing 120ml,16799.99,90.8816,C
PURE NEEM FACEWASH 100ML,16768.0,90.8893,C
Col TBR Gental Enamel B2G2,16739.9,90.897,C
LoveBird ButterScotch 90ml,16701.6,90.9046,C
HIT CHALK-16,16686.62,90.9123,C
DTT KITCHEN GEL LMN 200ML,16672.0,90.9199,C
OATS CRISP,16668.83,90.9275,C
DLITE PUMPKIN SEEDS 200GM,16658.0,90.9352,C
Niv SoftCream 50ml,16649.88,90.9428,C
HAL SOAN PAPADI VEG 200GM,16620.0,90.9504,C
Odonil Block 75gm Mix,16610.0,90.958,C
Kapur 50g,16608.01,90.9656,C
RICE MILK CLEASING,16590.05,90.9733,C
PLUM BRIGHT FW 100ML,16560.0,90.9808,C
MAGGI H&S KETCHUP 1KG,16555.03,90.9884,C
Chatpat Masala 200gm,16531.0,90.996,C
Canvas SweetRed Wine 750ml,16509.85,91.0036,C
BARAHI PANIPURI 400GM,16499.96,91.0111,C
Ponds Pure Detox F 100g,16489.0,91.0187,C
Surf Excel Q/Wash 32x500gm,16469.89,91.0262,C
KARSEELL SHAMPOO 500GM,16405.0,91.0338,C
PEP WHITENING 80G,16397.04,91.0413,C
C & C Foaming FW 100ml,16395.06,91.0488,C
PAPAYA SUN SPF 70 120ML,16390.0,91.0563,C
GUSTORA PASTA 500GM MIX,16335.01,91.0638,C
Hilife Rolled Oats Jar 450g,16320.0,91.0713,C
MOMENTOS BLUEBRRY CHO 210GM,16320.0,91.0787,C
CC SOUR BITES MF 12POU 85.5GM,16300.04,91.0862,C
Dynamic Coconut Bis,16289.69,91.0937,C
KRISHMA SUKMEL+LWANG 50GM,16275.0,91.1011,C
COL KIDS (2-5)40GM,16272.02,91.1086,C
Jordan Toothbrush(Alfa Change Me)Medium,16255.57,91.116,C
1.5 LTR ALEOVERA DRINK,16250.0,91.1235,C
SAFAL JUJU DHAU 500ML,16239.0,91.1309,C
Mixed Fruit Jelly 210gm,16229.0,91.1384,C
Krishma Chokda 100g,16214.05,91.1458,C
Mr White Detergent 1kg,16210.03,91.1532,C
Ghadi Suji 500g,16200.0,91.1606,C
Current Chat Masala 100g,16174.04,91.1681,C
Urja Masoor Dal Small 1kg,16170.0,91.1755,C
LoveBird Chocolate 90ml,16119.94,91.1828,C
Acnes Vitamin Cleanser 50g,16118.99,91.1902,C
Sensodyne Paste Deep 70g,16094.0,91.1976,C
BOURNVLLE RCH COCO,16080.0,91.205,C
Chatpat Masala 100gm,16077.87,91.2123,C
Baby Brush With Paste,16047.0,91.2197,C
Maxwell Battery(AA),16023.99,91.227,C
COMFORT 2LTR,16020.0,91.2344,C
Laxmi Roasted Chana 175gm,15985.4,91.2417,C
Aagan Laddu 500gm,15977.8,91.249,C
Sunday Dishwash Scrub 1pcs,15975.13,91.2564,C
PRAN CRUNCHY WAFER MIX 150GM,15961.89,91.2637,C
HAL BHUJIA PLAN  -360gm,15959.97,91.271,C
ST CHEESE POWDER 130gm,15959.0,91.2783,C
Sunday Dishwash Scrub 3pcs,15956.13,91.2856,C
A TASTE SODA BIS NO SUGAR 270GM,15952.88,91.2929,C
TIDY ADULT PANTS (L10PCS),15950.0,91.3002,C
Orion Coconut Chocopie,15949.01,91.3075,C
Century ChickenMasala 50gm,15918.97,91.3148,C
H&S SHAMPOO ANTIHAIRFALL 180ML,15915.0,91.3221,C
Century Tomato Ketchup 200gm,15895.0,91.3294,C
Hugs Gold Pouch,15840.0,91.3367,C
Tokla Tea Bag 200gm,15839.04,91.3439,C
Aagan Mix Sweet 250gm,15837.0,91.3512,C
FPC FOOD WRAP PLASTIC 300GM,15824.99,91.3584,C
FRUITELLA STRAWBERRY,15795.98,91.3657,C
Livon Sikly Serum 200ml,15782.0,91.3729,C
Henko 4kg,15749.0,91.3801,C
Acnes Creamy Facewash 150gm,15710.0,91.3873,C
J.b Shampoo 500ml,15710.0,91.3945,C
SUNSILK ONION SHAMPOO 190ML,15659.0,91.4017,C
Century MomoMasala 500gm,15640.02,91.4089,C
J.b Shampoo 200ml,15640.0,91.416,C
Nestle Bar One Rs. 20,15640.0,91.4232,C
Victory Turmeric Powder 500gm,15600.0,91.4304,C
DK REPAIR FACEWASH 100ML,15598.89,91.4375,C
Cavins Lassi 180ml,15598.45,91.4446,C
Weifield Peanut Butter Creamy 340gm,15593.86,91.4518,C
MA PO PANTS M48,15570.0,91.4589,C
SAGAR BHANGO 200GM,15550.02,91.4661,C
HAL BHUJIA PLAIN -180gm,15513.0,91.4732,C
ARIEL LIQUID MATIC FL POUCH 1LTR,15500.0,91.4803,C
Current Turmeric Powder 200gm,15490.0,91.4874,C
VASELINE LOTION 200ML,15489.97,91.4945,C
BAKERS CONDENSED MILK 380GM,15480.16,91.5016,C
TULSI SLIVER POUCH 6X8,15459.99,91.5086,C
Aashirbad Wheat Dalia 500g,15450.0,91.5157,C
Kitkat Tablet Dark 150gm,15448.99,91.5228,C
H&S SHAMPOO SMOOTH & SILKY 180ML,15443.0,91.5299,C
HIDE AND SEEK CHOCO 412.5GM,15399.98,91.5369,C
Safal Butter 250gm,15399.98,91.544,C
HILIFE QUINOA SEEDS 400GM,15390.0,91.551,C
Samyang Bulda Chi. Carbo Topaki 185g,15390.0,91.5581,C
DR JK SC PAXMOLY 200ML,15377.81,91.5651,C
GLISTER PEANUT BUTTER 1KG,15360.0,91.5722,C
HAL NAVARATNA -360gm,15360.0,91.5792,C
TRUST LWANG+SUKMEL 100GM,15360.0,91.5863,C
PANTENE CONDITIONER SILKY SMOOTH 200ML,15338.96,91.5933,C
VAS DM 200ML,15334.8,91.6003,C
HIGHLANDER 750ML,15310.0,91.6073,C
COL DENTAL CREAM  100GM,15295.83,91.6143,C
JELLY NATA DE COCO 80GM,15290.01,91.6214,C
BAGRRYS MIXFRUIT MUSELI 500GM,15265.0,91.6283,C
DOVE DS HC 180ML,15259.29,91.6353,C
CAC Hair Oil 150ml,15254.03,91.6423,C
LOTTE XYLITOL 26.10GM MIX BOTTLE,15250.01,91.6493,C
Sardine RozaMasala 185g,15244.5,91.6563,C
BLACK HIT SPRAY 625ml,15194.68,91.6633,C
Shadow Suncream SPF 30 Cream,15166.22,91.6702,C
Nebico Gulcose Rs20,15138.26,91.6772,C
MEIDAN SODA CRACKERS 450GM,15120.0,91.6841,C
CNS 1-200,15105.09,91.691,C
Complain Kesar Badam 500gm Jar,15080.0,91.6979,C
Real Apple 1L,15078.36,91.7048,C
COTTON BUDS PACKETS,15062.2,91.7117,C
KELLS HEART OATS JAR 850GM,15058.0,91.7186,C
Century Penny,15050.0,91.7255,C
M&MS CHOCO BAR 46GM,15045.0,91.7324,C
Fruit Candy,15043.31,91.7393,C
COL SENSETIVE 80GM MEGA,15039.99,91.7462,C
KITKAT 2X3F 18,15037.07,91.7531,C
Exo Round 250g,15030.79,91.76,C
CREAM ROLL (8PCS),15015.0,91.7669,C
No. 5 Long Candle,15000.05,91.7737,C
Daz Soap 200gm,14970.0,91.7806,C
PAPAYA SUN SPF 40 120ML,14955.0,91.7875,C
Ultra AA4,14939.0,91.7943,C
2Pm Onion Ring,14899.96,91.8011,C
DD PINEAPPLE CAKE 100GM,14899.06,91.808,C
Lays Chile Limon 41g,14897.95,91.8148,C
Nivea Soft Cream 200ml,14880.0,91.8216,C
RAKURA GRREN TEA 100TB,14880.0,91.8284,C
Gloves Long Rub,14878.98,91.8352,C
Mac Coffee Org 200gm Box,14860.04,91.8421,C
Bajaj Hair Oil 285ml,14850.0,91.8489,C
HORLICKS CLASSIC MALT REFILL 1KG,14850.0,91.8557,C
H&S Shampoo Smooth & Silky 340ml-2in1 70ml,14850.0,91.8625,C
Tender L36,14850.0,91.8693,C
GOURMET VIENNA BUFF PREMIUM 500GM,14849.0,91.8761,C
Henko Font Load Liquid 2L,14849.0,91.8829,C
MAMAEARTH TONER 150ML,14849.0,91.8897,C
DOVE Shampoo IRP 175ml,14810.0,91.8965,C
SAMYANG HOT RAMYUN CUP,14800.0,91.9033,C
Nong Shm Bigbowl 144g,14789.99,91.91,C
Trust Mix & Nut 150gm,14750.02,91.9168,C
HERB YUTIKA DISWASH 75GM,14737.01,91.9235,C
Slice Cake Fruit 250gm,14719.0,91.9303,C
DHAN BARI JEERA 25KG,14700.0,91.937,C
Dabur Honey 100gm,14694.18,91.9438,C
KRISHMA GUD 100GM,14683.93,91.9505,C
LOLANE CONDITIONER 320 ML,14678.01,91.9572,C
Karmacharya Digestive 150gm (RS50),14670.0,91.9639,C
RASNA 400GM MANGO,14650.0,91.9707,C
Pringles Cheesy Cheese 42gm,14630.0,91.9774,C
TRUST PEANUT 300GM,14619.99,91.9841,C
LWANG/SUKMEL MIX 100GM,14600.0,91.9907,C
Papaya Sun Spf25 120ml,14595.0,91.9974,C
SPORT BOTTLE 800ML H&C,14575.0,92.0041,C
VIM LIQUID Y 250ML,14573.21,92.0108,C
HAL PEANUT SALTED 180GM,14559.98,92.0175,C
EVEREADY BATTERY,14548.04,92.0241,C
PLAYING CARD GOLDEN,14500.06,92.0308,C
Super Nutri Crunchy PB 1KG,14500.0,92.0374,C
Col TBR Sensetive 4 Pack,14443.0,92.044,C
CANARY WINE 750ML,14400.01,92.0506,C
OASIS SPREAD 300GM,14400.0,92.0572,C
SPICE RUM 180ML,14400.0,92.0638,C
SPICE RUM 375ML,14400.0,92.0704,C
UMGA TIMUR CHOP 100GM,14398.0,92.077,C
Ruslan Pre Vodka 180ml,14375.0,92.0836,C
DTT ASL PET 125ML,14359.4,92.0902,C
Century Mix Pickle 400gm,14350.25,92.0968,C
Patanjali Superior Powder 500gm,14341.0,92.1034,C
LOTTE XYLITOL 55GM MINT BOTTLE,14335.06,92.1099,C
BAYGON MAX FIK DN 625ml,14310.0,92.1165,C
BORGES OLIVE OIL 1LTR,14310.0,92.123,C
DOVE STICK 40GM,14306.27,92.1296,C
Century Curry Powder 100gm,14298.26,92.1361,C
Pran Potato Cracker 45gm,14298.01,92.1427,C
Metal Lighter,14297.98,92.1493,C
Well Bell Mix Fruit Museli 300gm,14294.95,92.1558,C
SWASTHA REG MUSTARD OIL 500ML,14279.91,92.1623,C
HIT ANTI ROACH GEL,14259.99,92.1689,C
Yonca Sunflower Oil 2L,14255.0,92.1754,C
Urja Tori Tel 1L,14249.0,92.1819,C
Acnes Vitamin Cleanser 150g,14240.0,92.1885,C
Hilife Cornflakes Original 1100g,14210.0,92.195,C
GEMS SUPRISE 15.8G LITTLE SINGH,14200.01,92.2015,C
LoveBird Lovely 125ml,14197.04,92.208,C
SOFTY ULTRA 15/320MM,14190.0,92.2145,C
SAGAR BHANGO 500GM,14160.0,92.221,C
MA PO Pants XL28,14112.0,92.2275,C
Parle Fab Strawberry 112gm,14102.68,92.2339,C
RICH CREAM NAT.BLACK,14100.03,92.2404,C
PURE NEEM FACEWASH 150ML,14100.0,92.2468,C
Nisha Hair Color,14080.01,92.2533,C
Hilife Chocoplus 1100gm,14079.02,92.2597,C
Hal Moong 1kg,14060.0,92.2662,C
LYS Jasmine 2Ltr,14055.0,92.2726,C
Glucon-D Lime 400gm Jar,14040.0,92.2791,C
DELUXE ASSORFED POUCH,14030.04,92.2855,C
WELL BELL CHOCO CHUNKS 500GM,14000.0,92.2919,C
No. 7 Moto Candle ,13983.79,92.2983,C
C2 KITCHEN CLEANER 425ML,13970.69,92.3047,C
TRUST SABUDANA 500GM,13970.07,92.3111,C
Henko Matic TL 1kg,13950.0,92.3175,C
CINTHOL SOAP 100GM COOL,13948.92,92.3239,C
Umga Roll Mix Dal 1kg,13945.62,92.3303,C
CC belt 10g 48p,13940.89,92.3367,C
GAULE SILAM 200GM,13930.33,92.3431,C
kent trix hazelnut sticks,13920.0,92.3494,C
BOURNVITA 500GM POUCH,13919.75,92.3558,C
SITA RAM BUTTER 100GM,13914.16,92.3622,C
Nescafe Gold 95g,13860.0,92.3686,C
Tender M42,13860.0,92.3749,C
UNITED GAP BISCIUTS STICK 23GM (Chocolate),13860.0,92.3813,C
BAM HING-50gm,13858.94,92.3876,C
CENTERFRUIT WM JAR,13844.87,92.394,C
DOVIL CHO 500GM,13800.0,92.4003,C
Unibic Honey & Oatsmeal Cookies,13775.01,92.4066,C
PLASTIC THALI NO.9,13760.07,92.4129,C
Didan Pure Milk 480g,13760.04,92.4192,C
LOVEBIRD STRAWBERRY 1L,13759.95,92.4255,C
UMBRELLA JEANS,13730.16,92.4318,C
HAL  BHUJIYA MASALA-360gm,13720.03,92.4381,C
PADELUX COMFORT NIGHT 6PADS,13714.99,92.4444,C
2PM CHEESE AND MUSHROOM NOODLES,13709.87,92.4507,C
Kao Bleach 600ml,13706.0,92.4569,C
Rijals Potato Chips,13700.0,92.4632,C
FIGARO BLACK OLIVES 340GM,13699.97,92.4695,C
Trust Jeera 50gm,13679.99,92.4758,C
MacCoffee Org Jar 50gm,13679.04,92.482,C
SPARTAN PANIPURI 500GM,13650.01,92.4883,C
CNS 5-200,13647.0,92.4945,C
COL TOTAL ADV 80GM,13645.0,92.5008,C
Nestle Munch Max Nuts,13640.06,92.507,C
Essence BSC 600ml,13635.6,92.5133,C
Dranex MM 375g,13620.0,92.5195,C
J.B OIL 100ML,13619.65,92.5258,C
KALMI DATES 400GM,13585.0,92.532,C
GUD 100GM,13579.64,92.5382,C
SHANLIS CHOCO SPREAD 300GM,13540.0,92.5444,C
Sachet Hair Color Streax 3.16 Bur,13530.0,92.5506,C
KRISHMA PISTA 200GM,13515.01,92.5568,C
MARSHMELLOW JELLY 138GM,13500.0,92.563,C
SAGAR JIMBU 20GM,13493.16,92.5692,C
CLOTH CLIP 16PCS,13476.55,92.5754,C
Parle Fab Chocolate 112gm,13450.62,92.5815,C
NAWON SEEDS 290ML (Watermelon),13439.98,92.5877,C
BRT NutriChoice SF 300g,13439.96,92.5938,C
LAYS CHILE LEMON 74GM,13437.98,92.6,C
C&C F.W Nor 150ml,13430.0,92.6062,C
KELL CHOCOS 1150GM,13425.02,92.6123,C
Baygon Max FIK DN 400ml,13419.94,92.6185,C
Dlite Oats 1Kg Instant Jar,13405.0,92.6246,C
Munch Rs. 10,13374.65,92.6307,C
KRISHMA TILL 500GM,13360.08,92.6369,C
KRISHMA JAIFAL 25GM,13353.99,92.643,C
2Pm Fireball,13349.0,92.6491,C
RHODES JUICE 1LTR MIX,13340.01,92.6552,C
Paicho Super Soya 800ml,13338.99,92.6613,C
VECTOR PLUS RAZOR,13333.0,92.6674,C
Khapsa 280gm,13319.99,92.6735,C
Century Meat Masala 50gm,13308.11,92.6796,C
Sensodyne Paste(M)40g,13305.0,92.6857,C
2PM SHRIMP CRACKER,13299.99,92.6918,C
DOVE HC INTENSE 320ML,13280.0,92.6979,C
Narayani Brown Bread,13280.0,92.704,C
LUX SOAP 165GM,13259.99,92.7101,C
Hal Banana Chips 200gm,13250.0,92.7161,C
KELL CHOCO MILLET MUESLI 400GM,13230.0,92.7222,C
Wellness Him Adult Diaper M10p,13230.0,92.7283,C
VECTOR PLUS CART 2S,13224.0,92.7343,C
AAHA DETERGENT POWDER 5KG,13200.0,92.7404,C
BARAHI BUN 4PCS,13197.29,92.7464,C
CDM F&N 36GM,13197.0,92.7525,C
SWASTHA REG MUSTARD OIL 1LTR,13190.0,92.7585,C
Trust Gulab Jamun Mix Powder 200gm,13167.35,92.7646,C
Dove HC Hairfall 180ml,13150.54,92.7706,C
RED HIT SPRAY 200ML,13150.01,92.7766,C
Dabur Chyawanparash 250gm,13130.3,92.7826,C
STEEL SCRUBBER JALI,13121.46,92.7886,C
Krishma Mixnut S.P 500gm,13110.03,92.7946,C
Hilife Choco Plus Moons & Stars 300g,13110.0,92.8007,C
Hilife Choco Plus 300g,13109.97,92.8067,C
Niv MilkLotion 400ml,13064.0,92.8126,C
Padlock 60mm,13050.06,92.8186,C
Koseli Mustard Oil 2ltrs Bottle,13020.0,92.8246,C
Odonil Block 72gm Mix,13019.98,92.8306,C
Krishma Chokda 500gm,12983.1,92.8365,C
PSLG 200GM,12979.99,92.8425,C
BHAGWATI TAICHI CHIURA 1KG,12977.93,92.8484,C
Tokla Tea Pouch 200gm,12977.01,92.8544,C
Lott Pepero White Cookies 320gm,12950.04,92.8603,C
WASHING MACHINE CLEANER,12930.0,92.8662,C
Sun Cream MG 100gm,12920.0,92.8721,C
Whisper Ultra NIght Xl+15s,12920.0,92.8781,C
Koseli Health oil 500ml,12919.0,92.884,C
NAPPY BABY PANTS S54,12900.0,92.8899,C
OLD MONK RUM 750ML,12900.0,92.8958,C
SV S.Papad 100g,12896.23,92.9017,C
Didian Danish Style Cookies 480gm,12890.0,92.9076,C
AURA SOAP 100*4,12869.98,92.9135,C
Surya Phynel 500ml Hygienic,12865.67,92.9194,C
SAGAR BHANGO 100GM,12844.09,92.9253,C
Nes Milky Bar Moosha 22.5gm,12832.0,92.9312,C
CURRENT NAGA CHILLI,12797.97,92.937,C
TRUST CHANA 400 GM,12780.12,92.9429,C
Current GaramMasala 50gm,12770.08,92.9487,C
Hilife Mixed Jam 500gm,12749.02,92.9546,C
LUX SHAMPOO 750ML MIX,12740.0,92.9604,C
Col TBR Gentle Gumcare B2G1,12739.19,92.9663,C
GOURMET VIENNA CHI HORICA 400GM,12698.0,92.9721,C
KISSAN MIX FRUIT JAM 500G,12690.0,92.9779,C
Century Chowmin Masala 50gm,12658.72,92.9837,C
AMS HIMALAYAN 750ML,12650.0,92.9895,C
Mr White Detergent 7kg,12650.0,92.9953,C
MENTOS MINT STICK,12649.99,93.0011,C
Ramro Eggless Slice Cake,12636.96,93.0069,C
Col TBR Gentle Enamel,12626.93,93.0127,C
COL TOTAL ADV 120GM,12625.0,93.0185,C
KAPRIKA DIAMOND T8,12588.01,93.0242,C
Henko Bar 250gm,12584.01,93.03,C
PRO HAIR SERUM STREAX 90ML,12579.99,93.0358,C
HARIYO KERAU ,12565.3,93.0415,C
KELL CF 475GM *12,12548.05,93.0473,C
HAIR TREATMENT 250ML,12540.0,93.053,C
Leaf Drop Mustard 2Ltr Bottle,12534.03,93.0588,C
Polister Greenpad,12503.2,93.0645,C
Lovebird Butterscotch 500ml,12500.0,93.0702,C
Battisa BireNun 200g,12495.08,93.0759,C
Asta Berry Sun 50/50 UV Guard,12480.0,93.0817,C
Pro Hair Serum Streax 45ml,12477.0,93.0874,C
J.D. 750ML,12459.97,93.0931,C
GAS LIGHTER GOLDEN,12457.15,93.0988,C
UV DOUX SUNSCREEN GEL 50GM,12450.0,93.1045,C
HAJMOLA AANARDANA 120 TAB BOTTLE,12440.01,93.1102,C
Goodlife Digestive Nuts Rs20,12438.99,93.1159,C
RICH CREAM BURGGUNDY,12437.98,93.1216,C
SOFTY 55/290MM GREEN,12427.1,93.1273,C
BAM  SEVIYAN LONGCUT-150gm,12420.01,93.133,C
NYANO BABY DIAPER M42,12420.0,93.1387,C
NYANO BABY DIAPER XL32,12420.0,93.1444,C
Jomsom Garlic Pickle 500GM,12417.0,93.1501,C
DOVE SHAMPOO DS 175ml,12410.0,93.1558,C
J.b Cream 50ml Pink,12404.9,93.1614,C
TILL KO LADDU,12399.03,93.1671,C
TANG Mango 500GM,12390.0,93.1728,C
CC GFL 48P,12374.48,93.1785,C
Takura 700ml,12372.43,93.1841,C
ABTT Similac Mt Stage 2 400gm,12360.0,93.1898,C
Jordan TB TARGET SEN ULTRASOFT 3PCS SET,12359.99,93.1955,C
NO. 1 SOAP 100X4GM SAND&TURME,12353.0,93.2011,C
Tender S56,12330.0,93.2068,C
Black Chokda 500gm,12311.0,93.2124,C
KWALITY ORANGE CREAM,12307.8,93.2181,C
HRP ITC STFISH MAR 100gm,12254.97,93.2237,C
Current Chilly Powder 200gm,12250.0,93.2293,C
CLOTH CLIP 20PCS,12238.99,93.2349,C
PEP 100G AGNI,12238.35,93.2405,C
Wall Hook 3pcs,12228.55,93.2461,C
DRAWING BOOK SPIRAL,12221.99,93.2517,C
2Pm Masala Munch Stix,12199.0,93.2573,C
COL SWORNA BEDSAKTI 100GM,12194.98,93.2629,C
KRISHMA SOFF 500GM,12189.61,93.2685,C
Kapur 100g,12188.0,93.2741,C
SWASTHA MUSTARD OIL 1LTR,12180.0,93.2796,C
Wowper Baby Pants M50pcs,12180.0,93.2852,C
Wowper Baby Pants XXL48pcs,12180.0,93.2908,C
Shalimar Dhup,12174.9,93.2964,C
BAM  RASGULLA-1kg,12160.0,93.302,C
Sardine Roza 155g,12157.0,93.3075,C
Stayfree Regular 6pcs,12149.04,93.3131,C
624g Chocolate Syrup,12100.01,93.3186,C
Asta Berry Sun 40/100 UV Guard,12100.0,93.3242,C
DTT SOAP SKC 100GM,12088.0,93.3297,C
Shadow Suncream SPF 30 Gel,12070.0,93.3353,C
Nestle Bar One Rs. 10,12015.95,93.3408,C
PEP 170G AGNI,11998.94,93.3463,C
SAGAR JEERA POWDER 500GM,11995.98,93.3518,C
SABUDANA 500GM,11980.0,93.3572,C
SOFTY PANTY LINERS 180MM,11970.16,93.3627,C
Nong Shim Shrimp Crackers Mild 75gm,11970.0,93.3682,C
7 METRO GOLD POWDER 800GM,11968.0,93.3737,C
Hanami Prawn Crackers 100gm,11960.0,93.3792,C
PAPAYA SUN 60ML SPF 40,11960.0,93.3847,C
Bindhyabasini Cup Cake,11920.0,93.3901,C
DDC CUP DAHI 1LTR,11906.79,93.3956,C
BAYGON MAX CIK 200ML,11900.0,93.401,C
MENTOS FRUIT,11898.0,93.4065,C
Shadow FW Strawberry,11893.0,93.4119,C
GYAN MAIDA 1KG,11870.12,93.4174,C
Bindhyabasini Slice 150gm,11860.02,93.4228,C
REAL ACT APPLE SLIM 1L,11840.22,93.4282,C
AIRCARE KAPUR 100GM,11837.45,93.4337,C
Victory Coriander Powder 200gm,11829.06,93.4391,C
GIFFY YELLOW 750ML+235ML,11780.01,93.4445,C
LoveBird Chocolate 500ML,11750.0,93.4499,C
SOFTY MAXI 290MM,11730.0,93.4552,C
URJA BASMATI 1KG,11729.0,93.4606,C
LWANG/SUKMEL MIX 50GM,11720.17,93.466,C
Shidhibinayak Oatsmeal Cookies,11716.0,93.4714,C
French Essence Deo 120ml,11714.0,93.4767,C
Milk Cow Candy 160gm,11710.0,93.4821,C
Deepam Jira Rice 25kg,11700.0,93.4875,C
KRISHMA OKHAR GUDI 100GM,11700.0,93.4928,C
NUDE VODKA 180ML,11700.0,93.4982,C
Tokla Jar 1kg,11684.0,93.5035,C
Cocon Jelly,11680.05,93.5089,C
CHICKEN PICKLE 350GM,11680.0,93.5142,C
VCO NORM COCO OIL 500ML,11655.0,93.5196,C
Tommy Fruit Jelly 15gm,11650.0,93.5249,C
Yonca Corn Oil 5L,11650.0,93.5303,C
AIK COFFEE ORIGINAL 456G,11640.0,93.5356,C
CLEAR AHF SHAMPOO 320ML,11620.0,93.5409,C
Krishma Black Kismis 100gm,11619.99,93.5462,C
Brt Gobbles Choco Fun 110gm,11614.0,93.5516,C
ACMIST MOIS GEL 50GM,11610.0,93.5569,C
NICE & EASY 300ML,11609.97,93.5622,C
PAICHO VENIGER (300gm),11603.31,93.5675,C
CDM Crispello 35G,11600.02,93.5728,C
KARSEELL PURPLE MASK 500ML,11600.0,93.5782,C
DIVELLA SPAGHETTI 1KG,11599.97,93.5835,C
Thulo Bhatta,11593.96,93.5888,C
Mr White Detergent 500g,11590.0,93.5941,C
Toothpick RS.10,11578.68,93.5994,C
PSLG 100GM,11560.0,93.6047,C
Bakeland Coco Crunch 150gm,11548.04,93.61,C
MASK BLUE,11526.01,93.6153,C
Nes Milky Bar Moosha 42gm,11520.13,93.6206,C
VCO NORM COCO OIL 180ML,11520.0,93.6258,C
Acnes Creamy Wash 50g,11515.32,93.6311,C
BABY CREAM 100G PINK,11514.0,93.6364,C
BAM GULAB LAMUN-500gm,11511.85,93.6417,C
WELLBELL CORNFLAKES 500GM SF,11507.17,93.6469,C
Kanchenjunga Agarbatti(B),11493.12,93.6522,C
COTTON BUDS BABY 100PCS,11455.01,93.6574,C
Henko Matic TL 2kg,11440.0,93.6627,C
Nestle Twin Bar 17.4g,11438.66,93.6679,C
Current Chilly Powder 500gm,11435.0,93.6732,C
LYS FLORAL 5LTR,11410.07,93.6784,C
Kaju 150gm,11400.0,93.6836,C
Laxmi Makai 375gm,11400.0,93.6889,C
Padlock 60mm Big,11375.0,93.6941,C
COL MAX 70+15GM,11338.96,93.6993,C
Stanfresh Handwash 500ml (mint),11314.0,93.7044,C
Namkin 450gm,11310.0,93.7096,C
Pustakari 200gm,11310.0,93.7148,C
DAMI KODO BIS FAMILY PACK 200GM,11305.0,93.72,C
Londonderry 198gm,11270.0,93.7252,C
NISHA HAIR SERUM 100ml mix,11250.0,93.7303,C
No. 7199 WATER BOTTLE,11250.0,93.7355,C
MA Po Pants S60,11245.0,93.7406,C
SugarFree Gold 100Tab,11244.13,93.7458,C
Rio GUAVA 200ml,11220.0,93.7509,C
Aagan Mini Mix 250gm,11219.92,93.7561,C
BEHULI CHAMAL 25KG,11195.0,93.7612,C
HAL BHUJIYA MASALA-180gm,11164.0,93.7663,C
SOFTY BABY PANTS XL4,11160.0,93.7714,C
GIFFY GREEN 750ML+235ML,11159.0,93.7765,C
MENTOS STRW STICK,11149.98,93.7816,C
PaperPlate No.8,11130.16,93.7867,C
Bhansaghar LG Rice 1kg,11115.0,93.7918,C
SPICY FISH 30GM,11110.5,93.7969,C
EXO JALI 2IN1,11109.99,93.802,C
DLITE MUESLI FRUIT& NUT 500GM,11099.0,93.8071,C
HERB YUKT SOAP 150GM,11080.2,93.8122,C
Maxwell Battery(AAA),11071.77,93.8173,C
B.HAIR COLOR STREAX (7.3-G BLND) 50ML,11070.0,93.8223,C
NEWARI DIAMOND BASMATI 5KG,11050.1,93.8274,C
NAILCUTTER MEDIUM,11050.03,93.8325,C
VAS DM 100ML,11048.0,93.8375,C
Century Meat Masala 500gm,11040.06,93.8426,C
NIMKIN Small,11034.76,93.8476,C
TRUST MAGAJ 500GM,11030.06,93.8527,C
Wowper Baby Pants XS40pcs,11020.0,93.8577,C
Gaule Timur Dhulo,11017.01,93.8628,C
T BEST ALOEVERA DRINK 1.5LTR,11004.82,93.8678,C
DR JK SC LOTION 200ML,11000.0,93.8729,C
Ent Rollon Charming 50ml,11000.0,93.8779,C
EUROSOFT BABY PANTS L40 ,11000.0,93.883,C
MC CORN FRENCH FRIES 400GM,11000.0,93.888,C
KRISHMA JEERA 500GM,10999.99,93.893,C
Double Tape,10980.0,93.8981,C
Tender L42,10980.0,93.9031,C
Slice Cake Chocolate 250gm,10959.0,93.9081,C
BUFF PICKLE 350GM,10950.0,93.9131,C
MILK & CHOCOLATE CHIPS 250GM,10949.98,93.9182,C
Toblerone 100gm (WHITE),10925.0,93.9232,C
DIVINE WINE RED 750ML,10920.0,93.9282,C
Khurma 280gm,10916.59,93.9332,C
RED HIT SPRAY 400ml,10915.0,93.9382,C
KELL MUESIL NUTDELIGHT 240GM,10888.99,93.9432,C
HIMA BABY SHAMPOO 200 ML,10869.0,93.9481,C
AER SPRAY PETAL CRUSH PINK 240ml,10850.04,93.9531,C
Stanfresh Handwash 500ml (Orange),10850.01,93.9581,C
Dove Bs Bar Pink 135g,10829.98,93.9631,C
London Dry Ginger Ale 250ml,10829.0,93.968,C
GoodLife Potato Bis,10800.0,93.973,C
MCV DIGESTIVE 250GM,10788.96,93.9779,C
KRISHMA METHI 100GM,10774.24,93.9828,C
KAR COCOBITE WAFER,10769.9,93.9878,C
2Pm Akabare Twings,10749.0,93.9927,C
VCO ALGAE COCO OIL 500ML,10745.0,93.9976,C
HAL NUT CRACKER 200GM,10705.0,94.0025,C
MOP ROUND WOODEN STICK,10705.0,94.0074,C
Mogu Mogu Jelly 150gm (Lychee),10679.98,94.0123,C
Parachute Coco Soul 500ml,10671.04,94.0172,C
Maxell Battery(AAA)4B,10670.0,94.0221,C
946ml Mayonnaise,10650.0,94.027,C
C & C Foaming FW 50ml,10650.0,94.0319,C
EUROSOFT BABY WET WIPES ,10640.0,94.0368,C
Nong Shim Shrimp Meat Chips 75gm,10629.0,94.0416,C
S.F. NATURE 300GM,10620.02,94.0465,C
GLUCOVITA 500GM ORANGE,10620.0,94.0514,C
Exo Round 500g,10597.99,94.0562,C
NESCAFE RTD LATTE-180ml,10593.0,94.0611,C
Berlino Mix Veg Soup 45gm,10580.0,94.0659,C
Century Chicken Masala 500gm,10580.0,94.0708,C
Current PaniPuri Masala 50gm,10549.03,94.0756,C
NEEM TOOTH PASTE 200GM,10545.0,94.0804,C
Trident SpearMint,10534.99,94.0853,C
CENTURY CORNFLAKES 800GM,10531.05,94.0901,C
LOTTE KOALAS 37GM STRAWBERRY,10530.0,94.0949,C
Samyang Bulda Chi. Flav Topaki 185g,10530.0,94.0997,C
No. 7186 WATER BOTTLE,10525.0,94.1046,C
GOURMET VIENNA CHI PREMIUM 500GM,10500.19,94.1094,C
United Fam Bear Jelly 18g,10500.0,94.1142,C
Tokla Tea Bag 100gm,10451.0,94.119,C
MAGGI-TOMATO KETCHUP-1kg,10448.33,94.1238,C
Krishma Panchapuran 100g,10440.07,94.1285,C
ARIEL LIQUID MATIC FL 2L,10440.0,94.1333,C
VOLKI CHOCOLATE 210G,10440.0,94.1381,C
WEIFIELD PEANUT CRUNCH 510GM,10439.99,94.1429,C
BAM HING -18gm,10424.99,94.1477,C
EVORA TOILET PAPER 160GM,10424.99,94.1525,C
REAL GRAPE 1L,10420.0,94.1572,C
COTTON BUDS 100PCS,10400.01,94.162,C
RUMPUM BHUJIYA 600GM,10398.04,94.1668,C
COKE ZERO 250ML,10396.34,94.1715,C
KESH KNG SHAMPOO 340ML,10395.0,94.1763,C
Dlite Oats 800gm Instant Pouch,10394.93,94.1811,C
Century MixMasala 80gm,10394.08,94.1858,C
JOHNSONI BABY CREAM 100G BLUE,10392.78,94.1906,C
NEWLOOK HAIR SERUM 95ML,10375.0,94.1953,C
NongShim Kimchi C 75g,10360.0,94.2001,C
LOTTE KOALAS 37GM CHOCOLATE,10335.0,94.2048,C
Maggi 2-min Mas 24x280g,10332.0,94.2096,C
236ML Mayonnaise,10319.99,94.2143,C
KLASSNO COFFEE 240GM 2IN1,10319.95,94.219,C
MIX AND NUT 300GM,10290.0,94.2237,C
Rara Chilly Powder 400gm,10288.98,94.2284,C
Jordan Toothbrush(Target White)Medium,10269.0,94.2331,C
PENCIL CASE NO.0697,10260.0,94.2378,C
BIKANO MASALA PAPAD 300G,10259.93,94.2425,C
HAJMOLA REG 120 TAB BOTTLE,10254.99,94.2472,C
Tokla Green Tea Honey Lemon 37.5gm,10238.01,94.2519,C
Gyan Maiza Dalia 1kg,10227.8,94.2566,C
WIPER BIG FOLDING,10198.0,94.2613,C
Joy Honey body lotion 300ml,10193.22,94.266,C
YASHIJIE SPONGE PAD 4PCS,10185.0,94.2706,C
LB Care 100gm,10183.08,94.2753,C
Aer Spray Cool Surf Blue 240ml,10180.0,94.28,C
KRISHMA SOUP 100GM,10178.73,94.2846,C
COTTON BUDS BABY 200PCS,10170.0,94.2893,C
New Look Gold Cleansing 120ml,10169.52,94.294,C
CHEKS WAFERS 80G MIX,10163.05,94.2986,C
KRIRA WHITE WINE 750ML,10149.99,94.3033,C
Till Oil 4ltr,10120.0,94.3079,C
RAMRO CHEERY COOKIES 120GM,10100.0,94.3125,C
Tide Plus Lemon 6kg+2kg,10100.0,94.3172,C
Century Venegar 700gm,10094.53,94.3218,C
LoveBird Chocolate 1l,10080.0,94.3264,C
Nong Shim Shrimp Crackers hot 75gm,10080.0,94.331,C
2PM THAI SEA FOOD NOODLES,10063.41,94.3356,C
Hilife Masala Tea 500gm,10059.0,94.3402,C
PATANJALI ALOE SOAP 150GM,10050.03,94.3449,C
SWEET & SALTED COOKIES 350GM,10047.03,94.3495,C
NOURISHING SKIN CREAM 200ML,10010.0,94.354,C
CNS 4.20-200,10005.0,94.3586,C
KAPRIKA HEART T3,10004.99,94.3632,C
Trust Garam Masala 100gm,9990.01,94.3678,C
Celebs Peanut Butter 510gm,9989.0,94.3724,C
Hilife Cornflakes Original 300g,9986.32,94.3769,C
Polo Mint Roll 24g,9981.98,94.3815,C
PENCIL CASE NO.050 CAR,9980.0,94.3861,C
CLEAR MEN SHAMPOO 325ML,9960.0,94.3907,C
Olive Oil 1 Ltr,9959.99,94.3952,C
Krishma Pumpkin Seeds 200gm,9934.0,94.3998,C
Papaya Sun Spf25 60ml,9930.0,94.4043,C
CNS 4-200,9914.05,94.4089,C
EUROSOFT BABY PANTS M42,9900.0,94.4134,C
Hal Khatta Meetha 1kg,9900.0,94.4179,C
MEDINET ROUGE SWEET WINE 75CL,9900.0,94.4225,C
No. 7165 WATER BOTTLE,9900.0,94.427,C
Sarvottam Lito 400gm,9900.0,94.4316,C
Xtraa Detergent Powder 1kg,9898.05,94.4361,C
KRISHMA TORI 500GM,9898.03,94.4406,C
Century Panipuri 50gm,9897.87,94.4452,C
RRL PAPAYA (ORG),9889.0,94.4497,C
Cet ML 60ml,9888.85,94.4542,C
Tasty Soya Color 650ml,9880.23,94.4588,C
B.HAIR COLOR STREAX (4.6-R BRWN) 50ML,9880.0,94.4633,C
Complain Natural 500gm Jar,9870.0,94.4678,C
UMGA TAICHIN CHAMAL 1KG,9870.0,94.4723,C
CURRENT POTATO CHIPS,9848.03,94.4768,C
Eveready Battery AA 1015,9810.03,94.4813,C
Century Marij Powder 25gm,9808.22,94.4858,C
WASHING MACHINE TABLET,9805.0,94.4903,C
MC CORN SMILES 415GM,9800.0,94.4948,C
NAWON SEEDS 290ML (Passion Fruit),9800.0,94.4993,C
NAWON SEEDS 290ML (Strawberry),9800.0,94.5038,C
SAFAL COW CHEESE 200ML,9799.71,94.5083,C
SCISSOR K-19,9789.98,94.5128,C
MA Po Pants s30,9773.92,94.5172,C
KRISHMA FRY KAJU 140GM,9765.0,94.5217,C
VICTORY CUMIN POWDER 200GM,9756.98,94.5262,C
New Look Rose Water 120ml,9756.8,94.5307,C
DHONI LS 900 3PCS,9750.0,94.5351,C
SAFAL GHEE JAR 500ML,9750.0,94.5396,C
VASELINE LIP BLAM 20G,9750.0,94.5441,C
SCISSOR K-17,9748.01,94.5485,C
NEWLOOK CLEANSING MILK 240GM,9748.0,94.553,C
WOTTA GIRL 135ML (VENILLA TWIST),9747.0,94.5575,C
Dove Soap 90g,9710.01,94.5619,C
UNITED SUKMEL 100GM,9700.29,94.5664,C
CNS 3-200,9690.0,94.5708,C
Odonil Zip Lavender 10gm,9689.0,94.5752,C
PEP HERBAL 75G,9681.75,94.5797,C
Century Biryani 50gm,9679.03,94.5841,C
KHAJURICO STICK NOODLES SMALL,9675.03,94.5886,C
PATANJALI SOAP RS.10,9653.95,94.593,C
KARSEELL CONDITIONER 500GM,9649.0,94.5974,C
UNITED GAP BISCIUTS STICK 23GM (STRAWBERRY),9645.0,94.6018,C
KAPRIKA HEART T5,9639.0,94.6062,C
Current Chatpate Masala 50gm,9619.01,94.6106,C
MEGA ALUMINIUM FOIL 9MTR,9600.05,94.615,C
Henko 6kg,9600.0,94.6194,C
MCV Digestive 500gm,9600.0,94.6238,C
Pre BoxTissue 100S,9600.0,94.6282,C
Safal Panner 500gm,9600.0,94.6326,C
Tokla Green Tea Mint 37.5gm,9600.0,94.637,C
Mogu Mogu Jelly 150gm (Strawberry),9597.98,94.6414,C
Makhankhor Roza Longgrain 5kg,9590.0,94.6458,C
Tin Ko Pala,9589.05,94.6502,C
DDC CUP DAHI 500ML,9580.0,94.6546,C
CELLO GEL PEN,9569.98,94.659,C
Vat69 75cl,9553.0,94.6634,C
Namkin 150gm,9548.09,94.6678,C
Brt NC Thin Arrowroot 300gm,9540.0,94.6721,C
KLASSNO RICH COFFE 100GM,9540.0,94.6765,C
Sensodyne Paste(G)40g,9540.0,94.6809,C
NOURISHING SKIN CREAM 100ML,9522.9,94.6852,C
Safe Disp Gloves,9514.99,94.6896,C
MA PO PANTS L40,9514.0,94.694,C
UNITED GARAM MASALA 100GM,9500.0,94.6983,C
Toblerone 100gm (Dark),9499.99,94.7027,C
Gyan Mass Dal 1kg,9499.88,94.707,C
TRUST TORI 500GM,9495.0,94.7114,C
Sweet 280gm,9480.0,94.7157,C
BRT 50-50 TOP 200g,9479.15,94.7201,C
GOURMET VIENNA BUFF FRANK FORTER 250GM,9456.0,94.7244,C
Stanfresh Handwash 500ml (neem),9455.02,94.7287,C
Parachute Coconut Oil 250ML,9450.02,94.7331,C
DTT SOAP COOL 150*4GM,9450.0,94.7374,C
KESH KNG SHAMPOO 600ML,9450.0,94.7417,C
MR BIO PEANUT BUTTER 340GM,9448.99,94.746,C
KOJIC ACID SOAP 120GM,9448.97,94.7504,C
Tokla Green Tea Jasmine 37.5gm,9440.1,94.7547,C
RAMRO AATA COOKIES 200GM,9440.0,94.759,C
ANCOR BRUSH HARD,9435.0,94.7634,C
Three Star Chi Hot Spicy Sausage 500gm,9400.03,94.7677,C
MONACO 150GM,9400.01,94.772,C
NAWON SEEDS 290ML (Melon),9380.0,94.7763,C
Narayani Milky Bread,9378.49,94.7806,C
Almond Treatment 1000ml,9375.0,94.7849,C
RoyalGold Tissue 10Roll,9360.01,94.7891,C
Col Total Adv 120gm+120gm,9360.0,94.7934,C
DIVINE WINE WHITE 750ML,9360.0,94.7977,C
ALOEVERA GEL 100ML,9358.99,94.802,C
GLOVES LABOUR GREEN,9358.41,94.8063,C
Sachet Hair Color Streax 7.3 20ml,9355.0,94.8106,C
LAXMI DALMOTH 200GM,9346.99,94.8149,C
MEIZAN SUNF OIL 5L JAR,9339.7,94.8192,C
Gudpak 500gm,9315.0,94.8234,C
Col Toothbrush Zig Zag PO3,9311.13,94.8277,C
MOIST ALEOVERA FW 50ML,9310.0,94.832,C
Colourful Envelop,9305.77,94.8362,C
AER SPRY VOILET VALLY BLOOM 240ml,9300.0,94.8405,C
AIK COFFEE ROAST 560G,9300.0,94.8447,C
NUPUR MEHENDI 500gm,9300.0,94.849,C
Brt 50-50 Sweet & Salty,9299.08,94.8533,C
WOWPER BABY PANTS M9,9299.0,94.8575,C
Para Skinpure Extra Virgincno with RoseOil 200ml,9290.0,94.8618,C
MARSHMELLOW JELLY 18GM,9279.23,94.866,C
Eno Lemon 5g,9268.72,94.8703,C
CHOPPING BOARD (L),9264.0,94.8745,C
Century Tomato Ketchup 1Kg,9259.98,94.8788,C
340ML PINK PEACH,9250.08,94.883,C
DR JK SC CREAM 200ML,9240.0,94.8873,C
Glucon D Reg 1kg,9240.0,94.8915,C
Nivea Whitening Cream 100ml,9240.0,94.8957,C
Dove Bs Bar Shea Butter 135g,9238.0,94.9,C
LOTTE FUSEN GUM YOGHURT,9238.0,94.9042,C
Complain Chocolate 200gm Jar,9224.0,94.9084,C
Hide & Seek 121gm,9223.39,94.9126,C
DAMI MAKAI HONEY 200GM BIS,9215.0,94.9169,C
RICH CREAM NAT.BROWN,9204.0,94.9211,C
LOVEBIRD STRAWBERRY 500ml,9200.0,94.9253,C
MA PO PANTS L20,9200.0,94.9295,C
CHAKKU RS.100,9196.94,94.9337,C
KENT EXTRA VIRGIN OLIVE OIL 1000ML,9195.11,94.9379,C
REAL LITCHI 1LTRS,9189.0,94.9422,C
Hal Alo Bhujia 1kg,9180.01,94.9464,C
FUSION RAZOR,9171.0,94.9506,C
TRUST CHANA 180 GM,9163.71,94.9548,C
Mangaldeep Sandal,9153.12,94.959,C
COL V. WHITE PURPLE 200GM,9150.0,94.9631,C
MARSH MELLOW 120GM,9150.0,94.9673,C
KELL CF 875GM,9144.56,94.9715,C
Saideep Premium Tea JAR 200gm,9125.0,94.9757,C
Mangaldeep Trisara,9120.09,94.9799,C
KRISHMA SARSAU 100GM,9120.01,94.9841,C
BIKU CLASSIC CAN 330ML,9120.0,94.9883,C
COL KIDS BATMAN 80GM,9120.0,94.9924,C
GCG TOILET PAPER 130GM,9120.0,94.9966,C
COL TBR WHITE B2G1,9119.01,95.0008,C
KITKAT 4F White 24x41.5g,9117.0,95.005,C
BARAHI PANIPURI 150GM,9115.16,95.0091,C
WELL BELL OATS 500GM,9100.03,95.0133,C
JW DoubleBlack 100cl,9100.0,95.0175,C
NEWLOOK SPF 50 100ML,9100.0,95.0217,C
PENCILS APSARA,9099.05,95.0258,C
Lip Blam,9099.03,95.03,C
WAI WAI QUICK SPICY CHEESE,9089.98,95.0342,C
SOFTY BABY PANTS M5,9088.29,95.0383,C
EUROSOFT BABY PANTS XL36 ,9080.0,95.0425,C
NEWLOOK HAIR CONDITIONER 250ML,9074.11,95.0466,C
VASELINE LOTION 100ML MIX,9065.0,95.0508,C
Kitkat 4F Dark 41.5g,9054.0,95.0549,C
SOFTY MISS TEEN 260MM,9038.4,95.0591,C
TETRIS REDBLUE 250ML,9028.96,95.0632,C
APPY PET FIZZ 250ML,9026.0,95.0674,C
KWIKS ALOO CHIPS,9025.0,95.0715,C
Niv Shaving Cream Mild 100ml,9020.01,95.0756,C
ST Oregano 60gm,9005.0,95.0798,C
GoodLife Cracker Rs.10,9003.64,95.0839,C
WAI WAI ALOO TAMA NOODLES,9000.0,95.088,C
WOTTA GIRL 135ML (SECRET CRUSH),9000.0,95.0921,C
TRUST TORI 100GM,8997.82,95.0963,C
PRALINE CHOCOLATE,8980.23,95.1004,C
Krishma (Magaj) Melon Seeds 100gm,8974.97,95.1045,C
340ML W.M JUICE,8970.0,95.1086,C
Livon Sikly Serum 100ml,8970.0,95.1127,C
Samyang carbonara Chi.Flav Sauce 200g,8970.0,95.1168,C
Tokla Green Tea Lemon 37.5gm,8960.06,95.1209,C
BAM GULAB JAMUN-1kg,8960.0,95.125,C
SAMYANG HABANERA LIME RAMYAN,8950.0,95.1291,C
2Pm Punjabi Pakoda,8948.0,95.1332,C
DOVE HC INTENSE 180ML,8930.02,95.1373,C
P Saundarya Face Wash 100g,8925.01,95.1414,C
Hulas Basmati 10kg,8920.0,95.1455,C
MODERN COCONUT COOKIES 200GM,8910.0,95.1496,C
Tender XL34,8910.0,95.1537,C
GAL MV 50G,8908.03,95.1578,C
PURE NEEM FACEWASH 50ML,8902.29,95.1618,C
SETO BAGH VODKA 750ML,8900.0,95.1659,C
HYALURON SHAMPOO 340ML,8894.98,95.17,C
GAULE ANADI CHAMAL 1KG,8891.0,95.1741,C
Tokla Green Tea Fresh 37.5gm,8879.99,95.1781,C
SMOODH CHOCOLATE 150ML,8879.98,95.1822,C
AG MAYONNAISE 8 OZ,8876.99,95.1863,C
Super Nutri Creamy PB 1KG,8873.0,95.1903,C
Wellness Him Adult Diaper L10p,8855.0,95.1944,C
BAM Ros Vermicelli 350g,8854.93,95.1984,C
DIVELLA PASTA 1KG,8850.0,95.2025,C
BUTTER COOKIES 500GM,8849.0,95.2066,C
Battisa Dalchini 100g,8848.48,95.2106,C
DELISH KESAR BADAM 180ML,8848.0,95.2147,C
JAU SEEDS 1KG,8845.0,95.2187,C
BLACK NATURAL POUCH 3.16,8839.98,95.2228,C
Mangaldeep Jasmine,8835.0,95.2268,C
CHHURPI 100GM,8830.0,95.2309,C
3SISTERS MALT BEVERAGE 330ML,8820.0,95.2349,C
GOURMET VIENNA CHI COCTAIL 400GM,8800.0,95.2389,C
BAKELAND AATA BIS RS.50,8799.98,95.243,C
SANTOOR WHITE SOAP 90GM,8774.99,95.247,C
PATANJALI NEEM SOAP 150GM,8774.0,95.251,C
Dhara Mustard oil 2l Jar,8760.0,95.255,C
Nivea Cream 200ml,8754.0,95.259,C
Parle Rusk 182gm,8753.28,95.2631,C
Lolane Hair Treatment 500ml (For Dry & Damaged),8750.0,95.2671,C
Nivea Rollon DryMa 50ml,8735.0,95.2711,C
Polo Mint Roll 12g,8717.79,95.2751,C
RAJMA DAL 1KG,8697.05,95.2791,C
Soda Rs.20,8695.21,95.283,C
Lott Pepero Choco Cookies 320gm,8695.0,95.287,C
CLEANING RUMAL JUTE LARGE,8694.91,95.291,C
SCISSOR K-16,8687.86,95.295,C
MOVENPICK GOLD 100GM,8685.0,95.299,C
SHADOW SPF 50 TINTED LI 30GM,8680.0,95.3029,C
Bajaj Hair Oil 500ml,8670.0,95.3069,C
NO. 1 SOAP 100X4GM ROSE&ALMO,8657.0,95.3109,C
Mangaldeep Pushpanjali,8644.99,95.3148,C
KISSAN PEANUT BUTTER 350G,8640.0,95.3188,C
LB Nature 100gx4,8640.0,95.3228,C
Tiffany Cream Toffee 300g,8640.0,95.3267,C
Tiffany Deluxe Toffee 300g,8639.99,95.3307,C
KLASSNO RICH COFFE 200GM,8610.01,95.3346,C
CELLING BRUSH BRW,8605.83,95.3386,C
SOFTY BOX TISSUE 100PULL,8600.0,95.3425,C
Bakeland Cheese Cream RS.20,8590.0,95.3464,C
PAICHO VENIGER (700gm),8581.56,95.3504,C
Clear Sh Extra Strength 300ml,8550.0,95.3543,C
FANTA 2LTR,8550.0,95.3582,C
THREE CHI.NUGGET 200GM,8530.0,95.3621,C
Johnsoni Baby Cream 50g Milk,8529.0,95.366,C
ROYAL JUMBO LONGGRAIN 5KG,8520.0,95.3699,C
Plastic Glass 250ml A,8519.94,95.3738,C
MAYALU SOAP MIX,8512.41,95.3777,C
Today Chocolate Mix 36pcs,8505.0,95.3816,C
GLISTER PEANUT BUTTER 510GM SF,8500.0,95.3855,C
Krishma Sutkeri Masala 250gm,8500.0,95.3894,C
SUNBEAN SUNFLOWER OIL 5LTR,8500.0,95.3933,C
Unibic Pista Badam Cookies family,8500.0,95.3972,C
GLISTER PEANUT BUTTER 510GM,8499.96,95.4011,C
STRAW PIPE LONG,8497.99,95.405,C
180ML DELISH HAZELNUT,8479.98,95.4089,C
Oshter Sauce  600ml,8475.03,95.4128,C
PATANJALI HALDICHANDAN SOAP 150GM,8474.0,95.4167,C
NO. 1 SOAP 47GM ROSE WATER & ALMOND (216),8468.97,95.4205,C
Milky Bar Choco 10gm,8464.44,95.4244,C
SWASTHA MUSTARD REG OIL 1LTR BOTTLE,8462.71,95.4283,C
DOVE BAR WHITE 50GM,8460.01,95.4322,C
XTRAA ROSE 200*24,8459.0,95.4361,C
ACNOFIGHT F/W 100ml,8450.0,95.4399,C
MENTOS GRAPES,8450.0,95.4438,C
Shidhibinayak Dark Vanilla Biscuits,8443.0,95.4477,C
SAMYANG QUATTRO CHEESE,8435.0,95.4515,C
PURE NEEM FACE SCRUB 100G,8410.0,95.4554,C
Rijjal Potato Chips 135gm,8400.03,95.4592,C
SAHNAII ARHAR DAL 1KG,8400.0,95.4631,C
SWASTHA MUSTARD OIL 500ML,8400.0,95.4669,C
DELISH COLD COFFEE 180ML,8399.0,95.4708,C
Super Nutri Cruncy PB 510gm,8399.0,95.4746,C
350ML SMOOTHIES,8385.0,95.4785,C
TOILET ROLL 100GM 3PLY (GREEN),8380.24,95.4823,C
Bharat Papad 100gm,8380.01,95.4862,C
RAKURA GRREN TEA 25TB,8372.4,95.49,C
DLITE QUINOA SEED 600GM,8370.0,95.4938,C
SOFTY BABY PANTS L4,8370.0,95.4977,C
BTC Silk & Shine 1000ml,8368.0,95.5015,C
WELLBELL RAGI CHOCOS 400GM,8362.0,95.5053,C
BULLET PEN RS.95,8360.0,95.5092,C
TAPI JELLY TWIST 150GM,8329.99,95.513,C
ANKIT DELUX CHOCOLATE,8325.0,95.5168,C
Sachet Hair Color Streax 1 Natural B,8320.02,95.5206,C
Signature Premier 180ml,8316.0,95.5244,C
Mr White Detergent 4kg,8280.0,95.5282,C
Padlock 50mm Indian,8280.0,95.532,C
Tiffany Cream Toffee 650g,8280.0,95.5358,C
Tiffany Deluxe Toffee 650g,8280.0,95.5396,C
ST COCOA POWDER 150GM,8279.0,95.5434,C
CAMEL COLOR 25 SHADES,8275.0,95.5472,C
A TASTE GOODVITA 380GM (B SEASAME),8260.0,95.551,C
Hajmola Imli 120Tab Bottle,8260.0,95.5548,C
MR BIO PEANUT BUTTER 510GM,8260.0,95.5585,C
LAXMI SADA MAKAI 350GM,8250.02,95.5623,C
GIGGLE AND GLOW PANTS NB22,8245.0,95.5661,C
Hilife Rolled Oats Jar 950g,8240.0,95.5699,C
IQF PRAWN (500G),8240.0,95.5737,C
WELLBELL CHOCO BITES 470GM,8239.99,95.5774,C
BLACK NATURAL POUCH 1,8218.0,95.5812,C
Ramro Eggless Cake 3pcs,8215.52,95.585,C
Aer Spray Musk 240ml,8208.86,95.5887,C
Krishma Alash 100gm,8208.0,95.5925,C
Tayas Orient Choco 800gm,8200.0,95.5962,C
Para Adv Extravirgin Cnowith Skin 200ml,8190.0,95.6,C
CHI. SAUSAGE Regular (500g),8160.0,95.6037,C
VICTORY METHI 200gm,8160.0,95.6075,C
CHEARY BLACK POLISH,8158.43,95.6112,C
NAIL POLISH GEL,8156.59,95.615,C
Battisa SideNoon 200g,8150.04,95.6187,C
KENT EXTRA VIRGIN OLIVE OIL 250ML,8150.0,95.6224,C
Hilife Cornflakes SugarFree 300g,8139.99,95.6262,C
B.HAIR COLOR STREAX (9.1-RCH PLAT) 50ML,8139.0,95.6299,C
Ent HBL 400ml Enticing,8130.07,95.6336,C
Rijjal Potato Chips 72gm,8125.0,95.6373,C
PAR ADV BABY NOURISHING SHAMPOO 200GM ,8119.98,95.6411,C
Orient Gardens Mayonnaise 300ml,8110.0,95.6448,C
Century White Pepper,8103.51,95.6485,C
MCV Digestive 959.1G,8100.0,95.6522,C
No. 7192 WATER BOTTLE,8100.0,95.6559,C
Bharat Papad 200gm,8099.98,95.6596,C
J.b Lotion 100ml Pink,8098.0,95.6633,C
Bam Giner Garlic Paste 200gm,8087.95,95.667,C
SAGAR TIMUR DHULO 50GM,8081.92,95.6707,C
Orange Bite 300gm,8075.0,95.6744,C
Current Curry Powder 100gm,8074.02,95.6781,C
Natural Juice 500ml Mix,8070.0,95.6818,C
PAPAYA SUN SPF 50 60ML,8070.0,95.6855,C
Fam ToastRusk 200g,8058.91,95.6892,C
TIDY ADULT PANTS (XL10PCS),8050.0,95.6929,C
DTT SOAP ORG 42G,8031.94,95.6966,C
J.B Baby Lotion 200ml milk,8030.0,95.7003,C
Bajaj Hair Oil 95ml,8020.0,95.704,C
SOFTY 10/260mm,8010.0,95.7076,C
Baby Brush With Toys,8000.0,95.7113,C
TIANA MANGO 175GM,7998.05,95.715,C
Asta Berry Sun 30/100 UV Guard,7990.0,95.7186,C
CENTURY CHATPAT MASALA 50G,7988.93,95.7223,C
J.B Lotion 100ml milk,7987.0,95.7259,C
BAM SCR Vermcell fam 350g,7980.0,95.7296,C
KLASSNO GOLD COFFE 50GM,7978.51,95.7333,C
Para Skinpure Extra Virgincno BabyOil 250ml,7970.0,95.7369,C
BAGRRYS SF MUSELI 500GM,7965.0,95.7406,C
Surya Phynel 500ml Lemon,7965.0,95.7442,C
Parle Monaco Rs. 15,7955.0,95.7478,C
Boroplush Cream 80gm,7945.08,95.7515,C
PANTY LINER,7933.9,95.7551,C
ACMIST MOIS GEL 100GM,7930.0,95.7588,C
Baby Steel Bottle 500ml,7920.0,95.7624,C
Maxell ACE Battery R20,7920.0,95.766,C
Sachet Hair Color Streax 5.66 20ml,7920.0,95.7696,C
Uncle Chips Spicy Treat 50gm,7917.71,95.7733,C
RNR SADABHAR MIX 1KG,7914.26,95.7769,C
HB GIFT PACK 7S SET,7910.0,95.7805,C
LOTTE XYLITOL 11.6GM MIX FLAOUR,7907.51,95.7842,C
AB SUN SPF50 TINTED 75GM,7905.0,95.7878,C
Unibic Chocolate Chips Cookies,7898.01,95.7914,C
Bhansaghar LG Rice 5kg,7874.99,95.795,C
SAGAR BIRENUN 100GM,7874.51,95.7986,C
NO. 1 SOAP 100X4GM LIME&ALOE,7862.14,95.8022,C
Unibic Orange Cookies 30g,7860.03,95.8058,C
J.B. Hair Oil 200ml,7860.0,95.8094,C
TIF Fruitees Toffee 600gm,7853.0,95.813,C
CHOPPING BOARD ROUND,7840.0,95.8166,C
DELSC SPRAY 30ML MIX,7840.0,95.8202,C
Trident Cinnamon,7840.0,95.8238,C
Panda 170gm 6 Roll,7839.88,95.8274,C
Battisa Chilly Powder 500g,7830.0,95.831,C
Mazelo 198gm Candy,7820.0,95.8346,C
CHOPPING BOARD (S),7819.99,95.8381,C
Pre CottonBud 400T,7800.01,95.8417,C
RAMRO TILE COOKIES 120GM,7800.0,95.8453,C
Valdouro Porto White 75cl,7800.0,95.8489,C
GOORAL TOOTHBRUSH,7799.94,95.8524,C
Sutkeri Masala 400gm,7780.0,95.856,C
PARLE KCREAMS PINE 25+12.5GM,7769.8,95.8596,C
GCG TOOTHBRUSH KIDS 3PCS SET,7768.0,95.8631,C
Padlock 40mm Indian,7755.01,95.8667,C
H&S Choco Rolls 112,7746.04,95.8702,C
SPICY FISH 12GM,7743.28,95.8738,C
MODERN FRUIT COOKIES 200GM,7738.16,95.8773,C
BITE FILLS CHOCOLATE 280G,7735.04,95.8809,C
ECLAIRS,7735.0,95.8844,C
PaperPlate No.9,7734.89,95.888,C
Acnes Oil Control Cleanser 100g,7720.0,95.8915,C
FENA DETERGENT POWDER 4KG,7700.0,95.895,C
Mac Lemon Tea 360gm,7700.0,95.8986,C
BRIGHT COMPLETE F/W 50ml,7699.14,95.9021,C
Exo Round 700g,7697.74,95.9056,C
Dlite Oats 500gm Instant Jar,7695.0,95.9091,C
Mangaldeep Pineapple Rs.100,7695.0,95.9127,C
Quick Gel Pitambari,7670.0,95.9162,C
NIMBU FRESH 500ML,7650.0,95.9197,C
Bhai Masala Love Shape,7645.91,95.9232,C
RIO APPLE 200ML,7645.0,95.9267,C
GAZZABKO PIRO RS.45,7630.0,95.9302,C
Hilife Gold Tea 1kg,7630.0,95.9337,C
P Dishwash Gel 750ml,7625.0,95.9372,C
Jordan Toothbrush(Individual Reach)Soft,7620.02,95.9407,C
No. 7262 WATER BOTTLE,7600.0,95.9442,C
Goldiee Hing 50g,7599.99,95.9476,C
HAL GHUPSUP 200GM,7595.0,95.9511,C
1.5 LTR ALEOVERA DRINK Sugarfree,7590.0,95.9546,C
BIKANO WHITE RASBHARI 1KG,7589.91,95.9581,C
Bhaktapur Taichin Chiura 1kg,7588.51,95.9616,C
Jordan Toothbrush(Alfa Change Me)Soft,7577.59,95.965,C
GURKHAS & GUNS 375ML,7575.0,95.9685,C
LB Lemon 100gmx4,7574.44,95.972,C
SNICKERS MINIATURES 150GM,7565.0,95.9754,C
DELI GLASS JUG 1.7LTR,7562.0,95.9789,C
BLACK HIT SPRAY 400ML,7560.0,95.9824,C
Gorkha Pilsner Can 500ml ,7560.0,95.9858,C
VICKS VAPORUB 25ML,7554.0,95.9893,C
PriyaGold Bis Cheese Crackers,7550.02,95.9927,C
BALLON 50PCS,7540.01,95.9962,C
B.HAIR COLOR STREAX (1-N BLACK) 50ML,7539.0,95.9997,C
TRUST METHI 500GM,7525.0,96.0031,C
Anti Split Hair Serum Streax 100ml,7520.0,96.0066,C
Complain Chocolate 1KG Jar,7520.0,96.01,C
HIMA BABY MASSAGE OIL 200 ML,7515.03,96.0134,C
chadani steam sona 25kg,7500.08,96.0169,C
CURRENT MASALA MUNCH 80GM,7500.0,96.0203,C
Victory Dhaniya 200 GM,7499.96,96.0238,C
LOTTE STICK GUM (STRAWBERRY),7499.0,96.0272,C
POP UP DESPENSOR,7497.91,96.0306,C
APPY PET FIZZ 160ML,7490.0,96.0341,C
DEXE Color Black,7480.59,96.0375,C
CENTURY CHIPS,7450.0,96.0409,C
Acnes Creamy FW 100gm,7440.0,96.0443,C
Jordan Toothbrush(Individual Clean)Soft,7440.0,96.0477,C
VICKS VAPORUB 50ML,7440.0,96.0511,C
Unibic Choco Ripple Cookies 30g,7429.0,96.0545,C
Toilet Cleaner 2pcs,7425.0,96.0579,C
Krishma Jaipatri 25gm,7410.09,96.0613,C
AB SUN SPF50 TINTED(M) 75GM,7410.0,96.0647,C
BAYGON MIK 700ML,7410.0,96.0681,C
Goodday Butter 200gm,7410.0,96.0715,C
Goodlife Kodo Digestive Rs. 200,7410.0,96.0749,C
Kar Coconut Bis 500gm (RS200),7410.0,96.0783,C
LOTTE KOALAS 37GM BUTTERCHO,7410.0,96.0817,C
C&C F.W Berry 100ml,7404.0,96.0851,C
Wowper Baby Pants S68pcs,7400.0,96.0885,C
Col Total Adv 150gm SEN,7395.0,96.0919,C
Unibic Cashew Badam Cookies 30g,7390.0,96.0953,C
MAGGI - 2MINN MASALA 140gm,7388.01,96.0987,C
Current Chowmein Masala 50gm,7379.96,96.102,C
Jar Pani,7379.94,96.1054,C
Fair & Handsome 60gm,7369.15,96.1088,C
RICE CLEANING SCRUB 60ML,7360.0,96.1122,C
Panda 160gm 6 Rolls,7359.99,96.1155,C
Jordan Toothbrush 3-5years,7359.97,96.1189,C
Panda 160gm 4 Rolls,7350.0,96.1223,C
LOTTE STICK GUM (BLUEBERRY),7349.0,96.1256,C
CINTHOL SOAP 100GM LIME,7343.99,96.129,C
YC Lip Care,7335.0,96.1324,C
APRON RAMRO,7320.0,96.1357,C
Orient Gardens Mayonnaise 473ml,7320.0,96.1391,C
Plastic Glass 200ml,7319.92,96.1424,C
Century Soya Sauce 800gm,7319.0,96.1458,C
HIDE & SEEK CHOCO COOKIES 75GM,7315.0,96.1491,C
ST Yeast 80gm,7313.09,96.1525,C
Pre CottonBud 200T,7310.02,96.1558,C
BFB Milk Rusk 180g,7309.49,96.1592,C
Tuna Chunk 185g,7309.0,96.1625,C
nivea lipcare 4.8gm,7300.0,96.1659,C
SAFE LIFE NORMAL MASK (B.W.B),7296.02,96.1692,C
PURE NEEM FACEWASH 200ML,7290.0,96.1726,C
Frooti Pet 500ml,7289.0,96.1759,C
Hit Rat Glue Pad 25gm 50,7263.04,96.1792,C
Domee Red Cheery in Glass Jar 727gm,7260.0,96.1826,C
Ent HBL Romantic 200ml,7245.0,96.1859,C
Rangoli Colors,7228.93,96.1892,C
Gas Lighter Black,7225.0,96.1925,C
LOCAL RAJMA,7218.02,96.1958,C
EZEE 500GM,7213.0,96.1991,C
Pooja Dhago ,7211.39,96.2024,C
Current Biriyani Masala 50gm,7200.12,96.2057,C
TRUST OKHAR GUDI 150GM,7200.01,96.209,C
Dantakanti Red 75gm,7200.0,96.2123,C
RICO PUDDING,7200.0,96.2156,C
SMOODH TOFFEE CARAMEL 150ML,7200.0,96.2189,C
Urja Mass Dal 1kg,7199.06,96.2222,C
Rat Glue,7199.05,96.2255,C
GAULE KWATI 500gm,7196.0,96.2288,C
Fashion Tissue Roll,7154.99,96.2321,C
SV BHUJIYA MIX RS.50,7151.1,96.2354,C
Joy Honey body lotion 500ml,7150.0,96.2387,C
Aer Spray Fresh Lush Green 240ml,7126.93,96.2419,C
Mangaldeep Lavender,7125.09,96.2452,C
CNS MINI 3.16-89,7123.0,96.2485,C
NANGUO CHARCOAL COFFEE CANDY 320GM,7117.0,96.2517,C
KRISHMA FRY KAJU 350GM,7110.0,96.255,C
Seto Rajma,7100.0,96.2582,C
VIVE VIRGIN COCONUT OIL 550ML,7100.0,96.2615,C
DAMI MAKAI HONEY BIS RS.20,7096.0,96.2647,C
DOVE SHOWERGEL 500ML,7090.0,96.268,C
KRISHMA TORI 100GM,7080.0,96.2712,C
Lipton Green Tea Honey Lemon Zest 25s,7080.0,96.2745,C
RED HIT SPRAY 625ML,7080.0,96.2777,C
VAS SUN PROTECT 400ML,7080.0,96.281,C
Clear Sh Men Cic/icmmysg12x650ml,7069.0,96.2842,C
KELL CHOCOS FILLS CARAMEL 150GM,7047.03,96.2874,C
Bhai Masala Bowl Shape 2,7040.99,96.2907,C
FACE VITAMIN,7039.0,96.2939,C
Asta Berry Sun 70/100 UV Guard,7030.0,96.2971,C
Col Toothbrush Zig Zag PO4,7030.0,96.3003,C
Toblerone 100gm (Milk),7030.0,96.3035,C
Padlock 70mm,7020.0,96.3068,C
Weifield Peanut Butter Crunchy 340gm,7020.0,96.31,C
J.B OIL 50ML,7015.0,96.3132,C
EXO STRONG JALI,7007.97,96.3164,C
Navaratna Oil 180ml,7000.18,96.3196,C
Unibic Milk Cookies 30g,7000.05,96.3228,C
Crave Coffee,6970.0,96.326,C
NIVEA CREME 60ML,6965.0,96.3292,C
GAS LIGHTER NOVA PLUS,6960.03,96.3324,C
Ramro Eggless Cake 6pcs,6960.0,96.3356,C
Century Panner 50gm,6953.02,96.3388,C
EZEE 1000ml+1000ml,6950.3,96.342,C
DOMS COLOR TUBES,6950.13,96.3451,C
KWIKS HOT & SPICY,6950.0,96.3483,C
CELLO TECHIMO PEN,6949.68,96.3515,C
Pure Kitchen Roll,6930.02,96.3547,C
LUX BW FRAGRANT SKIN 750ML,6930.0,96.3579,C
LUX BW SOFT SKIN 750ML,6930.0,96.361,C
NAILCUTTER BIG,6929.99,96.3642,C
TOILET BRUSH DOUBLE,6919.0,96.3674,C
LB LEMON FRESH,6907.21,96.3706,C
CHOCOPARIS COMPOUND CHOCOLATE BIG,6900.0,96.3737,C
Ent P Perfume Alluring,6900.0,96.3769,C
Till Oil 2ltr,6900.0,96.38,C
WELLBELL ROLLED OATS 500GM,6900.0,96.3832,C
TOKLA MASALA TEA POUCH 200GM,6899.0,96.3864,C
BARAHI MUFFIN,6892.4,96.3895,C
Nivea Rollon Fre Fem 50ml,6890.0,96.3927,C
BIKANO MASALA PAPAD 150G,6889.98,96.3958,C
MOSQUITO BAT 638,6889.04,96.399,C
WHISPER ULTRA NIGHT XL+ 7S,6884.0,96.4021,C
SARBADA TEA 3KG,6879.98,96.4053,C
VCO ALGAE COCO OIL 180ML,6875.07,96.4085,C
Trident Watermelon,6860.0,96.4116,C
Niv W/SunLo Spf50 125ml,6857.12,96.4147,C
C&C F.W Lemon 100ml,6850.0,96.4179,C
OIL CLEAR LEMON FW 50ML,6840.04,96.421,C
BIKANO SOAN PAPDI 250GM,6840.0,96.4241,C
BRT GOOD DAY 250GM,6840.0,96.4273,C
MAC COFFEE 2IN1 CREAMER 240GM,6840.0,96.4304,C
Century Mango Pickle 400gm,6835.04,96.4335,C
BHAI MASALA LOVE SHAPE RAMRO,6830.0,96.4367,C
SURF XL B 250GM,6817.97,96.4398,C
Three Star Meat Ball (Chicken) 400gm,6815.0,96.4429,C
NILONS GULAB JAMUN POWDER 500GM,6800.04,96.446,C
AQUA PERFUME SPRAY 30ML,6800.0,96.4492,C
Krishma Mixnut 400gm,6800.0,96.4523,C
PATANJALI SOAP 750GM COMBO,6799.99,96.4554,C
P Dishwash Gel 250ml,6799.01,96.4585,C
PADELUX PANTYLINERS,6794.65,96.4616,C
DLITE BLUE BERRY 150GM,6765.0,96.4647,C
Niv Shea smooth 400ml,6765.0,96.4678,C
BRU INSTANT COFFEE 100GM,6760.0,96.4709,C
TRM SH HFD 580ML,6750.0,96.474,C
VAS HL BRIGHT 200ML,6750.0,96.4771,C
WOTTA GIRL 135ML (AMBER KISS),6750.0,96.4802,C
CHOCO HEAVEN 700GM,6749.0,96.4833,C
Rich Cream Mini Nat Black,6743.99,96.4864,C
AXE BODY SPRAY 150ML,6730.0,96.4895,C
Boroplush Cream 40gm,6730.0,96.4925,C
NILONS GULAB JAMUN POWDER 175G,6730.0,96.4956,C
MR DOWELLS 750ML,6720.0,96.4987,C
NAWON SEEDS 290ML (Cocktail),6720.0,96.5018,C
NAWON SEEDS 290ML (honey),6720.0,96.5049,C
NAWON SEEDS 290ML (Lychee),6720.0,96.5079,C
Pre KidCottonBud 640T,6720.0,96.511,C
BAM HING -25gm,6718.98,96.5141,C
NAWON SEEDS 290ML (Blueberry),6717.0,96.5172,C
MASSURA,6703.97,96.5203,C
Nail Polish Big,6698.12,96.5233,C
Frooti Pet 250ml,6684.98,96.5264,C
SS THICK &LONG 180ML,6680.02,96.5295,C
Battisa BireNun 200g (DIKKA),6679.2,96.5325,C
Krishma Alash 200gm,6672.61,96.5356,C
PREM DULHAN HAIR HENNA,6672.0,96.5386,C
DTT SOAP SKC 45GM,6670.71,96.5417,C
SETO BAGH VODKA 180ML,6660.05,96.5447,C
COL TBR REMOVES GERMS B2G1,6660.0,96.5478,C
SS Black Shine Conditioner 180ml,6660.0,96.5508,C
HAL PEANUT SALTED 360GM,6648.95,96.5539,C
PONDS BRIGHT BEAUTY 100G,6644.0,96.5569,C
SPORTS STEEL THERMOSH 600ML,6640.0,96.56,C
KLASSNO GOLD COFFE 200GM,6615.0,96.563,C
HIMA GENTLE BABY SOAP 125 G,6607.0,96.566,C
Rajer Machine,6600.02,96.5691,C
ABTT. PEDIASURE VANILLA 400GM,6600.0,96.5721,C
Bhai Masala (Big),6600.0,96.5751,C
DHONI MATIC 4KG+2KG,6600.0,96.5781,C
FAN MIX,6600.0,96.5812,C
Jordan Toothbrush(Individual Sensitive)Soft,6600.0,96.5842,C
NES CLAS SACHET 96*50G,6600.0,96.5872,C
PHEWA CHI MOMO (20PCS),6600.0,96.5902,C
HIMA BABY LOTION 200 ML,6585.0,96.5932,C
Nivea Rollon b&w 50ml,6579.99,96.5963,C
Sausage Stick,6579.98,96.5993,C
Nivea Cream 150ml,6578.0,96.6023,C
TRUST DALMOTH 320GM,6577.02,96.6053,C
Dranex 50g,6574.0,96.6083,C
GOODLIFE DARK MAGIC 75GM,6570.02,96.6113,C
CET MC250GM,6570.0,96.6143,C
LAXMI CHIURA MIX 200GM,6565.07,96.6174,C
Livon Pro Keratin Serum 100ml,6560.0,96.6204,C
CDM SILK RA 143GM,6550.0,96.6234,C
Kar Dig SugerFree Rs50,6550.0,96.6264,C
NEWLOOK BOX COLOR CREAM KIT 0000,6545.0,96.6294,C
Coco Soul Vcno Natural 250ml,6538.0,96.6324,C
NUPUR MEHENDI 150gm,6533.5,96.6354,C
SETO BAGH VODKA 375ML,6530.0,96.6383,C
COL TOTAL CHARCOL 150GM,6525.0,96.6413,C
Hal Bhujiya Plain 1kg,6524.99,96.6443,C
CAC HairOil 75ml,6523.49,96.6473,C
SITA RAM GHEE 500G JAR,6500.0,96.6503,C
TAKE AWAY CUP PLASTIC RAMRO,6499.99,96.6533,C
Hal Bhujiya Masala 1kg,6495.0,96.6562,C
SURF EXCEL MATIC 1KG,6480.0,96.6592,C
MAXSWEET 3PCS PACK,6478.14,96.6622,C
Hit Rat Glue Pad 25gm 100,6475.03,96.6652,C
Old Monk 180ml,6475.0,96.6681,C
DANT KANTI NATURAL TOOTHPASTE 100GM (CP),6466.09,96.6711,C
COL TBR FLOSS B2G1,6460.0,96.674,C
OLD MONK RUM 375ML,6450.0,96.677,C
RAZOR SHARP 5+1,6450.0,96.68,C
GLISTER PEANUT BUTTER 200GM,6440.01,96.6829,C
KENT POMACE OLIVE OIL 1000ML,6440.01,96.6859,C
GCG TOOTHBRUSH ADULT,6438.65,96.6888,C
SHIKHAR STICK NOODLES 500GM,6438.65,96.6918,C
AIK COFFEE MIX REG 450G,6435.0,96.6947,C
Goodlife Digestive Nuts Rs. 200,6435.0,96.6977,C
Pear P&G Natural Oil,6435.0,96.7006,C
UNITED LWA/SUKM MIX 50GM,6431.72,96.7036,C
Livon Sikly Serum 45ml,6431.04,96.7065,C
Nongshim Chapageti Spicy 137gm,6430.0,96.7094,C
KRISHMA CHAMSUR 100GM,6417.22,96.7124,C
W.F Drinking Chocolate 500gm,6400.0,96.7153,C
Unibic Fruit & Nut Cookies Family,6399.98,96.7183,C
No. 7191 WATER BOTTLE,6399.95,96.7212,C
MUTLI-7 GRAINS DIS COOKIES 250GM,6380.0,96.7241,C
Nycil Cool Herbal 150gm,6380.0,96.727,C
DRY KHATTO 200GM,6374.96,96.73,C
Nivea Rollon EneFre 50ml,6374.83,96.7329,C
Knorr Mix Veg Soup,6370.0,96.7358,C
SAGAR TIMUR CHOP 100GM,6370.0,96.7387,C
Trident TropicalTwist,6370.0,96.7416,C
Trident Orginal,6369.99,96.7446,C
Hilife Cornflakes Original 800g Jar,6368.0,96.7475,C
Sardine Roza Cumin 185g,6366.5,96.7504,C
TURBO BRIGHT D/A F/W 100gm,6360.0,96.7533,C
WAI WAI QUICK SHIN RAMYUN,6341.12,96.7562,C
Knorr Int.Italian Mushroom,6330.0,96.7591,C
Century Chat Masala 50gm,6323.91,96.762,C
Tiffany Eclairs 300g,6305.0,96.7649,C
NAWON SEEDS 290ML (Kiwi),6300.0,96.7678,C
CHOPPING BOARD (M),6299.99,96.7707,C
OG CHOCOLATE SYRUP 623GM,6295.02,96.7736,C
HAL SOAN PAPADI 500GM VEG,6290.0,96.7764,C
Black Mask (Mix),6285.09,96.7793,C
MAMAEARTH SERUM 50ML,6280.0,96.7822,C
Nature Room Spray 300ml,6280.0,96.7851,C
PLUM GREEN TEA FW 100ML,6280.0,96.788,C
Current SabjiMasala 100gm,6279.99,96.7908,C
Cet ML 118ml,6275.0,96.7937,C
Jordan Toothbrush 6-9 years,6275.0,96.7966,C
Century Chilly Tomato Ketchup 1Kg,6270.01,96.7995,C
Kodomo TBP 40gm Strawberry,6270.0,96.8023,C
UNITED LWA/SUKM MIX 100GM,6270.0,96.8052,C
XTRAA PLUS JUMBO 300GM*16,6270.0,96.8081,C
Krishma Pumpkin Seeds 100gm,6250.0,96.8109,C
RoyalGold Tissue 2Roll,6250.0,96.8138,C
DK CICA MOISTURIZER 60ML,6240.01,96.8167,C
DK WATERMELON FACEWASH 100ML,6240.0,96.8195,C
HIMALAYAN CHHURPI 100GM (MIX),6240.0,96.8224,C
Pampers Pants 36s LG,6240.0,96.8252,C
SPORT BOTTLE 1000ML H&C,6240.0,96.8281,C
BFB Marie SF 300g,6239.99,96.831,C
500ML ALEOVERA JUICE,6210.0,96.8338,C
EDC SWEET LOVE 100ML,6210.0,96.8367,C
NYANO BABY DIAPER L40,6210.0,96.8395,C
Safal Butter 500gm,6210.0,96.8423,C
Krishma Star Full 25gm,6200.02,96.8452,C
S.F. NATURE 500GM,6175.0,96.848,C
ANKIT DELUX CHOCOLATE 600GM,6169.79,96.8508,C
Niv Face&Bread Wash 100g,6160.0,96.8537,C
Krishma Dhaniya 100gm,6159.29,96.8565,C
Boroplush Cream 120gm,6159.19,96.8593,C
J.B SOAP 100G,6155.0,96.8621,C
J.B Baby Lotion 200ml pink,6150.0,96.8649,C
Tender XXL22,6120.0,96.8678,C
Whisper Ultra Night XXL7S,6116.59,96.8706,C
Lott Pepero Almond 320gm,6105.01,96.8734,C
KRISHMA PINEAPPLE SLICE 100GM,6105.0,96.8762,C
Neem Toothpaste 100g,6099.01,96.8789,C
KRISHMA KHURPANI 100GM,6095.0,96.8817,C
More Light 500g,6095.0,96.8845,C
SCISSOR K-20,6090.0,96.8873,C
BOURNVITA JAR 1 KG,6080.0,96.8901,C
GURKHAS & GUNS 180ML,6080.0,96.8929,C
SV MOONG DAL 160GM,6080.0,96.8957,C
J.b Shampoo 100ml,6064.0,96.8985,C
Super Nutri Creamy PB 510gm,6060.0,96.9012,C
Goldiee Haldi 500g,6050.02,96.904,C
CNS Mini 3-95,6044.0,96.9068,C
Battisa BireNun 100g,6039.6,96.9095,C
Padlock 32mm,6035.0,96.9123,C
JUNELI SOAP 100GM,6030.0,96.9151,C
KAPRIKA DIAMOND T12,6020.0,96.9178,C
DILING KAPUR 150GM,6015.0,96.9206,C
NAN PRO 2 FUF BIB 400GM,6000.0,96.9233,C
No. 7265 WATER BOTTLE,6000.0,96.9261,C
Unibic Choconut Cookies Family,5999.99,96.9288,C
PEP 40G AGNI,5999.4,96.9316,C
Patanjali Detergent Powder 500g,5999.05,96.9343,C
CURRENT SHRIMP CRACKER 50GM,5999.04,96.9371,C
Gulcon D Instant Energy 400gm,5999.0,96.9398,C
Indica Easy Black 1,5999.0,96.9426,C
Floss Toothpick,5997.0,96.9453,C
Parle Digestive 200gm,5993.12,96.9481,C
Nivea Rollon Deep Male 50ml,5990.0,96.9508,C
Cob Perfume 50ml,5980.0,96.9536,C
DOUBLE WATER BOTTLE 570ML,5980.0,96.9563,C
PAPAYA WASH 120ML,5960.0,96.959,C
PaperPlate No.6,5954.8,96.9618,C
BALLON MIX 100PCS,5950.02,96.9645,C
HILIFE BASMATI RICE 5KG,5950.02,96.9672,C
FD NIGRIFIX 100GM,5950.0,96.9699,C
KITKAT 4FRED,5950.0,96.9727,C
GOODLIFE APPLE 200ML,5949.99,96.9754,C
Uncle Chips plain salted 50gm,5940.01,96.9781,C
BLACK HIT SPRAY 200ml,5940.0,96.9808,C
Hal Navratna 1kg,5940.0,96.9836,C
Tender XL32,5940.0,96.9863,C
HOT WATER BAG,5925.0,96.989,C
LAVERLAND CRUNCH 4.5GM9PCS WASABI,5925.0,96.9917,C
Comfort Fab Con Blue 860ml,5920.0,96.9944,C
Comfort Fab Con Pink 860ml,5920.0,96.9971,C
MASMELLOUS 18GM,5919.23,96.9999,C
PENTONIC BALL PEN BLACK,5918.56,97.0026,C
Bindhyabasini Fruit cake,5915.0,97.0053,C
Kikkoma Soya Sauce 1L,5910.0,97.008,C
Old Marpha Brandy 180ml,5910.0,97.0107,C
STAYFREE ALLNIGHT 42P,5910.0,97.0134,C
AMUL KOOL KOKO 180ML,5905.0,97.0161,C
TRUST LWANG 25GM,5900.04,97.0188,C
Nivea Rollon Protect & Care 50ml,5900.0,97.0215,C
Weifield Baking Powder 100gm,5899.0,97.0242,C
ADDIDAS SHOWERGEL 400ML,5895.0,97.0269,C
Asta Berry Sun 30/50 UV Guard,5894.09,97.0296,C
Jordan Toothbrush(Target White)Soft,5890.0,97.0323,C
SAHNAI KALO DAL 1KG,5889.99,97.035,C
Ferrero Neuttela Spread 180gm,5880.0,97.0377,C
Niv Shea smooth 600ml,5880.0,97.0404,C
SEKUWA STICK,5880.0,97.0431,C
SPONGE FORM PADS 5PCS SET,5880.0,97.0458,C
Battisa Timur Dhulo 100g,5879.99,97.0485,C
CDM  LOLLY 8GM,5860.0,97.0512,C
Gar OilClear F/w 100ml,5860.0,97.0539,C
COL CIB FLORIDE 65GM,5856.03,97.0566,C
WELLBELL OATS 300GM,5854.61,97.0592,C
DK VITA C+E FACEWASH 100ML,5850.0,97.0619,C
PAICHO MIX PICKLE 1kg,5850.0,97.0646,C
BYT BADAM DRINKS 180ML,5849.0,97.0673,C
Weikfield CornFlour 100gm,5848.0,97.07,C
NAILCUTTER BABY,5844.02,97.0726,C
GEL BOX HAIR COLOR 3.16 150ML,5842.19,97.0753,C
Eveready Ultima AA 2015,5838.49,97.078,C
CLOSEUP RED 38G,5820.0,97.0807,C
Niv MilkLotion 75ml,5819.0,97.0833,C
PREETI RS15,5814.98,97.086,C
BRT 50-50 TIME PASS 30GM,5814.06,97.0887,C
DOMS COLOR PEN BIG,5808.62,97.0913,C
MR BIO ORG CEREALS 200GM,5807.0,97.094,C
WAWA RICE CRACKER 200M (NATURAL),5801.0,97.0966,C
Laxmi All Time Mix 500gm,5800.0,97.0993,C
Haldiram Chana Cracker 200gm,5796.81,97.1019,C
LAVERLAND CRUNCH 4.5GM9PCS CHEESE,5790.0,97.1046,C
HORLICKS CLASSIC MALT REFILL 500Gm,5786.02,97.1073,C
SPONGE FORM PAD 3PCS,5774.99,97.1099,C
HILIFE CHOCO FILLS 150GM,5771.52,97.1125,C
Nivea Rollon Whi Sensitive 50ml,5765.03,97.1152,C
P Aloevera Gel 150ml,5765.02,97.1178,C
BERLINO FRUZY LEMON 400GM,5760.0,97.1205,C
DAMI KODO KO PUFF,5760.0,97.1231,C
Lipton Green Tea Raspberry mint 25s,5760.0,97.1257,C
Wowper Baby Pants XXL22pcs,5750.0,97.1284,C
Acnes Pure White Cleanser 100g,5743.0,97.131,C
PENCIL CASE NO.768,5740.0,97.1336,C
Bajaj Hair Oil 45ml,5737.01,97.1363,C
PHC BLACK,5735.01,97.1389,C
A TASTE SODA BIS SF BLACK TRUFF,5725.0,97.1415,C
Lott Pepero Original 320gm,5725.0,97.1441,C
MCV Hobnob Bis 75g,5722.93,97.1468,C
Cook Cap,5720.01,97.1494,C
Hilife Museli Seeds 400gm,5720.0,97.152,C
BATH SPONGE COLOR LARGE,5714.63,97.1546,C
KRISHMA MARIJ 25GM,5709.92,97.1572,C
GAIA CRUNCHY MUSELI FRUIT&NUT 1KG,5700.0,97.1599,C
UNITED LWANG 50GM,5700.0,97.1625,C
CENTURY JAL JEERA 50GM,5697.8,97.1651,C
PENCIL CASE NO.3971/3076,5680.0,97.1677,C
Cavins Orange Bis Milkshake,5670.01,97.1703,C
Cavins Pre Malt Milkshake,5670.0,97.1729,C
Padlock 25mm,5668.57,97.1755,C
J.B HAIR OIL 100ML,5659.0,97.1781,C
EUROSOFT BABY PANTS XXL34 ,5652.21,97.1807,C
A TASTE GOODVITA 380GM (NO SUGAR),5640.0,97.1832,C
DAMI OATS KO PUFF,5640.0,97.1858,C
HYDRA MOIST CONDITIONER 180ML,5639.99,97.1884,C
GLISTER PEANUT BUTTER 340GM,5638.99,97.191,C
Battisa Chilly Powder 200g,5635.0,97.1936,C
DDC Dahi 500ml,5634.02,97.1962,C
ONION TREATMENT 500ML,5634.0,97.1987,C
Fogg Marco 120ml,5629.0,97.2013,C
HAIR VITAMIN,5625.0,97.2039,C
HARMONY PREMIUM SOAP 135GM (JASMINE),5624.0,97.2065,C
Okhati Sancho,5621.35,97.2091,C
DOMS POSTER COLOUR,5619.9,97.2116,C
Kodomo TBP 40gm Grapes,5610.0,97.2142,C
Nimbu Pani 1.5ml,5610.0,97.2168,C
WHITE RABBIT 58GM,5610.0,97.2193,C
Kodomo TBP 40gm Bubble,5609.0,97.2219,C
UNITED GAP BISCIUTS STICK 23GM (MILK),5609.0,97.2245,C
Trust Cutting Mishri 500g,5605.01,97.2271,C
Padlock 30mm,5605.0,97.2296,C
LIA DHOP RS.100,5604.98,97.2322,C
Nivea Rollon Fre Male 50ml,5602.98,97.2348,C
Battisa Marich Dhulo 100g,5600.07,97.2373,C
PENCIL COLOR,5598.38,97.2399,C
AER SPRAY MORNING MISTY MEADOWS 240ml,5580.0,97.2425,C
BFB Ruskit Gold 180g,5580.0,97.245,C
KOJIC ACID FACE WASH 100GM,5580.0,97.2476,C
POKO MANGO DRINK 150ML,5580.0,97.2501,C
Battisa Masala,5578.21,97.2527,C
WOTTA GIRL 135ML (MYSTIC ISLAND),5575.0,97.2552,C
Sheet Mask,5573.15,97.2578,C
HAL RASGULLA 1KG+250GM,5565.0,97.2603,C
Jordan Toothbrush(Alfa Change Me)2in1,5560.06,97.2629,C
UNITED LWANG 100GM,5550.01,97.2654,C
CNS 7.65,5550.0,97.268,C
TRUST LWANG 100GM,5547.08,97.2705,C
Sunfeast Dark Choco Roll Rs.75,5535.01,97.2731,C
KAGUNO 1KG,5525.21,97.2756,C
PAICHO MEXICAN SAUCE 2.5KG,5520.01,97.2781,C
320G SWEET CHILI,5520.0,97.2806,C
AMUL LASSI 250GM,5520.0,97.2832,C
Krishma Premium Kaju 500gm,5520.0,97.2857,C
LUV BUTTER 250GM,5520.0,97.2882,C
PINEAPPLE SLICE 450GM,5520.0,97.2908,C
PLASTIC BAG No.4,5520.0,97.2933,C
HIMA BABY POWDER 200G,5515.0,97.2958,C
CURRENT CHK NOODLES,5505.0,97.2983,C
NIVEA HYDRATION LOTION 380ML,5505.0,97.3009,C
Krishma Premium Kaju 200gm 210W,5500.0,97.3034,C
No. 10 Moto  Candle,5500.0,97.3059,C
JONSON SOFT CREAM 100ML,5495.03,97.3084,C
Nivea Rollon P&B 50ml,5495.0,97.3109,C
GLADE HIF FRUITY FRESH 10GM,5490.0,97.3135,C
AIRCARE KAPUR 500GM,5489.99,97.316,C
Sahnai Aata 5kg,5480.14,97.3185,C
HIT RAT CAKE,5478.89,97.321,C
BAGRRYS NUTTY MIX FRUIT 850GM,5475.0,97.3235,C
DOVE SHOWER GEL 200ML,5475.0,97.326,C
TIGER BALM 10G WHITE,5475.0,97.3285,C
7 Plus Surf 500gm,5474.0,97.331,C
OATS CRISP 180gm,5459.99,97.3335,C
BORO SOFT CREAM 50ML,5440.0,97.336,C
CNS 7.3,5430.0,97.3385,C
CNS Mini 4-89,5425.0,97.341,C
DR RASHEL SERUM,5425.0,97.3435,C
Ent Shower Gel Alluring 250ml,5425.0,97.346,C
Kar Coco Bis Rs. 20,5425.0,97.3485,C
Goodlife Digestive Nuts Rs.100,5415.0,97.3509,C
OKHATI PAPAYA WHITENING SOAP 125G,5405.0,97.3534,C
GLADE HIF LEMON 10GM,5400.02,97.3559,C
TRM SH KS 580ML,5400.0,97.3584,C
PENCIL CASE HEAVY,5399.0,97.3608,C
Kitchen Knife A-202,5398.96,97.3633,C
Paicho Akabare Paste 400gm,5390.0,97.3658,C
Trident Bubblegum,5390.0,97.3683,C
BSK EATFIT DIGEST 100% AATA 175G,5372.52,97.3707,C
Col TBR Cibaca,5369.42,97.3732,C
Joy HoneyAlm Cream 100ml,5365.0,97.3756,C
SAMYANG 2X RAMYUN CUP,5364.0,97.3781,C
Super Nutri Crunchy PB 340gm,5360.0,97.3805,C
LONG STICK,5355.01,97.383,C
NESCAFE RTD INT CND 30*180ML,5346.0,97.3855,C
KWIKS PEANUT BAR 30GM,5340.0,97.3879,C
VAS HL BRIGHT 100ML,5340.0,97.3903,C
MA PO PANTS M46,5332.0,97.3928,C
Bisk Club Veg Crackers Bis,5320.0,97.3952,C
Chopstick,5310.0,97.3977,C
Nivea Soft Cream Jar 300ml,5310.0,97.4001,C
CHINO 1KG,5300.0,97.4025,C
BALLON 100PCS,5290.02,97.4049,C
WASHING MACHINE CLEANER 15G,5290.0,97.4074,C
HAL ALL IN ONE 1KG,5289.0,97.4098,C
GOURMET VIENNA BBQ SAUSAGE,5280.0,97.4122,C
Hugs Choco Pouch,5280.0,97.4146,C
Panda Kit Towel 220gm 4Roll,5280.0,97.4171,C
SMOODH CHO HAZELNUT 150ML,5280.0,97.4195,C
WHISPER CHOICE NIGHT XXL6 S,5277.0,97.4219,C
DIS LIGHTER G SAVE,5270.04,97.4243,C
Stanfresh Handwash 500ml (rose),5270.0,97.4267,C
Unibic Sugar Free Digestive Cookies,5270.0,97.4291,C
WottaGirl BodySplash 100ml(Cupid Heart),5270.0,97.4316,C
Ent Talc Romantic 100ml,5253.0,97.434,C
BAM ROASTED VERMICELLI-150gm,5250.1,97.4364,C
C&C F.W Aqua 100ml,5250.0,97.4388,C
Doriva Magic Truffle 400g,5250.0,97.4412,C
FPC FOOD WRAP SMALL PLASTIC,5250.0,97.4436,C
Godrej Ezee 1l,5250.0,97.446,C
Krishma Okhar 300gm,5250.0,97.4484,C
WOTTAGIRL BLISTER 60ML (AMBER KISS),5250.0,97.4508,C
Padlock 38mm,5246.77,97.4532,C
Cadel Olive Oil 500ml,5235.0,97.4556,C
Gas Pipe Set,5225.0,97.458,C
HRP ITC STFISH CIT 50gm,5224.95,97.4604,C
Lipton Green Tea Lemon Zest 25s,5220.0,97.4628,C
REAL JAMUN 1LTR,5220.0,97.4652,C
Wowper Baby Pants XL36pcs,5220.0,97.4676,C
DILING KAPUR 100GM,5215.0,97.47,C
Kleen Shae Razor,5210.02,97.4723,C
Premier Pocket Tissue 10PCS,5200.0,97.4747,C
Valdouro Porto RubyRed 75cl,5200.0,97.4771,C
Lipton Green Tea Clear light 25s,5176.0,97.4795,C
NYANO BABY DIAPER S46,5175.0,97.4819,C
NEWLOOK GLYCERM LIQ 100ML,5171.41,97.4842,C
BARAHI S.WHITE BREAD,5170.01,97.4866,C
Jordan Tooth Brush Smile Soft,5153.49,97.489,C
Plastic Doona No.7,5150.03,97.4913,C
DABUR KHAJURPRASH 500GM,5150.0,97.4937,C
HIMA BABY MASAGE OIL 100 ML,5150.0,97.496,C
No. 7172 WATER BOTTLE,5150.0,97.4984,C
TOILET CLEANER 10PCS,5145.0,97.5008,C
Victory Jeera 50g,5144.34,97.5031,C
Kar Goodbite Orange 500gm (RS200),5130.01,97.5055,C
Century Mix Pickle 1kg,5130.0,97.5078,C
7O CLOCK PII RAZOR (R+1),5125.0,97.5102,C
HARMONY PREMIUM SOAP 135GM (LAVENDER),5124.03,97.5125,C
MANA KO ICE ADD JUICE 200ML,5115.0,97.5149,C
GOURMET VIENNA GREEN CHILLY 400GM,5105.0,97.5172,C
PLUM ROSE WATER 100ML,5095.0,97.5195,C
KLASSNO RICH COFFE 50GM,5060.0,97.5218,C
DTT ASL REG 60ML,5054.83,97.5242,C
Century Museli 475gm,5052.07,97.5265,C
AMUL BAR CHO 150G MILK,5040.0,97.5288,C
Easy Care Adult Diaper 10pcs,5040.0,97.5311,C
LOTTE FUSEN GUM COLA LEMON,5040.0,97.5334,C
MA PO PANTS XXL26,5040.0,97.5357,C
Niv MilkLotion 600ml,5040.0,97.538,C
PONDS ACNE CLEAR 100G,5040.0,97.5403,C
SANIFRESH USHINE 500ML,5039.99,97.5426,C
BARARI BLACK SALT 200GM,5038.79,97.545,C
Nivea Rollon Q10 50ml,5035.0,97.5473,C
ABTT. PEDIASURE CHOCOLATE 400GM,5030.0,97.5496,C
Brt Gobbles fruity Fun 90gm,5015.07,97.5519,C
Kaacha Mango,5015.0,97.5542,C
HARMONY PREMIUM SOAP 135GM (ROSE),5000.03,97.5565,C
CURRENT POTATO STICKS 50GM,4999.0,97.5587,C
Kapur 25g,4997.33,97.561,C
LARK BEAUTY SOAP 150GM (LAVENDER),4995.04,97.5633,C
Parachute Jasmine oil 300ml,4990.0,97.5656,C
Hair Remover Wax 250gm,4988.0,97.5679,C
COCOA POWDER 400GM,4980.0,97.5702,C
COL CHARCOL CLEAN 120+120GM,4980.0,97.5725,C
H&S SHAMPOO SILKY BLACK 650ML,4980.0,97.5747,C
BAGRRYS PROTEIN MUSELI 500GM,4979.99,97.577,C
SCRUBER RUMAL RS.20,4977.24,97.5793,C
APRON,4975.0,97.5816,C
Cocon Pudding,4970.0,97.5839,C
MAMAEARTH SUN 150ML,4970.0,97.5861,C
SURF MT TLIQ 1L,4962.85,97.5884,C
AG MAYONNAISE 16 OZ,4960.0,97.5907,C
CNS MINI 1-89,4960.0,97.593,C
DR WOOL FABRIC 1LTR,4960.0,97.5952,C
FLORONA PETROLEUM JELLY 120ML,4960.0,97.5975,C
HAIR TREATMENT 420ML,4960.0,97.5998,C
Hal Soya Stix 150gm,4960.0,97.6021,C
LB HW Red 750ml,4960.0,97.6043,C
PAR ADV BABY MASSAGE OIL 200ML,4960.0,97.6066,C
Pran Frooto 1l,4960.0,97.6089,C
ENAUNIQ INHALER,4959.3,97.6111,C
nail polish leito,4950.06,97.6134,C
BFB Masala Cream Crackers SF 250g,4950.01,97.6157,C
HILIFE CHOCO FILLS 500GM jar,4950.0,97.618,C
KIMU BADAM DRINK 180ML,4950.0,97.6202,C
No. 7100 WATER BOTTLE,4950.0,97.6225,C
PHEWA CHI. MOMO (5 PLATE),4950.0,97.6248,C
SOJU DRINK 300ML,4950.0,97.627,C
DTT Shav Cream Fresh 60gm,4947.19,97.6293,C
Century Fish Masala 50gm,4938.71,97.6316,C
OKHATI BATH SOAP 100G,4937.48,97.6338,C
NEWLOOK HAIR SERUM 47.5ML,4935.0,97.6361,C
KRACKS CHIPS 110GM CHEESE,4929.0,97.6383,C
FOOT BRUSH 4IN1,4920.0,97.6406,C
Jordan Tooth Brush Classic Double Action,4917.62,97.6428,C
Kleen Shave Razor(RC),4900.01,97.6451,C
Carlsberg 330ml Bottle,4900.0,97.6473,C
Kitchen Knife A-201,4900.0,97.6496,C
MAMA BHUJIYA,4900.0,97.6518,C
Organic Green Tea 100Bags,4900.0,97.6541,C
PLUM VITAMIN C SERUM 30ML,4895.19,97.6563,C
BOUNTY MINIATURES 150GM,4895.0,97.6586,C
PARLE MAGIX BIS 75GM,4882.6,97.6608,C
RICE CRACKERS 69.5GM (SEAWEED),4875.0,97.663,C
HARMONY PREMIUM SOAP 135GM (SUNFLOWER),4873.0,97.6653,C
Knorr Chicken Soup,4870.01,97.6675,C
Nimbu Pani 2.25ml,4870.0,97.6697,C
PENCIL CASE NO.42,4868.26,97.672,C
Freshly Yellow Mustard 397ml,4860.01,97.6742,C
OREO BIS. VANILLA 100G,4860.01,97.6764,C
EDC LOVE AT FIRST SIGHT 100ML,4860.0,97.6786,C
Lakme SPF 50_100ml,4860.0,97.6809,C
BABY RAINCOAT SINGLE,4850.0,97.6831,C
LB HW RED B1G1 180ML,4849.02,97.6853,C
NEBICO VEGGIE CRACKERS,4845.0,97.6875,C
BRU GOLD COFFEE 55GM,4840.0,97.6898,C
MOGU MOGU ICE TEA 450ML (LEMON),4840.0,97.692,C
WELLBELL Cornflakes Org 500gm,4840.0,97.6942,C
Asta Berry Sun 60/50 UV Guard,4839.99,97.6964,C
Livon Sikly Serum 50ml,4832.02,97.6986,C
Pre KidCottonBud 200T,4830.0,97.7008,C
SnowSpray 1.0oz,4829.0,97.703,C
MY INTIMATE COMPANION 290MM (8P),4827.99,97.7053,C
Jordan Tooth Brush Classic Medium,4813.62,97.7075,C
120GM RINNA CANDY,4810.0,97.7097,C
SANTOOR H/W MILD 700ML,4803.5,97.7119,C
500ML ALEOVERA SF JUICE,4800.0,97.7141,C
D-ONE RICH MILK 900GM,4800.0,97.7163,C
DRY APPLE,4800.0,97.7185,C
Lighter Mini,4800.0,97.7207,C
URJA BASMATI 5KG,4800.0,97.7229,C
P Lip Balm,4799.16,97.7251,C
KITKAT 2F 24 22.1G,4798.11,97.7273,C
RAZOR WOMEN PINK,4786.08,97.7295,C
MASK BOX,4780.01,97.7317,C
AER MA CAN PINK 225ML,4780.0,97.7338,C
PLASTIC BAG No.5,4770.0,97.736,C
Mcv Hobnob Big Choco Chips 153.8gm,4765.0,97.7382,C
Joy Honey body lotion 100ml,4760.0,97.7404,C
624g Strawberry Syrup,4750.0,97.7426,C
GAULE PHAPAR SEEDS 1kg,4750.0,97.7447,C
2PM TRY MEE BIS,4747.29,97.7469,C
GAULE PHAPARKO DANA,4746.36,97.7491,C
Rara Turmeric Powder 500gm,4735.06,97.7513,C
Hal Gulabjamun 500gm,4730.0,97.7534,C
Hanami Prawn Crackers Teen 110g,4730.0,97.7556,C
FUNFEAST LEMON DIG 300GM,4729.01,97.7578,C
LARK BEAUTY SOAP 150GM (PEARL),4725.0,97.7599,C
MANAKAMANA TILL OIL 500ML,4725.0,97.7621,C
FLORONA PETROLEUM JELLY 60ML,4720.0,97.7643,C
NEWLOOK GLYCERM LIQ 50ML,4718.4,97.7664,C
MAXSWEET 5PCS LOVE,4715.0,97.7686,C
CNS 6.62,4710.0,97.7707,C
Evil Energy Drinks 250ml,4700.0,97.7729,C
Parle 20-20 Cashew Cookies 200gm,4690.01,97.775,C
Papercup 250ml,4680.04,97.7772,C
B.HAIR COLOR STREAX (4.3-G Brown) 50ML,4680.0,97.7793,C
DIDIAN CHEESE CREAM 200GM,4680.0,97.7815,C
DIDIAN VEG VRACKERS 200GM,4680.0,97.7836,C
EXTRA VIRGIN COCONUT OIL 550ML,4680.0,97.7858,C
MODERN AJWAIN PUFF 150GM,4680.0,97.7879,C
Navaratna Oil 90ml,4680.0,97.7901,C
NIVEA MILK LOTION 200ML,4680.0,97.7922,C
Niv MilkLotion 200ml,4680.0,97.7944,C
Niv Shea smooth 200ml,4680.0,97.7965,C
PAR ADV BABY NOURISHING CREAM 50GM ,4680.0,97.7986,C
SOFTY BABY PANTS S5,4680.0,97.8008,C
VITAMIN C FACE MOISTUIRE,4679.97,97.8029,C
Oil Clear Lemon Facewash 150ml,4669.96,97.8051,C
NESCAFE ALL IN 1 FRAPPE,4656.01,97.8072,C
Hario Kerau,4655.0,97.8093,C
Fair & Handsome 30gm,4650.0,97.8115,C
SANTOOR H/W CLASSIC 700ML,4650.0,97.8136,C
CAMEL COLOR 12 SHADES,4646.98,97.8157,C
Eveready Ultima AAA 2012,4640.0,97.8179,C
KRACKS CHIPS 110GM ORG,4640.0,97.82,C
NOURISHING SKIN CREAM 50ML,4636.03,97.8221,C
DELISH BANANA HONEY 180ML,4620.0,97.8242,C
HAL SOANPAPADI 250GM,4620.0,97.8263,C
Jordan Toothbrush (Clean Smile) SOFT,4620.0,97.8285,C
KRIRA RED WINE 750ML,4620.0,97.8306,C
SPORTS STEEL THERMOSH 750ML,4620.0,97.8327,C
NES RS13 ICE ROAST,4612.91,97.8348,C
FUN BUTTER COOKIES 150GM,4600.01,97.8369,C
7W Everyday Led Bulb,4596.0,97.839,C
Cet OSC 60ml,4590.02,97.8411,C
Nivea Rollon Silv Pro,4590.0,97.8432,C
NYANO BABY DIAPER XXL22,4590.0,97.8453,C
DOVE Shampoo HFR 175ml,4578.0,97.8474,C
PIMPLE PATCH,4575.0,97.8495,C
SWASTHA REG MUSTARD OIL 5LTR,4570.0,97.8516,C
Sunfeast Dark Fant Choco Roll 9.5gm,4569.6,97.8537,C
DLITE DRIED CRANBERRY 150GM,4565.0,97.8558,C
Maxell Alkaline D-Size,4565.0,97.8579,C
Nivea Spray Fem Fresh 150ml,4565.0,97.86,C
BARAHI LONG BUN 4PCS,4560.0,97.8621,C
GAIA CRUNCHY MUSELI DIET 1KG,4560.0,97.8642,C
Kar Goodbite Blue 500gm (RS200),4560.0,97.8663,C
CHICKEN KHURAK,4558.0,97.8683,C
SPONGE BLOCK 1PCS,4550.02,97.8704,C
SANTOOR H/W CLASSIC 1.5LTR,4550.0,97.8725,C
BAM VERMICELLI SCR-150gm,4544.96,97.8746,C
RICH MOISTURIZER 50ML,4542.98,97.8767,C
DOMS COLOR PLATE,4538.08,97.8788,C
CLEAR MEN SHAMPOO 625ML,4530.0,97.8808,C
HIMA BABY HAIR OIL 200 ML,4525.0,97.8829,C
J.b Shampoo 50ml,4519.99,97.885,C
BLUEBERRY BOTOX SHAMPOO 800ML,4515.0,97.8871,C
Veet Wax Sen Full Body,4510.0,97.8891,C
AIR CARE,4505.0,97.8912,C
Nongshim Sea Food Ramyun,4505.0,97.8932,C
KAPRIKA HEART T8,4500.01,97.8953,C
MADDOX SW WAFER 80GM,4500.01,97.8974,C
H&S Shampoo Deep Cleanse 650ml,4500.0,97.8994,C
Krishma Mishri 400g,4500.0,97.9015,C
Patanjali Superior Powder 2kg,4500.0,97.9036,C
RASNA 400GM FRUIT COCKTAIL,4500.0,97.9056,C
GLADE HIF LAVENDER 10GM,4496.21,97.9077,C
CNS MINI 5.32-89,4495.0,97.9097,C
DIDIAN CREAM CRACKER 200GM,4485.0,97.9118,C
Moov Cream Reg 50gm,4485.0,97.9139,C
TRUST PEANUT 200GM,4485.0,97.9159,C
Britaninna Gobbles fruity Fun 110gm,4484.0,97.918,C
240ML COFFEE,4480.0,97.92,C
TOILET BRUSH STAND,4480.0,97.9221,C
SAFAL DHAPA DAHI 125ML,4479.0,97.9241,C
Kodomo TBP 65gm Orange ,4470.0,97.9262,C
Patanjali Detergent Powder 2KG,4465.0,97.9282,C
Nivea Rollon Cool Click 50ml,4464.99,97.9303,C
DRUK TOMATO CHILLI 200ML,4461.31,97.9323,C
Dam Aabir 175g,4460.04,97.9343,C
HANGER FANCY BIG,4460.0,97.9364,C
LARK BEAUTY SOAP 150GM (AVOCADO),4455.04,97.9384,C
Nivea AfterShave Blam Original 100ml,4455.0,97.9405,C
A TASTE LOARKOZE 320GM (HIGH FIBER),4450.0,97.9425,C
ONION SHAMPOO 400ML,4450.0,97.9446,C
TURBO BRIGHT PW FAIRNESS F/W 100gm,4450.0,97.9466,C
HORLICKS CLASSIC REFILL 1KG POUCH,4440.0,97.9486,C
BATH JALO ROLL,4439.99,97.9507,C
CURRENT 2IN1 CHATPAT VEG,4439.56,97.9527,C
SV NUT CRACKERS RS.100,4438.99,97.9547,C
Roza F.M Chilli 140g,4438.0,97.9568,C
C&C FW 50ML LEMON,4436.31,97.9588,C
Jordan Toothbrush(Expert Deep Clean)UltraSoft,4420.09,97.9608,C
B.HAIR COLOR STREAX (0.6-F Red) 50ML,4420.0,97.9628,C
HORLICKS CLASSIC REFILL 500GM POUCH,4420.0,97.9649,C
Three Star Chi Burger Patty 4pcs,4420.0,97.9669,C
RICH CREAM BURGUNDY MINI,4415.03,97.9689,C
Para Adv Aleovera oil 150ml,4415.0,97.9709,C
J.B SOAP 75G,4412.8,97.973,C
More Light Detergent 4kg,4410.0,97.975,C
Trident Peppermint,4410.0,97.977,C
WHITE RABIT 39GM,4407.9,97.979,C
Jordan Toothbrush(Target Sensitive)UltraSoft,4406.39,97.9811,C
TULSI SLIVER POUCH 5X7,4400.01,97.9831,C
Nivea Nfm Deep Wash Gel 100ml,4400.0,97.9851,C
Safal Panner 200gm,4400.0,97.9871,C
Sahnai Chakki Aata 5kg,4400.0,97.9891,C
WATER BOTTLE 1500ML 7171,4400.0,97.9911,C
Niv Men Ext.White10x 100g,4399.0,97.9931,C
Urinal Cube 300gm,4395.0,97.9952,C
OIL CLEAR LEMON FW 100ML,4394.0,97.9972,C
BTC Silk & Shine 500ml,4390.0,97.9992,C
Century Soya Sauce 350gm,4367.4,98.0012,C
Jordan Toothbrush Junior 5-10years,4358.0,98.0032,C
Organic Green Tea 50Bags,4350.15,98.0052,C
KRACKS CHIPS 110GM BBQ,4350.01,98.0072,C
BALLON LOVE ,4350.0,98.0092,C
KRACKS CHIPS 110GM HOT & SPICY,4350.0,98.0112,C
Triloki Steam Sona 25kg,4350.0,98.0132,C
Wellness Him Adult Diaper XL10p,4350.0,98.0151,C
NUPUR MEHENDI 50gm,4340.0,98.0171,C
WottaGirl BodySplash 100ml(Current Crush),4340.0,98.0191,C
MARSI CHAMAL 1KG,4335.0,98.0211,C
Hima Vitamin C Strawberry FW 100ml,4329.0,98.0231,C
Plastic Thali No.7,4320.01,98.0251,C
DRUK MIXED PICKLE 400ML,4320.0,98.0271,C
GOURMET VIENNA BUFF HOT DOG 400GM,4320.0,98.029,C
Laxmi Sada Chiura 650g,4320.0,98.031,C
Nice & Easy 1000ml,4320.0,98.033,C
PITAMBARI 500GM,4320.0,98.035,C
Pooja Gold,4320.0,98.037,C
HRP ITC STFISH LAV 50gm,4314.97,98.0389,C
Sada Chiura Bhagwati,4305.04,98.0409,C
HIMA BABY Shampoo 100 ML,4305.0,98.0429,C
VOGS MUGELLO 25G,4305.0,98.0448,C
Storia Coconut Water 180ml,4300.0,98.0468,C
Unibic Butter Cookies Family,4300.0,98.0488,C
GLUE STICK 35GM,4298.63,98.0508,C
NESCAFE CLAS 190G PR COLD COFF GLS,4290.0,98.0527,C
PAICHO RED PEPPER W GARLIC  ( 400gm),4290.0,98.0547,C
THREE FISH FINGER 400GM,4290.0,98.0567,C
No. 7 Candle,4289.0,98.0586,C
KUJU CHO 900GM,4280.0,98.0606,C
Sachet Hair Color Streax 0.6-FR 20ml,4280.0,98.0625,C
SnB French Fries 1kg,4279.99,98.0645,C
DIARY NO. 201,4275.0,98.0665,C
SUNSILK SH BLACK 80ML,4273.48,98.0684,C
PLUM PAPAYA FW 100ML,4272.48,98.0704,C
FRENCH FRIES 1KG,4270.0,98.0723,C
PLM 100ML,4270.0,98.0743,C
Para Adv Aleovera oil 250ml,4260.0,98.0762,C
Nongshim Soon Veggie Cup 67gm,4255.0,98.0782,C
RAKURA CHAMOMIEE TEA 25TB,4254.0,98.0801,C
BAM  RASGULLA-500gm,4252.9,98.0821,C
Laxmi Special Bhujiya 200gm,4250.0,98.084,C
Ultra LONG C2,4250.0,98.086,C
Only Double Packer 16pcs,4240.0,98.0879,C
Tasty Venegar 650ml,4239.99,98.0899,C
Padlock 65mm BIG,4235.0,98.0918,C
HOT WATER BAG ELETTRICA,4230.0,98.0938,C
MAKAI CHIURA CHEESE 250GM,4230.0,98.0957,C
Super Nutri Creamy PB 340gm,4230.0,98.0976,C
Nivea Rollon Dry Female,4229.0,98.0996,C
Wall Hook 4pcs,4228.16,98.1015,C
AMUL CASHEW COOKIES 50GM,4223.69,98.1034,C
SUN BLOCK 30  100 GM,4220.0,98.1054,C
Natural Juice Mango 1l,4215.0,98.1073,C
MARSHMALLOW 100GM,4205.0,98.1092,C
Krishma Cutting Mishri 200g,4200.03,98.1112,C
DAMI KODO BIS SF 100GM,4200.0,98.1131,C
DDC Butter 200g,4200.0,98.115,C
DOVE BAR WHITE 3x100g,4200.0,98.1169,C
FAREX 1,4200.0,98.1189,C
Padlock 50mm YELLOW,4200.0,98.1208,C
SANTOOR H/W FRESH 200ML,4200.0,98.1227,C
SANTOOR ORANGE SOAP 100x4,4200.0,98.1246,C
WOTTAGIRL BLISTER 60ML (SECRET CRUSH),4200.0,98.1266,C
Ent P Perfume Charming,4199.0,98.1285,C
APRON NORMAL,4198.0,98.1304,C
SAHNAI RATO DAL 1KG,4196.93,98.1323,C
LARK BEAUTY SOAP 150GM (CUCUMBER),4185.0,98.1342,C
Lolane Hair Treatment 250ml (For Dry & Damaged),4185.0,98.1362,C
SPONGE PAD COLOR,4180.01,98.1381,C
NONGSHIM NEOGURI RAMYUN,4180.0,98.14,C
Jordan Tooth Brush Classic Hard,4179.0,98.1419,C
DOUBLE WALLED BOTTLE 650ML,4175.0,98.1438,C
Col TBR Slimsoft Charcol,4170.13,98.1457,C
MASMELLOUS 10GM,4168.23,98.1476,C
Livon Sikly Serum 100ml Rs525,4160.0,98.1496,C
PAMPERS PANTS 52S SM,4160.0,98.1515,C
Hima Baby Massage Oil 500ml,4155.0,98.1534,C
PAR ADV BABY NOURISHING CREAM 100GM ,4140.0,98.1553,C
Shadow Enchance 25 Serum,4140.0,98.1572,C
No. 10 Candle,4138.01,98.1591,C
Tommy Vitamin C 15gm,4130.0,98.1609,C
Goodlife Guava Juice 200ml,4125.0,98.1628,C
HORLICKS MALT SACHAT 18GM,4109.84,98.1647,C
Baby Bottle 650ml,4100.0,98.1666,C
Kar Coco Bis,4100.0,98.1685,C
FIX DA MOISTURIZING 60ML,4095.0,98.1704,C
Hilife Cornflakes SF 800g Jar,4095.0,98.1722,C
REAL ACT FIB MULTI FRUITS 1L,4095.0,98.1741,C
S/F Barthroom Cleaner 500ml,4095.0,98.176,C
Disposable Lighter,4094.98,98.1779,C
BEUTISA SHOWER GEL 500ML,4090.0,98.1797,C
BFB Top Gold 200g,4084.99,98.1816,C
CHOCO HEAVEN 350GM,4080.0,98.1835,C
UMGA AKABARE TIMUR CHOP,4080.0,98.1853,C
WAFILLS COCONUT 55GM,4080.0,98.1872,C
DRUK LEMON SQUASH 700ML,4079.99,98.1891,C
Scissor Deli,4079.99,98.191,C
WAFILLS ORANGE 55GM,4079.0,98.1928,C
Black Oak 180ml,4070.0,98.1947,C
Nivea Rollon Dry Men 50ml,4070.0,98.1966,C
PNS ANTI-DANDRUFF 170ML,4070.0,98.1984,C
ST Rosemery 60gm,4070.0,98.2003,C
WAX STICK 75G,4069.0,98.2022,C
Aagan Lalmohan 250gm,4060.0,98.204,C
kwality top butter blue,4059.99,98.2059,C
DIARY NO. 32K,4055.0,98.2077,C
Candles Small,4050.0,98.2096,C
HILIFE EXTRA LONGGRAIN 1KG,4050.0,98.2114,C
LARK BEAUTY SOAP 150GM (LIME&ALEO),4050.0,98.2133,C
TRAVEL BOTTLES SET 6PCS,4050.0,98.2152,C
P Dant Kanti Natural 100g,4046.21,98.217,C
KELL MULTIGRAIN CF 450GM,4035.0,98.2189,C
CAMAY SOAP 85GM,4030.0,98.2207,C
Chota Power AAA2,4030.0,98.2226,C
HAL RASGULLA 1KG\250GM,4025.0,98.2244,C
SOFTOUCH PINK 2LTR,4020.0,98.2262,C
DILING N BALLS  50GM,4015.01,98.2281,C
KITCHEN TOWEL 2PCS SET,4014.99,98.2299,C
SOFTOUCH BLUE 2LTR,4006.65,98.2318,C
RAZOR SHARP 4+1,4000.01,98.2336,C
Birthday Jhilimili,4000.0,98.2354,C
LB HW RED B1 675ML G1 180ML,4000.0,98.2373,C
No. 1 Moto  Candle,4000.0,98.2391,C
SAGAR DHANIA POWDER 500GM,4000.0,98.2409,C
Krishma Cutting Mishri 100g,3999.99,98.2428,C
Krishma Cutting Mishri 400g,3998.05,98.2446,C
DRUK TOMATO KETCHUP 200ML,3995.0,98.2464,C
kwality mari rs.10,3990.02,98.2482,C
SRGM DETERGENT 500GM,3990.02,98.2501,C
BSK ENGLISH CRACKER 150GM,3987.97,98.2519,C
PARLE 20-20 BUTTER 30GM,3975.0,98.2537,C
Ent Hbl 100ml Alluring,3963.97,98.2555,C
Happydent Rs.5,3961.35,98.2574,C
BIO ORG CRISPY CEREAL BALL 200GM,3960.0,98.2592,C
Glycerin 110gm,3960.0,98.261,C
Jordan TB CLEAN SMILE SOFT 3PCS SET,3960.0,98.2628,C
Kodomo TBP 40gm Strawberry Gel,3960.0,98.2646,C
LB NEEM ALOEVERA 100GmX4,3960.0,98.2664,C
PULSE ASSORTED CANDY 50PCS,3960.0,98.2682,C
SHAMPOO BRUSH,3960.0,98.2701,C
TIGER BALM 30G RED,3960.0,98.2719,C
WELL BELL CHOCO CHUNKS 150GM JAR,3960.0,98.2737,C
PENCIL CASE NO.628,3951.89,98.2755,C
CDM Silk Ganache 58gm,3950.0,98.2773,C
Coconut Powder 500gm,3945.0,98.2791,C
Keratin Shampoo 500ml,3940.0,98.2809,C
HIGHLIGHTER COLORFUL,3939.13,98.2827,C
CNS 6.60-200,3930.0,98.2845,C
Century Dalla Pickle 400gm,3920.0,98.2863,C
UNITED PIPLA 100GM,3914.35,98.2881,C
MY INTIMATE COMPANION 245MM (10P),3909.0,98.2899,C
Bindhyabasini Slice 200gm,3907.69,98.2917,C
COTTON ROLL 400GM GROSS,3900.02,98.2935,C
ALOEVERA GEL 300ML BOX,3900.0,98.2953,C
Century Akabare Kurkure,3900.0,98.2971,C
DEVILS PEPPER STIX,3900.0,98.2988,C
Glycerin 60gm,3900.0,98.3006,C
Harpal Gulab Basmati 5kg,3900.0,98.3024,C
Joy HoneyAlm Cream 200ml,3900.0,98.3042,C
REAL FUSION MIX FRUIT 1LTR,3900.0,98.306,C
REAL MIXED FRUIT PET 2LTR,3900.0,98.3078,C
SANFENA TOOTHBRUSH,3900.0,98.3096,C
SANTOOR H/W MILD 1.5LTR,3900.0,98.3114,C
BMC KASOORI METHI 25g,3897.67,98.3131,C
Bathstone Big,3895.0,98.3149,C
Sensodyne Sensitivity&Gum 70gm,3880.0,98.3167,C
B FIT ADULT DIAPERS XL 10PCS,3870.0,98.3185,C
Hal Rasgulla 500gm,3870.0,98.3203,C
Fogg Spray for Women 100gm Paradise,3864.99,98.322,C
C&C F.W Berry 50ml,3855.0,98.3238,C
BOURNVITA 13.4GM,3854.51,98.3256,C
AMBROSIAN HAZELNUT CHO,3850.06,98.3273,C
Current WhitePepper Powder 50gm,3850.0,98.3291,C
Fogg Body Spray Women 100gm Esse,3850.0,98.3309,C
NATURAL COCONUT TREATMENT 1000ML,3850.0,98.3326,C
KRISHMA FRY KAJU 70GM,3840.0,98.3344,C
NIv MilkLotion 125ml,3840.0,98.3361,C
Perna Litchi Drink 135ml,3840.0,98.3379,C
Vanish LIQ OXY 180ml,3839.99,98.3397,C
GOROR TOOTHBRUSH,3835.0,98.3414,C
Natural Juice Pomo 1l,3835.0,98.3432,C
PROTEIN HAIR CREAM 200ML,3835.0,98.3449,C
LACTO,3824.99,98.3467,C
MANANG SWEET WINE 750ML,3820.0,98.3484,C
SPORT WB 500ML,3815.0,98.3502,C
H&C Hair Oil 200ml,3800.0,98.3519,C
NATURAL GLOW ROSE FW 100ML,3800.0,98.3537,C
SANTOOR H/W CLASSIC 200ML,3800.0,98.3554,C
SMOODH LASSI 150ML,3800.0,98.3571,C
SODA WATER 250ML RS50,3800.0,98.3589,C
Birthday Banner 13 ,3796.0,98.3606,C
KRISHMA MANGO SLICE 100GM,3795.0,98.3624,C
ALP POP ASTD HANGER,3780.02,98.3641,C
Plastic Thaili NO.8,3780.02,98.3658,C
GOURMET VIENNA CHI SALAMI 250GM,3780.01,98.3676,C
AAA Everyday Ultima,3780.0,98.3693,C
GINGER SHAMPOO 480ML,3780.0,98.371,C
MELVIT INSTANT OATS 1KG,3780.0,98.3728,C
Mix Sattu 750gm,3780.0,98.3745,C
Orient Gardens Mayonnaise 946ml,3780.0,98.3762,C
Para Adv Extravirgin Cnowith Vt E 200ml,3780.0,98.378,C
TRM SH HFD 340ML,3779.97,98.3797,C
Soda 500ml,3760.02,98.3814,C
Nice & Easy 500ml,3760.0,98.3831,C
Nivea Rollon STRESS Protect 50ml,3755.0,98.3849,C
WIPER SMALL,3750.02,98.3866,C
Weifield Baking Soda 100gm,3750.01,98.3883,C
HAIR CREAM 100ML ANTI DANDRUFF,3750.0,98.39,C
Par Jasmine 190ml,3750.0,98.3917,C
Kiwi Shoe Brush 2in1,3748.99,98.3934,C
Col TBR S. Flex,3744.0,98.3952,C
POLO GLUE 100GM,3743.93,98.3969,C
Century Oats 450GM POUCH,3740.0,98.3986,C
Cob Perfume  10ml,3740.0,98.4003,C
WAFILLS STRWABERRY 55GM,3740.0,98.402,C
Niv Spray E.Whi Fem150ml,3735.0,98.4037,C
AMCO PASTA 350GM,3720.06,98.4054,C
COL DENTAL CREAM 38GM,3720.0,98.4071,C
DK BLUEBERRY TONER 150ML,3720.0,98.4088,C
ISFHAN TRUFFLESS 500GM MIX,3720.0,98.4106,C
PAR ADV BABY NOURISHING SHAMPOO 100GM ,3720.0,98.4123,C
Weifield Drinking Chocolate 500gm,3720.0,98.414,C
WOWPER BABY PANTS LG7,3720.0,98.4157,C
SANTOOR H/W FRESH 700ML,3716.93,98.4174,C
Paicho Mango Pickle 1kg,3714.0,98.4191,C
Hima Vitamin C Blueberry FW 100ml,3710.0,98.4208,C
Bam Sona Reg 200g,3705.0,98.4225,C
KUNAFA TOFFEES 100GM,3700.0,98.4242,C
GingerGarlicPaste 200g,3697.99,98.4259,C
PAICHO PINEAPPLE JAAM  (500gm),3690.01,98.4276,C
Century Venegar 300gm,3689.97,98.4292,C
HIMA BABY CREAM 50 ML,3680.13,98.4309,C
AG APPLE CIDER VINEGAR 473ML,3680.0,98.4326,C
Joy HoneyAlm Cream 50ml,3680.0,98.4343,C
No. 7259 WATER BOTTLE,3680.0,98.436,C
PONDS BRIGHT BEAUTY 50G,3680.0,98.4377,C
S.F. NATURE 100GM,3669.0,98.4394,C
Roza F.M Chilli Cumin,3666.0,98.441,C
OKHATI PAPAYA SOAP 75G,3660.01,98.4427,C
SURF EXCEL EASY 5KG,3660.0,98.4444,C
Tuna Flakes 185g,3655.0,98.4461,C
Tuna Chunk Brine 185g,3654.0,98.4477,C
TIPASTE,3651.0,98.4494,C
DEO HAMILTON SPRAY 165ML,3649.0,98.4511,C
AMUL DARK CHOCOLATE 12G,3648.0,98.4528,C
MASMELLOUS 30GM,3643.08,98.4544,C
AA Everyday Ultima,3640.0,98.4561,C
Acnes Anti Blackhead 100gm,3640.0,98.4578,C
Smriti Mix Makai,3634.0,98.4594,C
Happy Birthday Choco,3630.01,98.4611,C
BORO SOFT CREAM 100ML,3629.0,98.4628,C
Super Nutri Creamy PB 200gm,3625.0,98.4644,C
Y/C Face Serum 30gm,3620.0,98.4661,C
BIKANO MOONG DAL 260G,3610.0,98.4677,C
Snow Jelly 100gm,3605.0,98.4694,C
B&S Treatment 1000ml,3600.0,98.471,C
Ghadi Maida 1kg,3600.0,98.4727,C
MA PO PANTS M16,3600.0,98.4743,C
Masala Chakku,3600.0,98.476,C
ROMANO POCKET EDT 18ML,3600.0,98.4776,C
SOFTY BABY PANTS NB6,3600.0,98.4793,C
TOOTH PICK BAMBOO,3600.0,98.4809,C
240ML Can Aleovera,3599.99,98.4826,C
Nestle Kitkat Chunky white40g,3599.99,98.4842,C
KELL CHOCOS VARETY PACK,3598.02,98.4859,C
Himalayan Clarina Anti Acne FW Gel 60ml,3597.0,98.4875,C
TOILET BRUSH NEW,3597.0,98.4892,C
PARA AMLA HAIR OIL 200ML,3596.98,98.4908,C
GLUCOVITA 1KG+125GM,3595.0,98.4925,C
J.B SOAP 50G,3583.0,98.4941,C
AIK COFFEE MIX 2IN1 270G,3575.1,98.4957,C
AER MA COMBI PINK 225ML,3570.0,98.4974,C
Henko Bar 400gm,3570.0,98.499,C
MOIST ALEOVERA FW 200ML,3570.0,98.5007,C
TASTEE RICE PAPER 22CM ROUND 1PKT 400GM,3570.0,98.5023,C
Kikko SoyaSauce 250ml,3567.89,98.5039,C
DIARY NO. 301,3560.0,98.5056,C
GOODLIFE KODO BIS,3560.0,98.5072,C
Hima Vitamin C Turmeric FW 100ml,3560.0,98.5088,C
LUV CREAM 500ML,3559.37,98.5105,C
FAIR HANDSOME 100ML,3550.0,98.5121,C
ONION SHAMPOO 150ML,3550.0,98.5137,C
SAFAL COW GHEE 500ML,3550.0,98.5153,C
LOTTE STICK GUM (COOL MENTHOL),3549.0,98.517,C
Pre K.Towel 2Roll,3545.0,98.5186,C
LAVERLAND CRUNCH 4.5GM9PCS SEA SALT,3540.0,98.5202,C
MA PO PANTS M12,3540.0,98.5218,C
Nestle Kitkat Chunky 40g,3539.0,98.5235,C
BLACK NATURAL POUCH 4,3535.0,98.5251,C
S.F. GOLD POWDER 100,3535.0,98.5267,C
Baby Wipes 72N,3520.0,98.5283,C
HIMA BABY CREAM 200 ML,3520.0,98.5299,C
S.F. COOKICHOCO 150GM,3520.0,98.5315,C
S.F. COOKYUMMYBERRY 150GM,3520.0,98.5331,C
Veet Wax Dry Skin Fullbody,3520.0,98.5348,C
Fogg Nepolian 120ml,3515.0,98.5364,C
MR MUSCLE F/C FLORAL 2000ml,3515.0,98.538,C
PAICHO MIX JAM 6KG,3510.02,98.5396,C
LB HW RED B2G1 175ML,3510.0,98.5412,C
SMRITI SADA BHATTA 350GM,3510.0,98.5428,C
LARK BEAUTY SOAP 150GM (JASMINE),3509.03,98.5444,C
ALP ECL POP HNG 48PCS,3508.98,98.546,C
MR MUSCLE F/C CITRUS,3505.0,98.5476,C
AER MA CAN VIOLET 225ML,3500.0,98.5492,C
NO.1 75G ROSE&ALMOND PO4,3500.0,98.5508,C
VICTORY TORI 100GM,3500.0,98.5524,C
BULLET PEN REFIL,3499.99,98.554,C
HAL TAKATAK C MASALA 70GM,3499.99,98.5556,C
STRIKE STRAWBERRY CHOCOLATE,3489.44,98.5572,C
BERLINO PANIPURI 500GM,3480.0,98.5588,C
MAKAI CHIURA 250GM,3477.72,98.5604,C
Hima Aactaril 75g,3470.0,98.562,C
Super Nutri Crunchy PB 200gm,3469.99,98.5636,C
Bam Sona Sugarfree 200g,3465.0,98.5652,C
CASTOR OIL 70ML,3465.0,98.5668,C
KUMARI GOLD CHAKKI AATA 2KG,3464.0,98.5684,C
FIGARO GREEN OLIVES 340GM,3460.0,98.57,C
GLUCOVITA 500GM LIME,3460.0,98.5715,C
LOCAL MIX DAL,3450.0,98.5731,C
MA PO PANTS L28,3450.0,98.5747,C
PARA AMLA HAIR OIL 300ML,3450.0,98.5763,C
Ultra LONG D2,3450.0,98.5779,C
BHANBHORI SUGAR SACHET WHITE,3444.96,98.5795,C
Hilife Museli Diet 400g,3430.0,98.581,C
HIMA BABY SOAP 75 G,3430.0,98.5826,C
FIVE STAR (3D) 42GM,3420.0,98.5842,C
GAIA CRUNCHY MUSELI NUTTY DLT 1KG,3420.0,98.5857,C
GAIA CRUNCHY MUSELI REAL FRUIT 1KG,3420.0,98.5873,C
Gorkha Strong Unfiltered 330ml ,3420.0,98.5889,C
Darling Chocolate,3410.0,98.5904,C
KISSAN TOMATO KETCHUP 500G,3410.0,98.592,C
Okhati Aloevera Soap,3410.0,98.5936,C
PAR ADV BABY NOURISHING LOTION 100GM ,3410.0,98.5951,C
HAL SNAC SOYA KATORI 50GM,3400.0,98.5967,C
NEWLOOK BOX COLOR BUR 3.16,3400.0,98.5982,C
Padlock 20mm,3400.0,98.5998,C
SnB French Fries 500gm,3400.0,98.6013,C
NEWLOOK BOX COLOR GOLD 7.3,3399.99,98.6029,C
SUBIDHA DETERGENT POWDER 4KG,3390.0,98.6045,C
VACCUM FLASK BOTTLE 550ML,3390.0,98.606,C
B.HAIR COLOR STREAX (5.4-W Brown) 50ML,3380.0,98.6076,C
Joy Skin Fruit Cream 100ml,3380.0,98.6091,C
PAPAYA WASH 60ML,3380.0,98.6107,C
Asta Berry Neem Face Wash 100ml,3375.0,98.6122,C
HIMA BABY LOTION 100 ML ,3370.04,98.6137,C
Baby Bottle 600ml,3360.0,98.6153,C
DRUK TOMATO KETCHUP 1KG,3360.0,98.6168,C
NAWON SEEDS 290ML (PEAR),3360.0,98.6184,C
Niv Aloe Vera body Lotion 600ml,3360.0,98.6199,C
WAI WAI QUICK VEG RS.15,3360.0,98.6214,C
Current Sahi Panner 100g,3359.99,98.623,C
MOHAN TEA 500GM,3355.0,98.6245,C
Hugs Wonder 285gm,3350.0,98.6261,C
Koseli Health oil 1ltr Bottle,3350.0,98.6276,C
PDS PAM 45GM,3340.0,98.6291,C
Face Razor Fold,3335.0,98.6307,C
MAXSWEET 3PCS LOVE,3335.0,98.6322,C
Nivea Cream 30ml,3334.0,98.6337,C
GEORGE PEACH TEA 400GM,3325.0,98.6352,C
Goodlife Cookies Bake Fresh,3325.0,98.6368,C
HELIOS TWINSHOE BRUSH,3325.0,98.6383,C
HIMA BABY POWDER 100G,3325.0,98.6398,C
Parle Monaco 300g,3325.0,98.6413,C
Toblerone 100gm (ALMOND),3325.0,98.6429,C
Toblerone Fruit&Nut 100gm,3325.0,98.6444,C
Hajmola Nimbu 120Tab Bottle,3320.0,98.6459,C
Lott Pepero Crunchy 320gm,3320.0,98.6474,C
SEAMOIST 120GM,3315.0,98.6489,C
BAGRRYS WHITE OATS 1KG JAR,3300.01,98.6505,C
6 OIL SHAMPOO 396ML,3300.0,98.652,C
CHUMAK SUNFLOWER OIL 5LTR,3300.0,98.6535,C
Ent Talc Enticing 50ml,3300.0,98.655,C
Mini Mushroom Can 180gm,3300.0,98.6565,C
NES CLAS BLACK ROAST JAR 24*95G,3300.0,98.658,C
PADLOCK COPPER 63MM,3300.0,98.6595,C
Kids Tooth Paste W/Brush 50gm,3299.99,98.661,C
METAL LIGHTER GOLO,3299.97,98.6626,C
Aloe Cream 100ml,3290.0,98.6641,C
DRUK SOYA SAUCE 200ML,3290.0,98.6656,C
Jordan Tooth Brush Smile Hard,3284.31,98.6671,C
Dam Kesari 175g,3280.09,98.6686,C
FUSE 24GM,3280.0,98.6701,C
NIVEA LIPCARE FOR MEN,3274.0,98.6716,C
Tommy Cola Jelly 15gm,3270.0,98.6731,C
NOSE STRIPS,3265.0,98.6746,C
Indica 10min Natural Black,3264.0,98.6761,C
PNS ANTI-DANDRUFF 325ML,3250.0,98.6776,C
Repair Max Masque 500gm,3250.0,98.679,C
DRAWING BOOK NORMAL,3248.04,98.6805,C
BUFF KHURAK,3240.0,98.682,C
KAUNO NOODLES 200GM,3240.0,98.6835,C
PLASTIC BAG No.2,3240.0,98.685,C
RICE CLEANING FW 150ML,3240.0,98.6865,C
ST BakingPowder 100gm,3240.0,98.688,C
CHB WAX DTAN 40GM,3239.0,98.6894,C
Delicious Ghee Polypack 500ml,3238.97,98.6909,C
DOMS BRUSHES SET,3238.96,98.6924,C
KRISHMA TEJ PATTA 50GM,3235.82,98.6939,C
CDM SILK Chocolate 60GM,3230.0,98.6954,C
DLITE DRIED PAPAYA 125GM,3230.0,98.6969,C
LABELO LIP CARE,3230.0,98.6983,C
GOODLIFE KOOKIES JEERA,3229.97,98.6998,C
ABTT Similac Mt Stage 3 400gm,3225.0,98.7013,C
AMUL CHO COOKIES 50GM,3221.97,98.7028,C
TIF Cream Wafer Hazel 135gm,3220.0,98.7042,C
PENCIL CASE MEDIUM,3218.0,98.7057,C
ENT MIX EDT 50ML,3210.0,98.7072,C
CDM F&N 80GM,3200.0,98.7087,C
DLITE OATS 1.5KG INSTANT POUCH,3200.0,98.7101,C
Parle 20-20 Butter Cookies 150gm,3200.0,98.7116,C
Pure Toilet Paper 100gm 3ply,3200.0,98.7131,C
Yutika Soft Cream 100ml,3200.0,98.7145,C
CHAI CRUNCH KALO JEERA 500GM,3199.94,98.716,C
WAI WAI PARTY MIX 50GM,3198.92,98.7175,C
Lipton Green Tea Lemongrass ginger 25s,3195.0,98.7189,C
PAR ADV BABY POWDER 100GM,3190.0,98.7204,C
SAWAI ROASTED 100GM,3188.0,98.7218,C
REAL MIX PET 1LTR,3187.0,98.7233,C
BLACK NATURAL POUCH 2,3184.0,98.7248,C
Veet Cream SEN  30gm,3183.48,98.7262,C
LIA DHOP RS.30,3180.0,98.7277,C
Paicho Lapsi Pickle 400gm,3180.0,98.7291,C
STRAW PIPE BIG,3180.0,98.7306,C
TRUST PISTA 200GM,3180.0,98.7321,C
Sisame Oil Jain 450ml,3175.03,98.7335,C
LUNCH BOX 800ML,3175.0,98.735,C
HERMAN MUSTARD SAUCE 226GM,3174.68,98.7364,C
OKHATI NEEM SOAP 75G,3164.25,98.7379,C
KENT EXTRA VIRGIN OLIVE OIL 500ML,3161.78,98.7393,C
Ent Shower Gel Romantic 550ml,3160.0,98.7408,C
HIMA BABY WASH 100 ML,3150.0,98.7422,C
JAAU KO CHAMAL 1KG,3150.0,98.7436,C
Jordan Toothbrush Baby Buddy 1-4years,3150.0,98.7451,C
ST CHILIFLAKES 60GM,3145.03,98.7465,C
Cotton Roll 100gm Gross,3145.0,98.748,C
MCV Hobnob Bis cho 75g,3143.98,98.7494,C
BOARD MARKER MIX,3143.12,98.7509,C
Real Mausambi 1L,3139.0,98.7523,C
DOMS ERASER COLORFULL,3134.99,98.7537,C
LYS LAVENDER 5LTR*3,3130.01,98.7552,C
Ensure Diabetes Vanilla Delight 400gm,3130.0,98.7566,C
HIMA BABY SHAMPOO 400 ML,3130.0,98.758,C
BIRTHDAY FIRE CANDLE,3128.8,98.7595,C
NO.1 75G L&A PO4,3125.0,98.7609,C
DK CICA FACEWASH 100ML,3120.06,98.7623,C
3IN1 WATER BOTTLE,3120.0,98.7638,C
BUFF PICKLE 500GM,3120.0,98.7652,C
CHICKEN PICKLE 500GM,3120.0,98.7666,C
DK MANGO FACEWASH 100ML,3120.0,98.768,C
FLORONA PETROLEUM JELLY 240ML,3120.0,98.7695,C
PAMPERS PANTS 30S XL,3120.0,98.7709,C
REAL COCONUT WATER 1LTR,3120.0,98.7723,C
REAL MANGO PET 2LTTR,3120.0,98.7738,C
VIVE VIRGIN COCONUT OIL 20ML,3120.0,98.7752,C
TRUST BAKING POWDER 400GM,3117.97,98.7766,C
Bam GulabJamun Mix 500g,3115.0,98.7781,C
HIT ANTI  ROACH GEL,3105.05,98.7795,C
Didian Compressed Energy Coconut,3100.0,98.7809,C
VASELINE LOTION 400ML UV,3100.0,98.7823,C
RAKURA TULSI & GINGER TEA 25TB,3096.01,98.7837,C
LOCAL KAGUNO 1KG,3080.06,98.7851,C
AAGAN BROWN BREAD 500GM,3080.0,98.7866,C
BHANBHORI SUGAR SACHET DARK,3080.0,98.788,C
COL TBR SENSETIVE PO3,3080.0,98.7894,C
Sutkeri Masala 250gm,3078.0,98.7908,C
P Saundarya Face Wash 50g,3077.81,98.7922,C
DELSC SPRAY EDT 50ML,3075.0,98.7936,C
KARSEELL PURPLE SHAM 500ML,3075.0,98.795,C
Niv SunLo Spf30 125ml,3060.0,98.7964,C
Parle 20-20 Butter Cookies 200gm,3060.0,98.7978,C
WELLBELL Cornflakes SF 500gm,3060.0,98.7992,C
Niv nat Glow Lotion SPF15 200ml,3058.0,98.8006,C
LIP BLAM ANGEALA,3055.0,98.802,C
SHARP RAZOR,3045.0,98.8034,C
TIF Cream Wafer Hazel 65gm,3045.0,98.8048,C
BLACK SALT 500GM,3040.01,98.8062,C
Imli Bite 280gm,3040.0,98.8076,C
Mangaldeep Champa,3040.0,98.809,C
CDM Silk Plain 60gm Valen,3030.0,98.8104,C
KARSEELL ANTI DANDRUFF 500ML,3030.0,98.8118,C
SLIME,3030.0,98.8132,C
BIKANO LAJAWAB MIX 500G,3025.0,98.8146,C
LA FRESH BODY LOTION 550ML,3025.0,98.8159,C
PriyaGold Bis Butter Delight,3010.0,98.8173,C
LOTTE STICK GUM (SPEARMINT),3000.01,98.8187,C
HILIFE BASMATI RICE 1KG,3000.0,98.8201,C
HOLI PICHKARI PENCIL LONG,3000.0,98.8214,C
LIP BALM USHAS,3000.0,98.8228,C
MSG TESTING 50GM,2999.68,98.8242,C
STRIKE NUT CHOCOLATE,2999.66,98.8256,C
HELLMANNS REAL MAYONNAISE 250GM,2999.0,98.8269,C
PureActiveNeem F/W 50ml,2998.98,98.8283,C
Nail Polish RAMRO,2997.59,98.8297,C
Snap It,2997.0,98.8311,C
Kiwi Shoe Brush Mini,2989.0,98.8324,C
J.B Top To Toe 100ml,2980.0,98.8338,C
GOURMET VIENNA CHI PREMIUM 400GM,2975.0,98.8352,C
Para Natural Onion Shampoo 345ml,2975.0,98.8365,C
TRUST DALCHINI 50GM,2974.98,98.8379,C
DOMS CRAYONS 12 SHADES,2973.99,98.8393,C
J.b TopToToe 200ml,2970.0,98.8406,C
LOTTE CHOCOLATE BOUCHEE 162GM,2960.0,98.842,C
LOTTE CHOCOLATE 169.8GM,2959.99,98.8433,C
DOMS COLOR PEN,2949.0,98.8447,C
DRY KHATTO 100GM,2942.5,98.846,C
PENCIL A6 ZIPPER BAG,2940.0,98.8474,C
DTT LSJ ORG 900ML,2939.99,98.8487,C
COL TBR KIDS (MINIONS),2937.0,98.8501,C
AAGAN MILK BREAD 350GM,2925.02,98.8514,C
Henko Foad Load Liquid 500ML,2925.0,98.8527,C
HILIFE LOW GI BASMATI 1KG,2925.0,98.8541,C
DENVER DEO PRIDE 165ML,2920.0,98.8554,C
MELVIT OATS 500GM,2920.0,98.8568,C
PENTONIC PEN,2920.0,98.8581,C
PENCIL SHARPENER,2916.77,98.8594,C
AIR FRESHNER,2915.0,98.8608,C
FENA IMPACT 1KG,2914.92,98.8621,C
AIK COFFEE HAZELNUT 456G,2910.0,98.8634,C
AIK COFFEE KOSONG 360G,2910.0,98.8648,C
AIK COFFEE LESS SUGAR 456G,2910.0,98.8661,C
Niv Sun Lotion Spf50 125ml,2910.0,98.8674,C
Gaia Museli Choco Cranberry 400gm,2905.0,98.8688,C
Nivea Spray Cool Kick 150ml,2905.0,98.8701,C
Wowper Baby Pants L28pcs,2900.0,98.8714,C
LAXMI BHATTA FRY 250GM,2899.97,98.8728,C
D. BLACK STONE RS100,2898.01,98.8741,C
LB Nature 100g,2898.0,98.8754,C
Frooti Pet 1ltr,2890.0,98.8767,C
SF SURGICAL MASK (BW),2886.68,98.8781,C
5W Everyday Led Bulb,2884.0,98.8794,C
Current JalJeera 50gm,2880.0,98.8807,C
MANAKO SUKUTI,2880.0,98.882,C
MULTIGRAIN SATTU 750GM,2880.0,98.8833,C
Safe Life Phenyl 2Ltr Rose,2880.0,98.8847,C
VAS HL BRIGHT 400ML,2880.0,98.886,C
CDM 6.6GM,2879.6,98.8873,C
Slice Cake Fruit 3pcs,2877.46,98.8886,C
SOFTY REGULAR PAD 290MM,2877.0,98.8899,C
AMS HIMALAYAN 375ML,2875.0,98.8913,C
Cheese Powder  100gm,2870.0,98.8926,C
Unibic Butter Cookies 30g,2869.02,98.8939,C
5 RIVERS MIX FRUIT JAM 500GM,2860.0,98.8952,C
Nycil Cool Gulabjal 150gm,2860.0,98.8965,C
SUN BLOCK 30 Lighting 50 GM,2860.0,98.8978,C
Guava Candy 280gm,2850.0,98.8991,C
HIMA BABY WASH 200 ML,2850.0,98.9004,C
LYS Jasmin 500ml,2850.0,98.9017,C
Mango Bite 300gm,2850.0,98.903,C
Organic Green Tea 25Bags,2850.0,98.9044,C
Century Nachoz,2849.98,98.9057,C
Samyang Carbo Cup 80g,2849.98,98.907,C
RICH SOAP RS.20,2848.0,98.9083,C
B.HAIR COLOR STREAX (5.66-C RED) 50ML,2840.0,98.9096,C
RAKURA STAWBERRY TEA 25TB,2838.0,98.9109,C
Hilife Tomato Ketchup 200gm,2835.0,98.9122,C
Cob Perfume 30ml,2824.0,98.9135,C
CNS 6.26,2820.0,98.9148,C
EURO COCO CHO 500GM,2820.0,98.9161,C
Nivea Rollon Cool & Click 50ml,2820.0,98.9173,C
PureActiveNeem F/W 100ml,2820.0,98.9186,C
COCKROACH CHALK POWDER 5GM,2818.41,98.9199,C
New Look Rose Water 200ml,2810.65,98.9212,C
Niv ExtWhi Firming Lotion 125ml,2805.0,98.9225,C
CHEFS CHOICE PEANUT BUTTER 227GM,2800.02,98.9238,C
Fogg Imperial 120ml,2800.0,98.9251,C
MUTTON KHURAK,2800.0,98.9264,C
TOILET PAPER FASHION 60GM,2800.0,98.9276,C
AV Aloevera Gel 150gm,2795.0,98.9289,C
Century OrangeJam 500gm,2795.0,98.9302,C
MR MUSCLE F/C LAVENDER,2795.0,98.9315,C
Didian Compressed Bis Chocolate,2790.0,98.9328,C
P Dant Kanti Natural 200g,2790.0,98.934,C
Vas DM 400ml,2790.0,98.9353,C
FAREX 3,2780.0,98.9366,C
NongShim Super Spicy cup 68gm,2775.0,98.9379,C
CDM SILK PLAIN 150GM,2760.0,98.9391,C
DRUK MIX FRUIT JAM 500ML,2760.0,98.9404,C
DRUK SOYA SAUCE 800ML,2760.0,98.9417,C
Ent Soap Charming,2760.0,98.9429,C
Eveready Battery AAA 1012,2760.0,98.9442,C
GOURMET VIENNA BUFF HORICA 500GM,2760.0,98.9454,C
HANGER FANCY BIG 5PCS,2760.0,98.9467,C
Kikko SoyaSauce 600ml,2760.0,98.948,C
Nivea Rollon Whi Fem,2760.0,98.9492,C
PAICHO TIMUR CHOP 250GM,2760.0,98.9505,C
PLM 200ML,2760.0,98.9518,C
TAN REMOVAL ORANGE FW 100ML,2760.0,98.953,C
TIF Cream Wafer Choco 135gm,2760.0,98.9543,C
W/G GEL CREAM 60GM,2759.93,98.9556,C
Papaya Sun Spf25 30ml,2759.0,98.9568,C
PILOT MARKER PER,2757.87,98.9581,C
OKHATI TITEPATI SOAP 125G,2755.02,98.9594,C
TIF Cream Wafer Vanilla 65gm,2755.0,98.9606,C
AMUL BAR CHO 99% CACAO 125GM,2750.0,98.9619,C
HUGS NUTTY BUTTY 570GM,2750.0,98.9631,C
SHREETARA DRINKING CHO 500GM,2750.0,98.9644,C
TAKE AWAY CUP PAPER,2749.99,98.9657,C
FUNZ POTATO CHIPS,2748.98,98.9669,C
P Petroleum Jelly 50gm,2747.87,98.9682,C
Shoe Brush,2747.55,98.9694,C
TRUST GUD 100GM,2747.37,98.9707,C
Para Adv Ayur Hot oil 190ml,2746.76,98.972,C
VLCC SPF 50 100ML,2745.0,98.9732,C
DOMS ERASER XTRA LONG,2737.84,98.9745,C
Cob Perfume 15ml,2735.0,98.9757,C
COKE 250ML,2735.0,98.977,C
VICKS INHALER 0.5ML,2730.01,98.9782,C
Clear Shampoo 600ml,2730.0,98.9795,C
SAGAR DALCHINI 100GM,2730.0,98.9807,C
Soda Water 500ml,2730.0,98.982,C
PONDS ACNE CLEAR 50G,2729.99,98.9832,C
UV GUARD HALURONIC SUN GEL,2725.0,98.9845,C
Battisa SideNoon 100g,2724.5,98.9857,C
TOOTH PICK,2722.51,98.987,C
Paicho Green Chilly Sauce 200gm,2718.41,98.9882,C
RAKURA LEMON HONEY TEA 25TB,2706.0,98.9895,C
RAKURA ORG SUPER MINT TEA 25TB,2706.0,98.9907,C
RAKURA PEPPERMINT TEA 25TB,2706.0,98.9919,C
5 RIVERS TOMATO PURE 800GM,2700.04,98.9932,C
Century Chana Masala 50gm,2700.01,98.9944,C
Rajma,2700.01,98.9957,C
AAGAN SANDWICH BREAD 500GM,2700.0,98.9969,C
Asta Berry Papaya FW 100ml,2700.0,98.9981,C
Century Sekuwa Masala 50gm,2700.0,98.9994,C
KAR WISH MARIE RS.10,2700.0,99.0006,C
SAFAL MOHI 500ML,2700.0,99.0018,C
SAFEWASH FRONT LOAD 1LTR,2700.0,99.0031,C
STRIKE COCONUT CHOCOLATE,2700.0,99.0043,C
DOMS 30CM SCALE,2698.41,99.0056,C
Natural Juice Guava 1l,2695.0,99.0068,C
Natural Juice Litchi 1ltr,2695.0,99.008,C
Trident Berrylime,2695.0,99.0093,C
MatchStick Wooden Rs5,2689.92,99.0105,C
NO.1 SOAP 45GM LIME ALOEVERA,2680.02,99.0117,C
Hima Vitamin C Orange FW 100ml,2680.0,99.0129,C
Hugs Opal 285gm,2680.0,99.0142,C
Joy Honey body lotion 400ml,2680.0,99.0154,C
POSHILO NUTRI 750GM,2670.0,99.0166,C
SEAMOIST 60GM,2665.0,99.0178,C
BIKANO ALOO BHUJIA 300G,2660.0,99.0191,C
Niv Cocoa Lotion 400ml,2660.0,99.0203,C
Nestle Classic 28g,2656.0,99.0215,C
PONDS BB CREAM 18GM,2655.0,99.0227,C
Patanjali Popular Det Powder 1kg,2645.0,99.0239,C
Anoop Sattu 500gm,2640.0,99.0251,C
BRIO DISHWASH 750ML,2640.0,99.0263,C
Chiura Kumari 700gm,2640.0,99.0276,C
HAIR SPRAY LA FRESH 250ML,2640.0,99.0288,C
Jau Sattu 750gm,2640.0,99.03,C
JUNI PERIOD PANTIES 5PCS,2640.0,99.0312,C
MG SPF 50+ 50GM,2640.0,99.0324,C
MOGU MOGU ICE TEA 450ML (PEACH),2640.0,99.0336,C
NATURAL GLOW KESAR FW 150ML,2640.0,99.0348,C
Nivea Cream 25ml,2637.51,99.036,C
BON CHEF PANKO BREADCRUMB 200GM,2635.0,99.0372,C
SANTOOR H/W CREME 650ML,2635.0,99.0384,C
VJohn Sav Cream 125gm,2635.0,99.0396,C
GK REDCOIL,2630.0,99.0409,C
CC DIP & LICK ASSORTED ,2625.0,99.0421,C
CHOPPING BOARD BIG,2625.0,99.0433,C
LUX BW SOFT SKIN 245ML,2625.0,99.0445,C
Pam RoseWater 250ml,2625.0,99.0457,C
SL DISHWASH GEL (Y/G) 500ML,2625.0,99.0469,C
Sutkeri Masala 500gm,2625.0,99.0481,C
KITCHEN RUMAL PCS,2624.0,99.0493,C
DOMS GEOFINE BOX,2621.54,99.0505,C
ABTT. ENSURE VANILLA 400GM,2620.0,99.0517,C
HAIRCLIP 1252,2620.0,99.0529,C
X1 SMOKING BROWN,2620.0,99.0541,C
HIMA BABY HAIR OIL 100 ML,2615.0,99.0553,C
REAL MANGO PET 1LTR,2610.0,99.0565,C
TIF Cream Wafer Choco 65gm,2610.0,99.0577,C
TIF Cream Wafer Orange 65gm,2610.0,99.0589,C
TR SHAMPOO 396ML,2610.0,99.0601,C
AMUL CHEESE COOKIES 50GM,2600.0,99.0613,C
BENZO CHOCO 700GM,2600.0,99.0624,C
CLEAR COM BRI FW 100GM,2600.0,99.0636,C
D. BLACK STONE ECO ,2600.0,99.0648,C
JOY ALOEVERA LOTION 300ML,2600.0,99.066,C
JP Chenet Pinot Noir Sweet Rose 750ml,2600.0,99.0672,C
Unibic Amond Pista Badam Cookies,2600.0,99.0684,C
Unibic Cashew Cookies Family,2600.0,99.0696,C
Alpenliebe Orig 24db,2599.01,99.0708,C
STRAW PIPE SHORT,2598.05,99.072,C
Biocare Aluminium Foil,2594.99,99.0732,C
340ML MUSK MELON,2590.0,99.0744,C
INACO MIX PUDDING,2590.0,99.0755,C
Sishnu Powder,2590.0,99.0767,C
HIMA PRICKLY HEAT BABY POWDER 100 G,2588.0,99.0779,C
Gillette Foam Sen 418gm,2585.0,99.0791,C
PLASTIC BROOM,2585.0,99.0803,C
LOTTE TOPPO 40GM VANILLASTRAW,2580.01,99.0815,C
A TASTE LEMON CRA 230GM,2580.0,99.0826,C
Current Fish Curry 50gm,2580.0,99.0838,C
Fogg Master Body Spray 100g Agar,2580.0,99.085,C
United Fam Bottle Jelly 18g,2579.97,99.0862,C
GOODLIFE DARK DESIRE CHO,2579.71,99.0874,C
ShreeTara Tempura Powder,2565.35,99.0885,C
Fogg Master Body Spray 100g Pine,2565.0,99.0897,C
HIMA BABY POWDER 50G,2565.0,99.0909,C
Rasilo Candy JAR,2560.0,99.0921,C
SURF EXCEL MAT,2560.0,99.0932,C
DEO DENVER CALIBER 165ML,2555.0,99.0944,C
Dobiee Heart Bite Candy (Pouch 150 Pcs),2555.0,99.0956,C
APIS SAFFRON 1GM,2550.01,99.0968,C
Eveready Ultima Battery AA,2550.0,99.0979,C
M&S Almond bar 45gm,2550.0,99.0991,C
UV Guard Moistuire 100ml,2540.0,99.1003,C
WOWPER BABY PANTS XS5,2535.0,99.1014,C
BIKANO SOAN PAPDI 500GM,2530.0,99.1026,C
HARMONY FRUIT SOAP 75GM (LEMON),2530.0,99.1037,C
TIF Cream Wafer Vanilla 135gm,2530.0,99.1049,C
AAGAN MULTIGRAIN BREAD 350GM,2520.0,99.1061,C
BATH SPONGE,2520.0,99.1072,C
BIKANO LAJAWAB MIX 200G,2520.0,99.1084,C
COMET LIQUID DETERGENT 1LTR,2520.0,99.1095,C
French Essence Perfume,2520.0,99.1107,C
Inco Imcoco 350ml,2520.0,99.1118,C
Mcv Hobnob Big 153.85G,2520.0,99.113,C
NATURAL GLOW KESAR FW 100ML,2520.0,99.1141,C
NIVEA SUN UV MAT SPF 50 50ML,2520.0,99.1153,C
SPONGE FORM PAD 5IN1,2520.0,99.1164,C
SW HRWAX MATT WAX 60GM,2520.0,99.1176,C
TRM SH KS 340ML,2520.0,99.1188,C
FENA NIP BAR 500GM,2519.0,99.1199,C
FR SHAMPOO 396ML,2517.0,99.1211,C
Gillette Foam Reg 418gm,2515.0,99.1222,C
BHAI MASALA BOX ,2500.0,99.1234,C
DERMA SEROMINC SERUM 30ML,2500.0,99.1245,C
Indica Easy Burgundy 3.16,2500.0,99.1257,C
TRUST METHI 200GM,2499.16,99.1268,C
MAGGI 2-MINN MASALA 70 gm,2495.0,99.1279,C
Niv Cleansing Milk 200ml,2490.0,99.1291,C
POSHILO MOMS DELIGHT 750GM,2490.0,99.1302,C
Didian Compressed Energy Strawberry,2480.0,99.1314,C
Dole Choco 500gm,2480.0,99.1325,C
SHADOW SPF 50 TINTED ME 30GM,2480.0,99.1336,C
UWA SATTU 750GM,2480.0,99.1348,C
Didian Compressed Energy Peanut,2479.98,99.1359,C
Asta Berry Whitening Face Wash 100ml,2475.0,99.137,C
Fogg Victor 120ml,2475.0,99.1382,C
Dlite Oats 350gm Instant Pouch,2461.87,99.1393,C
DRUK TOMATO CHILLI 500ML,2460.0,99.1404,C
GHARANA DALIYA 500GM,2460.0,99.1416,C
MEIZAN CORN OIL 5L JAR,2460.0,99.1427,C
Niv Aloe Vera body Lotion 400ml,2460.0,99.1438,C
NIVEA KIDS SUN LOTION 50+ 200ML,2460.0,99.1449,C
HIMA DIAPER RASH CREAM 20G ,2459.99,99.1461,C
Well Bell Choco Jar 150gm,2452.0,99.1472,C
BABY FEEDING BOTTLE ,2450.0,99.1483,C
Fogg Royal 120ml,2450.0,99.1494,C
Goodlife Digestive Nuts Rs. 50,2450.0,99.1506,C
Hilife Cornflakes SugarFree 1100g,2450.0,99.1517,C
H&S Shampoo Deep Cleanse 340ml,2450.0,99.1528,C
ST CustardPowder 100gm,2450.0,99.1539,C
KRISHMA FITKARI 100GM,2449.99,99.155,C
Lotte Lollipop,2449.31,99.1562,C
WALKERS CHOCOLATE CHIP 125GM,2445.0,99.1573,C
WALKERS FINGER 150GM,2445.0,99.1584,C
WALKERS ROUND 150GM,2445.0,99.1595,C
TRUFFLES MIX CHO 300GM,2440.0,99.1607,C
EDC TRUE LOVE 100ML,2430.0,99.1618,C
VASMLO PURE HENNA 500GM,2430.0,99.1629,C
RAKURA MINT ORG. 20TB,2427.0,99.164,C
Veet Cream Dry 50gm,2425.0,99.1651,C
Current Veg Masala Noodles,2420.0,99.1662,C
Adhesive Tape Small,2418.4,99.1673,C
Nycil Cool Classic 150gm,2415.74,99.1684,C
Ent Romantic Soap,2415.0,99.1695,C
HAL GULABJAMUN 1KG,2415.0,99.1706,C
Listerine 250ml Cavity,2415.0,99.1717,C
473ML MAYONNAISE,2408.28,99.1729,C
NONGSHIM TOOMBA 137GM,2405.0,99.174,C
Century Sabji Masala 500gm,2400.02,99.1751,C
BABY BOTTLE ,2400.0,99.1762,C
BLACK STONE MIX CONE JAR,2400.0,99.1773,C
CHOCOBAKES CHOC COOKIE 150G,2400.0,99.1784,C
Col Plax 250ml (Fresh Mint),2400.0,99.1795,C
Deeyana Chiura 700gm,2400.0,99.1806,C
Haldiram Chana Jor Garam 180gm,2400.0,99.1817,C
NEPAL GEMETRY BOX,2400.0,99.1828,C
Nivea Soft Cream 25ml,2400.0,99.1839,C
Ramro Sugarfree Slice Cake,2400.0,99.185,C
GAS LIGHTER NOVA PRO,2399.0,99.1861,C
Boroplush Cream 19gm,2398.54,99.1871,C
FEVI KWIK,2397.11,99.1882,C
Parle 20-20 Butter Cookies 60gm,2395.0,99.1893,C
Apricot Scrub 212gm,2390.08,99.1904,C
RED CHILLI FLAKES 1KG,2385.02,99.1915,C
BRT NUTRICHOICE 200GM,2380.0,99.1926,C
New Look Nail Remover 44ml,2380.0,99.1937,C
LONG XIAN MUSHROOM 400GM,2379.99,99.1948,C
Whisper Ultra Night Choice XXL6,2376.5,99.1959,C
Joy Skin Fruit Most 200ml,2370.0,99.197,C
Livon Serum Colour Protect 100ml,2370.0,99.1981,C
LUV CREAM,2370.0,99.1992,C
CENTURY PINEAPPLE JAM 500GM,2365.02,99.2002,C
LUX F 100G,2364.0,99.2013,C
COL V. WHITE 100+100GM,2360.0,99.2024,C
ENC EDP LUXE PERFUME 50ML,2360.0,99.2035,C
Victory TilL 100gm,2355.04,99.2046,C
Bhai Masala Bowl,2350.0,99.2056,C
BMC Momo Masala 100gm,2350.0,99.2067,C
DAMI MAKAI HONEY 100GM BIS,2350.0,99.2078,C
BIKANO PLAIN PAPAD 150GM,2340.07,99.2089,C
GEL BOX HAIR COLOR 1 150ML,2340.0,99.2099,C
Jordan Tooth Brush Expert White Soft,2340.0,99.211,C
MOSQUITO BAT IS,2340.0,99.2121,C
NISHA 3.16 BURGUNDY BOX,2340.0,99.2132,C
Padlock 55mm Big,2340.0,99.2142,C
Parle Black Bourbon 100gm,2340.0,99.2153,C
BATH JALO BUTTERFLY,2325.0,99.2164,C
B&S Treament 500ml,2325.0,99.2174,C
Bread Crumbs 500gm,2320.01,99.2185,C
Black Mask Coffee/Rice,2320.0,99.2196,C
GOLDEN TISSUE,2320.0,99.2206,C
WOWPER BABY PANTS XXL20,2320.0,99.2217,C
PAMACARE ROSE WATER 110ML,2318.0,99.2227,C
STAPLER MACHINE,2316.0,99.2238,C
DOVE BODY SCRUB 298G,2310.0,99.2249,C
LOFING LITE/DARK 800ML,2310.0,99.2259,C
ADULT DIAPER BEST CARE L10,2300.0,99.227,C
NAIL POLISH WOW,2300.0,99.228,C
SAFAL PLAIN DAHI CUP 500ML,2300.0,99.2291,C
TIF Cream Wafer Strawberry 135gm,2300.0,99.2301,C
COCANUT TOFFEES 100GM,2298.0,99.2312,C
OLAY TOTAL NORMAL CREAM 50G,2295.0,99.2322,C
H&C Hair Oil 300ml,2294.99,99.2333,C
Listerine 250ml Cool,2285.0,99.2343,C
ARIEL FL 3.2KG,2280.0,99.2354,C
BFB Googly 200g,2280.0,99.2364,C
BIKANO KHATTA MEETHA 300G,2280.0,99.2375,C
GAIA CRUNCHY MUSELI STRAWBERRY 1KG,2280.0,99.2385,C
HRP ITC STFISH CIT 100gm,2280.0,99.2396,C
Kiwi Shoe Polish Dark Tan 40gm,2280.0,99.2406,C
PHAPHAR NOODLES 200GM,2280.0,99.2417,C
RAJNIGANDHA SLIVER PEARLS 5.75G,2280.0,99.2427,C
RICH MOISTURIZER 100ML,2280.0,99.2437,C
SETO TILL KO LADDU,2280.0,99.2448,C
Joy Skin Fruit Lotion 300ml,2275.0,99.2458,C
NEWLOOK TONER 120ML,2275.0,99.2469,C
Whatapps Removers,2273.6,99.2479,C
Garlic Paste 200gm,2260.0,99.249,C
Insta Shampoo H. Color (NB) Streax 18ml,2256.0,99.25,C
For Tongue Cleaner,2250.03,99.251,C
Asta Berry Vitamin C FW 100ml,2250.0,99.2521,C
COL KIDS SMILES (0-2) 70GM,2250.0,99.2531,C
ENC EDC ROMANTIC 100ML,2250.0,99.2541,C
Hanger Steel 10pcs,2250.0,99.2551,C
HIMA FACE WASH 100GM APRICOT,2250.0,99.2562,C
Kitchen Knife Choice,2250.0,99.2572,C
Moccona Coffee 100gm (Roasted Hazelnut),2250.0,99.2582,C
Three Star Chi Burger Patty 10pcs,2250.0,99.2593,C
VASELINE GLUTA HYA LOTION 200ML,2250.0,99.2603,C
Veet Cream Sen 50gm,2250.0,99.2613,C
730G SWEET CHILI,2241.0,99.2624,C
ACNOFIGHT CREAM 45GM,2240.0,99.2634,C
AMUL BAR CHO 150G SUGARFREE,2240.0,99.2644,C
MR DOWELLS 180ML,2240.0,99.2654,C
MR DOWELLS 375ML,2240.0,99.2665,C
Nestle Classic 15g,2240.0,99.2675,C
SUN BLOCK 40  50GM,2240.0,99.2685,C
YOUTHRX ANTI AGEING NIGHT CREAM 50GM,2240.0,99.2695,C
BIKANO KURKURI BHUJIA 200G,2239.99,99.2706,C
Mangaldeep Arpan Rs35,2225.02,99.2716,C
CHEFS CHOICE PEANUT BUTTER 510GM,2220.0,99.2726,C
DRUK TOMATO KETCHUP 500ML,2220.0,99.2736,C
EVORA TOILET PAPER 120GM,2220.0,99.2746,C
Kodomo TBP 40gm Orange,2220.0,99.2757,C
Cloth Dori,2209.97,99.2767,C
Unibic Choconut Cookies,2205.42,99.2777,C
UV DOUX SUNSCREEN GEL 100GM,2205.0,99.2787,C
Krishma Methi 500GM,2204.02,99.2797,C
Hugs Opal Twist,2200.0,99.2807,C
Hugs Wonder Twist,2200.0,99.2817,C
RuRu Pitambari 200g,2200.0,99.2827,C
TAKE AWAY CUP PLASTIC SASTO,2199.95,99.2837,C
GLUE STICK 8GM,2197.99,99.2847,C
660ML ROZA OYSTER SAUCE,2190.0,99.2857,C
DEO DENEVER IMPERIAL 165ML,2190.0,99.2867,C
KELL CF HONEY 300GM,2190.0,99.2878,C
Nivea Cream 100ml,2190.0,99.2888,C
PROTEIN BRAZILIAN 1000ML,2190.0,99.2898,C
WELL BELL PEANUT CREAMY 510GM,2190.0,99.2908,C
WELL BELL PEANUT CRUNCY 510GM,2190.0,99.2918,C
Ent Soap Magic,2185.0,99.2928,C
KRISHMA FRY KAJU 200GM,2182.0,99.2938,C
Jaipatri 20gm,2180.0,99.2948,C
Lakme SPF 50_50ml,2175.0,99.2958,C
OSSUM BODY SPRAY 120ML,2175.0,99.2968,C
SOAP CASE ,2175.0,99.2978,C
ALTAR 8ML ROLL ON,2170.0,99.2988,C
CENTURY KASSORI METHI 25GM,2160.02,99.2997,C
DRUK MANGO PICKLE 400ML,2160.0,99.3007,C
Jordan TB 3-5years TWIN PACK,2160.0,99.3017,C
P Dish Wash Tub 500gm,2160.0,99.3027,C
P Petroleum Jelly 100gm,2160.0,99.3037,C
Rara Turmeric Powder 200gm,2160.0,99.3047,C
SV SALTED PEANUT RS.100,2160.0,99.3057,C
WE MUSHROOM 400GM,2160.0,99.3067,C
SV ALOO BHUJIYA RS.100,2152.82,99.3077,C
RAKHI RS. 30,2150.42,99.3086,C
Tuna Flakes Brine,2150.01,99.3096,C
FUN KAJU COOKIES 150GM,2150.0,99.3106,C
AIK COFFEE MIX RICH 360G,2144.99,99.3116,C
Sugar Free Dlite Hazelnut& Almond 80g,2140.0,99.3126,C
Three Star Meat Ball (Chicken) 200gm,2137.99,99.3136,C
AAMA KO ACHAR DALLA IN BRINE 380G,2130.0,99.3145,C
PONDS PURE DETOX 50G,2130.0,99.3155,C
POSHILO KIDS LITO 750GM,2130.0,99.3165,C
CHOCOBAKES CHOC COOKIE 75G,2120.0,99.3175,C
APIS SAFFRON 0.5GM,2115.0,99.3184,C
C&C F.W Aqua 50ml,2115.0,99.3194,C
RAKURA CINNAMON GINGER 25TB,2106.0,99.3204,C
PAR ADV BABY NOURISHING LOTION 200GM ,2105.0,99.3213,C
Car Duster S-94,2100.01,99.3223,C
Krishma Pipla 25gm,2100.01,99.3233,C
BABY CREAM 30G PINK,2100.0,99.3242,C
COTTON BUDS WONDERFULL,2100.0,99.3252,C
Current Noodles Rs.20,2100.0,99.3261,C
DOT & KEY BLUEBERRY SPF 50+ 50GM,2100.0,99.3271,C
DOT & KEY MANGO SPF 50+ 50GM,2100.0,99.3281,C
J.B HAIR OIL 60ML,2100.0,99.329,C
Kitchen Knife A-203,2100.0,99.33,C
Lakme SPF 30_50ml,2100.0,99.3309,C
Marquis 175ml,2100.0,99.3319,C
OSSUM ROLL ON 50ML MIX,2100.0,99.3329,C
sansar jira 25kg,2100.0,99.3338,C
SASNA CREAMY JOY CHOCOLATE,2100.0,99.3348,C
STAR MOP WITH STICK,2100.0,99.3358,C
WELLBELL Cornflakes Org 350GM JAR,2100.0,99.3367,C
WELLBELL Cornflakes SF 350GM JAR,2100.0,99.3377,C
OBN 32pcs,2099.5,99.3386,C
HARMONY FRUIT SOAP 75GM (GRAPE),2093.57,99.3396,C
BIKANO NAVRATAN MIX 300G,2090.0,99.3406,C
GHARANA MAKAI CHYAKLA 1KG,2090.0,99.3415,C
OKHATI CHYURI WITH NEEM 100G,2090.0,99.3425,C
Aloe Cream 50ml,2089.0,99.3434,C
Vanish LIQ OXY 400ml,2085.0,99.3444,C
GOLDIEE RED CHILLI POWDER 500GM,2080.0,99.3453,C
Moov Spray 80gm,2080.0,99.3463,C
Pampers Pants 36s MD,2080.0,99.3473,C
REAL GUAVA PET 2LTR,2080.0,99.3482,C
Niv Essential Tonner 200ml,2075.0,99.3492,C
WAWA RICE CRACKER 200M (SPICY),2075.0,99.3501,C
BIKANO GULAB JAMUN 1KG,2070.0,99.3511,C
BIKANO NAVRATAN MIX 150G,2070.0,99.352,C
Listerine 250ml Fresh,2070.0,99.353,C
PNS ANTI-DANDRUFF 625ML,2070.0,99.3539,C
S.F. COOKCHOCOCHIP 75GM,2070.0,99.3549,C
Wowper Baby Pants XL4pcs,2070.0,99.3558,C
S.F. GREEN 100GM,2069.92,99.3567,C
BLACK ADLESILC TAPE,2069.59,99.3577,C
Livon Shampoo Antihairfall 625ml,2069.0,99.3586,C
RAKURA FOREST FRUIT TEA 25TB,2064.01,99.3596,C
RAKURA TROPICAL FRUITS TEA 25TB,2064.0,99.3605,C
Moccona Coffee 100gm (Indulgence 8),2060.0,99.3615,C
Moccona Coffee 100gm (Medium Roast 5),2060.0,99.3624,C
AAMA KO ACHAR FISH SNACKS 200G,2057.09,99.3634,C
Royal Reserve 750ml,2055.0,99.3643,C
MAXSWEET 4PCS ROSE,2050.0,99.3652,C
VLCC SPF 60 100ML,2050.0,99.3662,C
BATH JALO LONG,2040.0,99.3671,C
GLYCERIN 230GM,2040.0,99.3681,C
HAIRCLIP 1255,2040.0,99.369,C
MULTANI METHI,2040.0,99.3699,C
Navaratna Oil 270ml,2040.0,99.3709,C
Paicho Gosseberry Pickle 400g,2040.0,99.3718,C
Paicho Lemon Pickle 400gm,2040.0,99.3727,C
PULSE SHOTS KACHA AAM,2039.81,99.3737,C
Joy Skin Fruit Cream 50ml,2039.0,99.3746,C
PAR ADV BABY MESSAGE OIL 100ML,2035.0,99.3755,C
PAICHO KIWI JAAM  (500gm),2030.02,99.3765,C
Ent Talc Romantic 200ml,2030.0,99.3774,C
MARSHMALLOW 100GM JAM,2030.0,99.3783,C
TIF Cream Wafer Strawberry 65gm,2030.0,99.3793,C
YUTIKA SOFT CREAM 200GM,2030.0,99.3802,C
Aloe Cream 200ml,2025.0,99.3811,C
HELIOS SMALL SHOE BRUSH,2025.0,99.382,C
N-rat,2025.0,99.383,C
T BEST ALOEVERA DRINK 240ML,2025.0,99.3839,C
ALOEVERA GEL 500ML,2016.9,99.3848,C
BSK TOP GOLD 60G,2010.0,99.3857,C
Joy Intense Lotion 400ml,2010.0,99.3867,C
Paicho Methi Pickle 400g,2010.0,99.3876,C
Face Razor,2009.0,99.3885,C
KARMACHARYA CHEESE WAFER,2004.0,99.3894,C
KRISHMA FITKARI 200GM,2000.0,99.3903,C
NEWLOOK SUN 50SPF 50ML,2000.0,99.3913,C
PULSE MASALEDAR PACK,2000.0,99.3922,C
REPLAY WAFER 30GM,2000.0,99.3931,C
UNITED BLACK TILL 100GM,2000.0,99.394,C
STRIKE COOKIES CREAM CHOCOLATE,1999.03,99.3949,C
MIX DALMOTH 175GM,1995.0,99.3958,C
BMC Curry Powder 100gm,1994.98,99.3968,C
BORGES APPLE CIDERS 500ML,1980.0,99.3977,C
COTTON BUDS BABY BIG,1980.0,99.3986,C
DELISH YOGURT CUP STRAWBERRY 125G,1980.0,99.3995,C
DERMI COOL 150GM,1980.0,99.4004,C
Maxell Super Power ACE (AA2 RED),1980.0,99.4013,C
TIDE BAR 250G,1980.0,99.4022,C
New Look Nail Remover 66ml,1978.11,99.4031,C
P Petroleum Jelly 25gm,1973.89,99.404,C
Deeyana Chiura 450gm,1965.0,99.4049,C
YOUTHRX ANTI AGEING NIGHT CREAM 30GM,1965.0,99.4058,C
BMC Chat Masala 100gm,1960.03,99.4067,C
ROSEMARY 1KG,1960.01,99.4076,C
GOURMET VIENNA BUFF SALAMI 250GM,1960.0,99.4085,C
Nivea Aftershave Lotion Deep 100ml,1960.0,99.4094,C
Nivea Shaving Foam Original 200ml,1960.0,99.4103,C
Organic Green leaf Tea Bags 120gm,1960.0,99.4112,C
PAR ADV BABY NOURISHING LOTION 400ML,1960.0,99.4121,C
CHAMOMILE GREEN TEA 50BAG,1959.96,99.413,C
Set Wet Hair Gel Casually Cool 50g,1955.0,99.4139,C
DEEYANA CHIURA 1KG,1950.0,99.4148,C
DK LIP BALM SPF 50++ 4.5GM,1950.0,99.4157,C
SWEET HEART 350GM,1950.0,99.4166,C
BADHAI MASALA TEA 200GM,1949.99,99.4175,C
KITCHEN WIPES 80PCS,1935.01,99.4183,C
Col TBR Kids 2+,1935.0,99.4192,C
Gaia Crunchy Muesli Fruit 400gm,1935.0,99.4201,C
HAIR BRUSH FLAT,1925.0,99.421,C
KENTT SUNFLOWER OIL 5LTR,1925.0,99.4219,C
ROLL COMB,1925.0,99.4228,C
WOTTAGIRL BLISTER 60ML (SPELL BOUND),1925.0,99.4237,C
FUNFEAST LEMON DIG 150GM,1924.97,99.4245,C
NEWLOOK GLYCERIN GEL 60ML,1924.0,99.4254,C
P Tulsi Neem Face Wash 100g,1921.5,99.4263,C
LUVIT CHOCWICH 20PCS WHITE,1920.04,99.4272,C
AAMA KO ACHAR TIMUR CHOP 200G,1920.0,99.4281,C
ENC ROLL ON IRIS 50ML,1920.0,99.4289,C
Orient Gardens Mayochup 300ml,1920.0,99.4298,C
Pears Bar BLUE 125G,1920.0,99.4307,C
WOWPER BABY PANTS L4,1920.0,99.4316,C
Zhandu Balm ultra 8gm,1920.0,99.4325,C
AAGAN BURGER BUN 4PCS,1917.0,99.4333,C
DABUR AMLA HAIR OIL 180 ML,1915.85,99.4342,C
ENC SHOWER GEL 550GM ENTICING,1905.0,99.4351,C
PONDSDFT 100G,1905.0,99.436,C
ASTA BERRY APRICOT SCRUB 100ML,1900.0,99.4368,C
BIKANO PLAIN BHUJIA 280G,1900.0,99.4377,C
BIKANO PLAIN PAPAD 300GM,1900.0,99.4386,C
FANTA 250ML,1900.0,99.4394,C
RBI LIQ Sglo 150ml,1899.99,99.4403,C
NATINATINI LONGGRAIN BASMATI 20KG,1897.43,99.4412,C
Shot Gold 135ml(Dynamic),1895.0,99.442,C
RAMRO MOP WITH STICK,1890.02,99.4429,C
BADHAI MASALA TEA 500GM,1890.0,99.4438,C
Inaco Jelly Gum 300gm,1890.0,99.4446,C
LOTTE FUSEN GUM LEMONLIME,1890.0,99.4455,C
Pran Frooto 500ml,1890.0,99.4464,C
FIAMA SOAP,1885.0,99.4472,C
Shot Gold 135ml(Imperial),1885.0,99.4481,C
STAPLER PIN,1880.01,99.449,C
BADHAI MASALA TEA 1KG,1875.0,99.4498,C
WottaGirl 135ml Tucsan Green),1875.0,99.4507,C
Shot Gold 135ml(Passion),1874.0,99.4515,C
RAKURA ORG JASMINE TEA 25TB,1869.02,99.4524,C
RAKURA STRAW+PEACH TEA 25TB,1869.0,99.4533,C
THREE FISH FINGER 200GM,1863.46,99.4541,C
Goldiee Chicken Masala 100g,1860.0,99.455,C
HIMA BABY CREAM 100 ML,1860.0,99.4558,C
JUNELO NOODLES 200GM,1860.0,99.4567,C
Lakme SPF 30_100ml,1860.0,99.4575,C
Lotus W/G DMC 60gm,1860.0,99.4584,C
NO.1 100G SANDAL&TUR PO4,1860.0,99.4592,C
HOLI PICHKARI PENCIL SMALL,1857.55,99.4601,C
AV Ayurvedic Mint Gel Tooth Paste 100gm,1850.0,99.4609,C
CC BB STICK 22.5G STRAWBERRY,1850.0,99.4618,C
CC BB STICK 22.5G TUTTI FRUTTI,1850.0,99.4626,C
BABY WATER BOTTLE DOUBLE CAP,1840.0,99.4635,C
CDM SILK PLAN 150GM,1840.0,99.4643,C
CHB LIQ DTAN 75ML,1840.0,99.4652,C
GOURMET VIENNA CHI GARLIC CHESSE 400GM,1840.0,99.466,C
LAYS AMERICAN STYLE CREAM ONION 16.5G,1840.0,99.4668,C
PROTEIN MINI BAR 20GM,1840.0,99.4677,C
Sugar Free Dlite Cocoa 80g,1840.0,99.4685,C
TIF Cream Wafer Orange 135gm,1840.0,99.4694,C
BMC BIRYANI MASALA 100g,1830.01,99.4702,C
RICE CLEANING FW 100ML,1829.99,99.471,C
COL TBR KIDS BATMAN,1820.0,99.4719,C
Stella Air Freshner 250ml (Lavender),1820.0,99.4727,C
Whisper Ultra Clean XL+7,1820.0,99.4735,C
COL TBR KIDS (BARBIE),1819.97,99.4744,C
HARMONY FRUIT SOAP 75GM (PEACH),1818.59,99.4752,C
Ent Talc Alluring 100ml,1815.0,99.476,C
GCG TOILET PAPER 140GM,1815.0,99.4769,C
MOSQUITO CREAM 90ML,1815.0,99.4777,C
VICC HYALURONIC FW 100ML,1814.79,99.4785,C
RAKURA ORG CHAMOMILEE TEA 20TB,1806.0,99.4794,C
OKHATI MENTHOL SOAP 100G,1805.0,99.4802,C
Wowper Baby Pants XL5pcs,1805.0,99.481,C
BLG SAFFRON 50GM,1800.02,99.4818,C
ANANT ORANGE COLOR 100G,1800.01,99.4827,C
Asta Berry Wine Face Wash 100ml,1800.0,99.4835,C
AXE DO 17ML,1800.0,99.4843,C
BIKANO MOONG DAL 130G,1800.0,99.4851,C
BIKANO PLAIN BHUJIA 140G,1800.0,99.486,C
Cadel Olive Oil 250ml,1800.0,99.4868,C
D. SHIV SHAKTI 100,1800.0,99.4876,C
EMBOSSIE TOFFEES 100GM,1800.0,99.4884,C
Ent P Perfume Romantic,1800.0,99.4893,C
Hanger Steel Fancy 10pcs,1800.0,99.4901,C
KING PANDA,1800.0,99.4909,C
Navaratna Oil 45ml,1800.0,99.4917,C
NEETA CONE,1800.0,99.4926,C
PNS Anti Hairfall 650ml,1800.0,99.4934,C
PNS Nourising Care 650ml,1800.0,99.4942,C
Ramro Assorted Mix Cookies,1800.0,99.495,C
RIJALS SALTED PEANUT 500GM,1800.0,99.4959,C
SANSAR STEAM SONA 25KG,1800.0,99.4967,C
ToothBrush/Tongue Cleaner,1800.0,99.4975,C
VASALAINE LIP CARE,1800.0,99.4983,C
WHITE KITCHEN RUMAL,1799.98,99.4992,C
HAIR COMB,1799.0,99.5,C
Kaprika Wafer Orange 150gm,1799.0,99.5008,C
Fogg Oriential 120ml,1790.0,99.5016,C
BAGRRYS MIXFRUIT MUSELI 375GM,1785.0,99.5025,C
Current Chk Pizza Noodles,1784.97,99.5033,C
AIRCARE KAPUR 35GM,1775.0,99.5041,C
COCONUT CANDY 250GM,1775.0,99.5049,C
BMC Chicken Masala 100gm,1774.99,99.5057,C
LAVERLAND CRUNCH 4.5GM9PCS H&S,1770.0,99.5065,C
Current Kasuri Methi 25gm,1760.0,99.5073,C
Nivea Men Allin1 FW100ml,1760.0,99.5081,C
Nycil Classic 150gm,1760.0,99.5089,C
Nycil Cool Sandal 150gm,1760.0,99.5098,C
SASNA FINEDAY HONEY,1760.0,99.5106,C
ADI SALTED PEANUT 200GM,1755.0,99.5114,C
Fogg Aromatic 120ml,1755.0,99.5122,C
SUN BLOCK 25 100GM,1755.0,99.513,C
Bam Sona Pineapple 200g,1751.0,99.5138,C
Gas Lighter,1750.01,99.5146,C
FIVE STAR 10.1GM,1750.0,99.5154,C
Kodomo TBP 65gm Grape ,1750.0,99.5162,C
PURE NEEM FACE PACK 100G,1750.0,99.517,C
Set Hair Party Shine 250g,1750.0,99.5178,C
5 RIVERS TOMATO KT 500GM,1749.98,99.5186,C
HARMONY FRUIT SOAP 75GM (ORANGE),1748.6,99.5194,C
Hukka Foil,1745.0,99.5202,C
AAGAN FRUIT ELAICHI BR 175GM,1740.0,99.521,C
BORO PLUS 100ML KESAR,1740.0,99.5218,C
CDM Crispello 14.3G,1740.0,99.5226,C
Floor Wiper SW-122,1740.0,99.5234,C
Mangaldeep Rose Sandal Rs50,1738.0,99.5242,C
DLITE FLEX SEEDS 200GM,1725.0,99.525,C
MA PO PANTS M24,1725.0,99.5258,C
PEARS BODY WASH 250ML,1725.0,99.5265,C
Wowper Baby Pants M4pcs,1725.0,99.5273,C
Fogg Master Body Spray 100g Ceder,1720.0,99.5281,C
Col MaxFresh 18g,1719.11,99.5289,C
Trident Island Berry Lime,1715.0,99.5297,C
XTRAA DISHWASH TUB 500GM,1710.0,99.5305,C
DTT SANITIZER REG 200ML,1705.0,99.5313,C
Fogg Master Body Spray 100g Oak,1705.0,99.532,C
DRUK ORANGE SQUASH 700ML,1700.0,99.5328,C
GAL MV FW 100G,1700.0,99.5336,C
Kaprika Wafer Chocolate 75gm,1700.0,99.5344,C
Rara Mix Masala 160gm,1700.0,99.5352,C
Unibic SugarFree Cashew Cookies,1700.0,99.5359,C
GAL MV 25G,1699.99,99.5367,C
SNAIL MOISTURIZER 100ML,1698.64,99.5375,C
GOORAL kids TOOTHBRUSH,1690.0,99.5383,C
Polluction Detox Charcoal Facewash 100ml,1685.0,99.539,C
NEWLOOK BOX COLOR INT RED 6.60,1683.0,99.5398,C
HELIOS WAX POLISH 40GM BL,1680.02,99.5406,C
BOURNVLLE FRUIT AND NUT,1680.0,99.5414,C
DABUR AMLA HAIR OIL 90 ML,1680.0,99.5421,C
DABUR HONEY MIXED STRAWBERRY 400GM,1680.0,99.5429,C
Hilife Cornflakes Original 275g,1680.0,99.5437,C
HOT WATER RUBBER BAG,1680.0,99.5444,C
Kitchen Knife Yellow,1680.0,99.5452,C
Kleen Shave Razar(DC),1680.0,99.546,C
LUVLT SNACKERS LOLIPOP 96G,1680.0,99.5467,C
Niv nat Glow Lotion SPF15 400ml,1680.0,99.5475,C
PULSE LITCHI CANDY 50PCS,1680.0,99.5483,C
VICTORY REJOR,1680.0,99.5491,C
W/G DMC 60GM,1680.0,99.5498,C
WHISPER EXTRA LONG 6S,1680.0,99.5506,C
AAGAN MILK BREAD 175GM,1679.21,99.5514,C
PULSE KACHCHA AAM 50PCS,1675.19,99.5521,C
Amul Cube Cheese 200gm,1675.0,99.5529,C
CELLING BRUSH BRW RAMRO,1675.0,99.5537,C
Parachute Coconut Hairoil 200ml,1675.0,99.5544,C
WELLBELL Cornflakes SF 750GM JAR,1671.86,99.5552,C
ENC ROLL ON LAVENDER 50ML,1664.98,99.556,C
EVEREADY DL 95,1663.0,99.5567,C
VLCC SPF 40 100ML,1660.0,99.5575,C
A TASTE BLACK SESAME CRACKER 264GM,1650.0,99.5582,C
BFB Rich Marie 300g,1650.0,99.559,C
Col TBR Kids 2+(PO3),1650.0,99.5598,C
Ghadi Chakki Aata 2kg,1650.0,99.5605,C
Liquid Detergent 1Ltr,1650.0,99.5613,C
AER MA CAN VOILET 210ML,1640.0,99.562,C
SPANISH OLIVE OIL 100ML,1640.0,99.5628,C
HIMA DIAPER RASH CREAM 50G ,1639.0,99.5635,C
NESTLE GOLD CRUNCHA FLAKES-850 gm,1635.0,99.5643,C
KENT POMACE OLIVE OIL 500ML,1630.0,99.565,C
GLASS BOTTLE 1LTR,1625.0,99.5658,C
JORDAN D FLOSS IN BETWEEN 50M,1625.0,99.5665,C
Para Natural Shampo Damage Repair 340ml,1624.94,99.5673,C
BIKANO ALOO BHUJIA 150G,1620.0,99.568,C
DERMA BOTANICS SPF50+50GM,1620.0,99.5687,C
EDC DAZZLING LOVE 100ML,1620.0,99.5695,C
GOURMET VIENNA SMOKED HAM 500GM,1620.0,99.5702,C
Joy Ubtan FW 100ml,1620.0,99.571,C
KODO NOODLES 200GM,1620.0,99.5717,C
VAS LIGHT HYDRATE 400ML,1620.0,99.5724,C
WHITENNG SUN GEL SPF-50 100GM,1620.0,99.5732,C
AMUL KOOL KOKO CHO 180ML,1615.0,99.5739,C
PAR ADV BABY NOURISHING SOAP 75GM ,1615.0,99.5747,C
RAKURA GINGER & HONEY TEA 25TB,1614.0,99.5754,C
Zhandu Balm 8gm,1610.01,99.5761,C
Candle_Big,1610.0,99.5769,C
SITA RAM MOZZARELLA CHEESE 180GM,1610.0,99.5776,C
WAX PAPER,1610.0,99.5784,C
HARMONY FRUIT SOAP 75GM (STRAWBERRY),1608.59,99.5791,C
PAR ADV BABY NOURISHING SHAMPOO 400ML,1605.0,99.5798,C
9W Everyday Led Bulb,1600.0,99.5806,C
AROMA LQ 100ML,1600.0,99.5813,C
Doritors Nacho Cheese 82.5g,1600.0,99.582,C
HIMA PRICKLY HEART BABY POWDER 200 G,1600.0,99.5828,C
HOLI PICHKARI MOTO,1600.0,99.5835,C
Kitchen Knife W-313,1600.0,99.5842,C
Kleen Shake 5pcs,1600.0,99.585,C
KWIKS MULTI GRAIN CHEESE BALL,1600.0,99.5857,C
LOTTE STICK GUM (COLA SPICY),1600.0,99.5864,C
Pustakari,1600.0,99.5872,C
Ramro Fiber Extra Aata Cookies,1600.0,99.5879,C
Sugar Free Dlite Orange 80g,1600.0,99.5886,C
SHAVING BRUSH,1599.01,99.5894,C
MODERN SESAME PUFF 150GM,1598.0,99.5901,C
BABY GLOSS FD B 240ML,1590.0,99.5908,C
DLITE QUINOA SEED 300GM,1590.0,99.5916,C
GILLETTE AFTER SHAVE REFRESHING,1590.0,99.5923,C
Lipton Green Tea Lemon 10s,1590.0,99.593,C
NORA OLIVE OIL 110ML,1590.0,99.5937,C
Pran Fruit Juice,1590.0,99.5945,C
Cloth Rope S-75,1580.0,99.5952,C
GOCO CLASSIC,1580.0,99.5959,C
A TASTE COCONUT CRA 230GM,1575.0,99.5966,C
ENC EDC TREASURE 100ML,1575.0,99.5974,C
SW HRWAX GLAZW WAX 60GM,1575.0,99.5981,C
LUX BW FRAGRANT SKIN 245ML,1574.0,99.5988,C
PEELING KNIFE,1570.0,99.5995,C
Cloth Clip Small,1560.0,99.6002,C
DK LIP BALM COCOA 4.5GM,1560.0,99.601,C
DK VITA C MOISTURIZER 60ML,1560.0,99.6017,C
NISHA 1.0 BLACK BOX,1560.0,99.6024,C
Nivea Men Fairness Creme 75ml,1560.0,99.6031,C
Nivea Rollon ExWhi Fem 50ml,1560.0,99.6038,C
SPORT H&C 500ML straw,1560.0,99.6045,C
UN ME CHEESE RING,1560.0,99.6052,C
Weifield Baking Soda 400gm,1560.0,99.606,C
AAGAN MULTIGRAIN BREAD 175GM,1558.75,99.6067,C
NAULO BURST,1557.0,99.6074,C
FUN JEERA COOKIES 150GM,1550.01,99.6081,C
MISMAS 3 ANGLES CHIPS,1549.98,99.6088,C
RAKURA ORG TULSI TEA 20TB,1548.0,99.6095,C
RAKURA SUPER BERRIES TEA 25TB,1548.0,99.6102,C
SPORT H&C 500ML (WB),1545.0,99.6109,C
Natural Juice Pineapple 1l,1540.01,99.6116,C
CAMRLLIA CHOCOLATE 500GM,1540.0,99.6123,C
LYS SHAKTI AQUA 450ML,1540.0,99.613,C
MUTTON KAAN JIBRO PICKLE 350GM,1540.0,99.6138,C
S.F. COOKMOCHAHAZEL 150GM,1540.0,99.6145,C
WINNER COCONUT CHO,1540.0,99.6152,C
Ent Rollon Enticing 50ml,1530.0,99.6159,C
Natural Juice Mix 1l,1530.0,99.6166,C
Natural Juice Rasbery 1l,1525.0,99.6173,C
CUBES WAFERS 150GM,1520.0,99.618,C
RAMROI BUTTER COOKIES 180GM,1520.0,99.6187,C
Tasty Tomato Ketchup 650ml,1520.0,99.6194,C
5min Hair Shampoo black 1,1512.0,99.6201,C
BLUEBERRY BOTOX TREATMENT 900ML,1505.0,99.6207,C
LOTTE TOPPO 40GM COCOACHO,1505.0,99.6214,C
BRT 50-50 TIME PASS 150GM,1500.0,99.6221,C
D. LIFE RED SANDAL ,1500.0,99.6228,C
Doritos Sweet Chilli 82.5g,1500.0,99.6235,C
Fogg Rediate 120ml,1500.0,99.6242,C
HIMA FACE PACK 100GM OC MUD,1500.0,99.6249,C
HOLI PICHKARI GUN,1500.0,99.6256,C
KWIKS TIMURE STIX,1500.0,99.6262,C
Mangaldeep Lavender Rs30,1500.0,99.6269,C
Mangaldeep Marigold ,1500.0,99.6276,C
Natural Juice Apple 2LTR,1500.0,99.6283,C
Natural Juice Blueberry 1l,1500.0,99.629,C
Natural Juice Cnane 2ltr,1500.0,99.6297,C
Natural Juice Mix 2l,1500.0,99.6304,C
NESTLE GOLD CRUNCHY FLAKES-230gm,1500.0,99.6311,C
PAICHO MIX PICKLE (200gm),1500.0,99.6317,C
Shot Gold 135ml(Iconic),1500.0,99.6324,C
Shot Gold 135ml(Ultima),1500.0,99.6331,C
TOILET BRUSH NORMAL,1500.0,99.6338,C
Current Chilly Powder 100gm,1499.98,99.6345,C
CHEETOS MASALA MUNCH 63.5G,1499.09,99.6352,C
FAREX 2,1490.0,99.6359,C
BATH SPONGE GLOVES,1485.0,99.6365,C
HIMA ANTI SHAMPOO 340ML,1485.0,99.6372,C
KESH KING ONION OIL 100ML,1485.0,99.6379,C
SUN BLOCK 30  50GM,1485.0,99.6386,C
CLEANING RUMAL JUTE SMALL,1480.02,99.6393,C
H&C Hair Oil 100ml,1480.0,99.6399,C
NAN PRO 1 IF BIB 400GM,1480.0,99.6406,C
Turbo Bright Fairness f/w 50ml,1480.0,99.6413,C
Kanchenjunga Dhup Moto Rs.100,1472.43,99.642,C
AAA Battery Pana,1470.0,99.6426,C
LURE ROOM SPRAY 220ML,1470.0,99.6433,C
Niv AfterShave S.Cool 100ml,1470.0,99.644,C
P Aloevera Kanti Body Soap 150g,1470.0,99.6447,C
Okhati Anti Dandruff Hair Soap,1466.82,99.6453,C
Jordan Tooth Brush Classic Soft,1465.0,99.646,C
Gaia Crunchy Muesli Nutty 400gm,1460.0,99.6467,C
ROYAL WAFER BALL 600GM,1460.0,99.6473,C
HOLI COLOR,1458.97,99.648,C
BABY GLOSS FD B 150ML,1450.0,99.6487,C
DERMA HYDRA LOTION 100GM,1450.0,99.6493,C
KWIKS PRE CHEESE,1450.0,99.65,C
PARLE-G HIDE & SEEK 150GM,1450.0,99.6507,C
Pran Frooto 250ml,1450.0,99.6513,C
RBI LIQ Sglo 75ml,1450.0,99.652,C
New Look Nail Remover 110ml,1449.0,99.6527,C
YUTIKA SOFT CREAM 50GM,1445.0,99.6533,C
BORO SOFT CREAM 25ML,1443.29,99.654,C
ARTIST BRUSHES,1440.0,99.6546,C
CC MINTSCLN 12PCS,1440.0,99.6553,C
Goldiee Kas.Mirch 100g,1440.0,99.656,C
ICE CUBE,1440.0,99.6566,C
NIHAR SHANTI BADAM AMLA 300ML,1440.0,99.6573,C
RBL Bleach 200ml,1440.0,99.6579,C
Sugar Free Dlite QNA&ALMD 80g,1440.0,99.6586,C
Wowper Baby Pants M5pcs,1440.0,99.6593,C
YUTIKA BODY LOTION 100ML,1440.0,99.6599,C
COL PLAX 250ML (PEPPERMINT),1435.0,99.6606,C
Eclairs Cruncheez,1430.01,99.6612,C
ABTT. PEDIASURE VANILLA 200GM,1430.0,99.6619,C
AIK COFFEE MIX BROWN 360G,1430.0,99.6626,C
Unibic Chocolate Chip Cookies,1430.0,99.6632,C
Unibic Fruit & Nut Cookies,1430.0,99.6639,C
WhiteTone Face Cream 25g,1430.0,99.6645,C
Ent Talc Charming 100ml,1425.0,99.6652,C
HERITIGE CHANDANAM,1425.0,99.6658,C
FINNY GEMETRY BOX,1415.0,99.6665,C
Cornitos Nacho 140gm (Tikka Masala),1410.0,99.6671,C
DTT LSJ SKC 900ML,1410.0,99.6678,C
ENC ROLL ON ROSE 50ML,1410.0,99.6684,C
SKINPURE FW TEATREE 100GM,1410.0,99.6691,C
BOTTLE 700ML,1400.0,99.6697,C
KRISHMA ALAICHI 100GM,1400.0,99.6703,C
LOTTE STICK GUM (PEPPERMINT),1400.0,99.671,C
OREGANO 1KG,1400.0,99.6716,C
Pran Krako Sticks 81gm,1400.0,99.6723,C
RIN ALA 500ML,1400.0,99.6729,C
SNAIL MOISTURIZER 50ML,1400.0,99.6735,C
TOILET PAPER FASHION 40GM,1400.0,99.6742,C
PAPERPLATE DOONA NO.7,1399.99,99.6748,C
DATES N BAR HAZELNUT 35GM,1399.98,99.6755,C
CLEAR SHAMPOO 145ML,1396.39,99.6761,C
KOTAK MOP WITH STICK,1391.0,99.6768,C
RICE NOODLES 200GM,1380.0,99.6774,C
S.F. COOKYUMMYBERRY 75GM,1380.0,99.678,C
VIRGIN COCONUT OIL 1000ML,1380.0,99.6786,C
BABY CREAM 30G BLUE,1379.94,99.6793,C
EVEREADY BATTERY AA20,1375.0,99.6799,C
Para Adv Aleovera oil 75ml,1375.0,99.6805,C
HARMONY FRUIT SOAP 75GM (LIME),1373.6,99.6812,C
Hanami Prawn Crackers 60gm,1365.0,99.6818,C
TRM CD S&S 190ML,1365.0,99.6824,C
CDM Shots 18gm,1360.0,99.683,C
Colourful Envelop Long,1360.0,99.6837,C
MR MUSCLE F/C CITRUS 1000ml,1360.0,99.6843,C
MR MUSCLE F/C FLORAL 1000ml,1360.0,99.6849,C
MR MUSCLE F/C LAVENDER 1000ml,1360.0,99.6855,C
ROYAL WAFER BALL 550GM,1360.0,99.6862,C
HOLI BALLON RS.10,1359.18,99.6868,C
HAL NUT CRACKER 400GM,1350.0,99.6874,C
Lervia Soap 90gm (Milk & Honey),1350.0,99.688,C
Safal Butter 100gm,1350.0,99.6886,C
SANTOOR ORANGE SOAP 90GM,1350.0,99.6893,C
VAS GLUTA HYA DEWY RADIANCE 70GM,1350.0,99.6899,C
WhiteTone Face Powder 50g,1350.0,99.6905,C
ALOEVERA GEL 300ML,1337.25,99.6911,C
MR MUSCLE F/C LAVENDER 2000ml,1335.0,99.6917,C
HAJMOLA MR AAM BOTTLE 120 TAB,1330.0,99.6923,C
HARMONY FRUIT SOAP 75GM (APPLE),1330.0,99.6929,C
Kiwi Liquid Polish Black 75ml,1330.0,99.6935,C
MODERN SWEET HEART 150GM,1330.0,99.6942,C
PARLE CHATAKA MANGO 280GM,1330.0,99.6948,C
SAFE LIFE GLYCERIN 60GM,1330.0,99.6954,C
BLC LIGHTER ,1329.98,99.696,C
Bath Sponj Long,1320.0,99.6966,C
COSTAA BRAVE TONIC WATER 330ML,1320.0,99.6972,C
Fish Sauce C&L 700ml,1320.0,99.6978,C
MINICARE SET SMALL,1320.0,99.6984,C
MR BIO FRUITY RINGS 225GM,1320.0,99.699,C
NEWLOOK SPF 30 100ML,1320.0,99.6996,C
Tuborg 330ml,1320.0,99.7002,C
WELL BELL CHOCO FILLS 150GM JAR,1320.0,99.7008,C
DELISH YOGURT CUP MIX BERRIES 125G,1319.0,99.7014,C
HAIRCLIP 1509,1318.0,99.702,C
Niv Nfm DeepCl Foam 100ml,1311.0,99.7026,C
Para Adv Ayur Hot oil 90ml,1310.0,99.7032,C
HIMALAYAN CLERINA ANTI-ANCE CREAM 30GM,1309.99,99.7038,C
POLO GLUE 200GM,1309.0,99.7044,C
TOBASCO SAUCE 59ML,1305.01,99.705,C
Henko FL Liquid 1kg pouch,1305.0,99.7056,C
Kanchenjunga Cone Jar Rs.150,1304.98,99.7062,C
Battisa Adhua Dhulo 100g,1300.0,99.7068,C
CENTURY CHILLY SAUCE 500GM,1300.0,99.7074,C
CHOPPING BOARD PINK,1300.0,99.708,C
DERMA GLO FACEWASH 60ML,1300.0,99.7086,C
DURRO CHOCO 700GM,1300.0,99.7092,C
HIMA APRICOT FW 50GM,1300.0,99.7098,C
ONION SHAMPOO 500ML,1300.0,99.7104,C
RICH BUTTER COOKIES 150GM,1300.0,99.711,C
SAFAL GHEE JAR 1L,1300.0,99.7116,C
TALENTO 700GM,1300.0,99.7122,C
Unibic Butter Cookies,1300.0,99.7128,C
REAL MIXED PET 200,1299.0,99.7134,C
Current Spicy CheeseBalls 60g,1297.76,99.714,C
BAGRRYS WHITE OATS 200GM,1297.21,99.7146,C
Nestle Milky Bar Mould 12.5gm,1296.0,99.7152,C
NEWLOOK HAIR SERUM 55ML,1295.0,99.7158,C
OILCLEAR F/W 50ml,1295.0,99.7163,C
AMUL ONION POCKETS,1290.0,99.7169,C
DLITE DRIED KIWI 125GM,1290.0,99.7175,C
HIMA FACE SCRUB 100GM APRICOT,1290.0,99.7181,C
KAPRIKA HEART T12,1290.0,99.7187,C
ANKUR WHITE SOAP,1281.0,99.7193,C
Pure Pocket Tissue,1280.0,99.7199,C
SAKARA X SOFT MILK CANDY 90GM,1280.0,99.7205,C
STRAW PIPE,1275.01,99.7211,C
6 OIL CONDITIONER 192.5ML,1275.0,99.7216,C
KENT POMACE OLIVE OIL 250ML,1275.0,99.7222,C
RARA BROKEN NOODLES 850GM,1275.0,99.7228,C
PARACHULE JASMINE 90ML,1270.0,99.7234,C
PARLE NUTRI CRUNCH 100GM,1270.0,99.724,C
Battisa Jimbu 25g,1265.0,99.7246,C
ROUND CAKE CHOCO 150GM,1265.0,99.7251,C
WhiteTone Face Powder 30g,1265.0,99.7257,C
200ML COCONUT WATER,1260.0,99.7263,C
BERLINO PANIPURI 175GM,1260.0,99.7269,C
BIKANO KHATTA MEETHA 150G,1260.0,99.7274,C
Fly Catcher,1260.0,99.728,C
Niv Ext.White RepForm,1260.0,99.7286,C
SOFTY REGULAR PAD 240MM,1260.0,99.7292,C
Wowper Baby Pants S5pcs,1260.0,99.7298,C
Mangaldeep Jasmine Rs20,1255.14,99.7303,C
Y ANTIAGEING NIGHT CREAM 60GM,1255.0,99.7309,C
Eveready Ultima Battery AAA,1250.0,99.7315,C
SHOPPING BAG,1250.0,99.7321,C
Current Onion N Ring 40G,1249.98,99.7326,C
NILONS CUT SAWAY 130GM,1249.01,99.7332,C
MR MUSCLE F/C LANVENDER 2000ml,1245.0,99.7338,C
OLIVE HAIR OIL 180ML,1245.0,99.7343,C
DK CICA TONER 150ML,1240.0,99.7349,C
DK WATERMELON TONER 150ML,1240.0,99.7355,C
Para Adv Ayur Hot oil 300ml,1240.0,99.736,C
PANJABI TADKA 155GM,1235.0,99.7366,C
S.F. GOLD SACHET 100,1230.17,99.7372,C
AAMA KO ACHAR DALLA PICKLE 380G,1230.0,99.7377,C
DOMEX FC 1LTR,1230.0,99.7383,C
Veet Wax Nor Fullbody,1230.0,99.7389,C
XTRAA DISHWASH BAR 200GM,1230.0,99.7394,C
Cotton Roll 25gm,1225.0,99.74,C
Repair Max Hair Serum 100ml,1215.0,99.7405,C
624g Caramel Syrup,1210.07,99.7411,C
Karmacharya Orange Cream,1210.0,99.7417,C
DATES N BAR FRUIT 35GM,1200.0,99.7422,C
D. BLACK STONE ,1200.0,99.7428,C
D-ONE MILK TEA CREAMER 1KG,1200.0,99.7433,C
Gloves Half Rub,1200.0,99.7439,C
Hilife Tomato Ketchup 500gm,1200.0,99.7444,C
HIM FACEWASH 50ML LEMON,1200.0,99.745,C
Joy Intense Lotion 100ml,1200.0,99.7455,C
Kitchen Knife W-312,1200.0,99.7461,C
Lipton Green Tea TULSI NATURA 25s,1200.0,99.7466,C
MAKAI CHIURA TIMUR MIX 250GM,1200.0,99.7472,C
MR MUSCLE F/C CITRUS 2000ml,1200.0,99.7477,C
NO. 7237 WATER BOTTLE  780ML,1200.0,99.7483,C
PARLE-G GOLD 200GM,1200.0,99.7488,C
PILOT FLOOR CLEANER FLORAL 500ML,1200.0,99.7494,C
RAKHI RS.50,1200.0,99.7499,C
SCISSOR K-18,1200.0,99.7505,C
Tej Patta 100gm,1200.0,99.751,C
VICKS VAPORUB 10ML,1200.0,99.7516,C
G. GREEN TEA MASK 28GM,1199.98,99.7521,C
Nivea Aloe Lotion 120ml,1199.98,99.7527,C
Razor Single,1199.4,99.7532,C
PAR ADV BABY POWDER 50GM,1194.0,99.7537,C
3W Everyday Led Bulb,1192.0,99.7543,C
Plastic Doona Small,1190.01,99.7548,C
HOLI PICHKARI PENCIL,1180.0,99.7554,C
BIKANO TASTY 140G,1170.0,99.7559,C
CC Tube Mini 11p,1170.0,99.7565,C
CHAMOMILE GREEN TEA 20BAG,1170.0,99.757,C
CHANA SATTU 400GM,1170.0,99.7575,C
DK LIP BALM CHERRY 4.5GM,1170.0,99.7581,C
DK LIP BALM SPF 50++ 10GM,1170.0,99.7586,C
DK LIP BALM STRAWBERRY 4.5GM,1170.0,99.7591,C
HB DERMA CREAM 50GM COW,1170.0,99.7597,C
Hydra Refresh 150ml,1170.0,99.7602,C
NISHA 8.1 GOLDEN BLONDE,1170.0,99.7607,C
Nivea Soft SPF 15 100ml,1170.0,99.7613,C
SUN BLOCK 40 75GM,1170.0,99.7618,C
NISHA 7.3 HONEY BLONDE BOX,1169.0,99.7624,C
Bhai Tika,1168.99,99.7629,C
AMS HIMALAYAN 180ML,1160.0,99.7634,C
BEAUTY BLENDER,1160.0,99.7639,C
SHOES WASHING BAG,1160.0,99.7645,C
DELISH YOGURT CUP CLASSIC 125G,1155.0,99.765,C
HAL KASMIRI MIX-200gm,1150.0,99.7655,C
RAMRO PEANUT BUTTER COOKIES 100GM,1150.0,99.7661,C
Tej Patta 50gm,1150.0,99.7666,C
Toilet Cleaner 4pcs,1150.0,99.7671,C
Black Gold Rs.100,1140.0,99.7676,C
DLITE DRIED MANGO 125GM,1140.0,99.7682,C
Goldiee MeatMasala 50g,1140.0,99.7687,C
Kiwi Liquid Polish Brown 75ml,1140.0,99.7692,C
LIA CONE DHUP,1140.0,99.7697,C
Natural Juice Cnance 1l,1140.0,99.7703,C
PASSPASS FRUIT MIX 105G,1140.0,99.7708,C
PASSPASS MAGIC MIX 105G,1140.0,99.7713,C
POSHILO PROTEIN 750GM,1140.0,99.7718,C
TR CONDITIONER 180ML,1140.0,99.7723,C
VJhon Foam 70g,1140.0,99.7729,C
KAPOOR 30GM,1139.49,99.7734,C
BON CHEF PANKO BREADCRUMB 1kg,1130.0,99.7739,C
KISSAN TOMATO KETCHUP 1KG,1130.0,99.7744,C
Laxmi Bhatta Fry 400gm,1125.0,99.7749,C
ORIGINAL GINGER ALE 330ML,1125.0,99.7755,C
Shot Gold 135ml(Sporty),1125.0,99.776,C
Sumnima Glycerine 130ml,1125.0,99.7765,C
WottaGirl 135ml(Mandarin Twist),1125.0,99.777,C
Moov Ointment 20gm,1120.0,99.7775,C
Nes Milky Bar Cho Strawberry 11g,1120.0,99.778,C
THREE ALOO TIKKA 500GM,1119.99,99.7785,C
Ent Shower Gel Enticing 250ml,1110.0,99.779,C
Fogg Nice 120ml,1110.0,99.7796,C
MAKAI SATTU 750GM,1110.0,99.7801,C
Mangaldeep Sandal Rs30,1110.0,99.7806,C
ST MIX HERBS 60GM,1110.0,99.7811,C
Lervia Soap 90gm (Milk & Avocado),1100.02,99.7816,C
AAGAN SANDWICH BREAD FLAT 500GM,1100.01,99.7821,C
KWIKS AKABARE STIX 70GM,1100.01,99.7826,C
Unibic SugarFree Oatmeal Cookies,1100.01,99.7831,C
BELLA VITA DATE 100ML,1100.0,99.7836,C
BELLA VITA HONEY OUD 100ML,1100.0,99.7841,C
BELLA VITA SENORITA 100ML,1100.0,99.7846,C
Lervia Soap 90gm (Milk),1100.0,99.7851,C
LUV DHAPA DAHI 500ML,1100.0,99.7856,C
DAMI KODO BIS FAMILY 100GM,1099.01,99.7861,C
DEO DENEVER HONOUR 165ML,1095.0,99.7866,C
DEO DENVER ROYAL OUD 165ML,1095.0,99.7871,C
LISTERINE CARITY 80ML FIG,1095.0,99.7876,C
RAKURA GINGER&PEACH TEA 25TB,1095.0,99.7881,C
Set Wet Hair Gel Party Shine 100g,1085.0,99.7886,C
DRUK VINEGAR 300ML,1080.0,99.7891,C
FAIR HANDSOME 50ML,1080.0,99.7896,C
Ginger Paste 200g,1080.0,99.7901,C
J.b Lotion 50ml Pink,1080.0,99.7906,C
Kanchenjunga Dhup Moto Rs.50,1080.0,99.7911,C
NEWLOOK SUN 30SPF 50ML,1080.0,99.7916,C
Nyano Diaper S56,1080.0,99.7921,C
PAICHO MIX PICKLE 5kg,1080.0,99.7926,C
SAHNAI MAIDA 1KG,1080.0,99.7931,C
SV ALOO BHUJIYA RS.50,1080.0,99.7936,C
SV MOONG DAL RS.50,1080.0,99.7941,C
Nebico Sugarfree Digestive Rs100,1079.99,99.7946,C
LOTTE TOPPO 40GM VANILLACHO,1074.93,99.7951,C
PREM DULHAN 125GM,1074.0,99.7956,C
Pam Hair Serum 100ml,1065.0,99.796,C
P Hair Serum Red Onion 100gm,1064.0,99.7965,C
Family Sunflower 500ml,1062.0,99.797,C
Acnes Scar Care 12gm,1060.0,99.7975,C
DERMA SUN CREAM 60GM SPF60,1060.0,99.798,C
BRIGHT COMPLETE MASK 28GM,1050.0,99.7985,C
Fogg Delicious 120ml,1050.0,99.7989,C
G. POMEGRANATE MASK 28GM,1050.0,99.7994,C
Gudpak 425gm,1050.0,99.7999,C
HAIRCLIP 1409,1050.0,99.8004,C
HARMONY FRUIT SOAP 75GM (COCONUT),1050.0,99.8009,C
HOLI PICHKARI SMALL,1050.0,99.8014,C
Indica Easy DARK BROWN 3,1050.0,99.8018,C
LOTTE STICK GUM (GRAPES),1050.0,99.8023,C
Set Hair Gel Sport Extreme 250ml,1050.0,99.8028,C
PRAN PUDDING JELLY ,1049.98,99.8033,C
Bindhyabasini Suji Puff,1045.0,99.8038,C
CHHURPI 50GM,1045.0,99.8042,C
Kesar Chandan Rs.100,1043.1,99.8047,C
DRABYAN LIQUID BALM 4ML,1040.0,99.8052,C
LUV DHAPA DAHI 200ML,1040.0,99.8057,C
MA Po Pants XL4,1040.0,99.8061,C
Morisons GlassFeeding Bottle 250ml,1040.0,99.8066,C
UMBRELLA 1092 JEANS,1040.0,99.8071,C
VLCC SALICYLIC ACID 100ML,1039.0,99.8076,C
Current Chana Chole Masala 100g,1035.0,99.808,C
LAVERLAND CRUNCH 4.5GM CHEESE,1035.0,99.8085,C
LAVERLAND CRUNCH 4.5GM (SEA SALT),1035.0,99.809,C
LAVERLAND CRUNCH 4.5GM (WASABI),1035.0,99.8095,C
PULSE POPS IMLI 50PCS POUCH,1035.0,99.8099,C
ROUND CAKE FRUIT 150GM,1035.0,99.8104,C
RAKURA LEM.GIN&MINT TEA 25TB,1032.0,99.8109,C
Moccona Coffee 100gm (Dark Roast 8),1030.0,99.8114,C
Moccona Coffee 100gm (Espresso Style 10),1030.0,99.8118,C
Moov Cream Reg 30gm,1025.0,99.8123,C
DRUK VINEGAR 700ML,1020.0,99.8128,C
HIMA BABY POWDER 100GM,1020.0,99.8132,C
Kodomo Dental Set Brush,1020.0,99.8137,C
MC CORN VEGGIE FINGERS 420GM,1020.0,99.8142,C
NEWLOOK BOX COLOR BROWN B 5.0,1020.0,99.8146,C
POSHILO CHANA MASALA 750GM,1020.0,99.8151,C
Skinfruit Soft Cream 200ml,1020.0,99.8156,C
Splash ASL Pack 6,1020.0,99.816,C
THE GENIUS ADULT M10PCS,1020.0,99.8165,C
AG SOYA SAUCE 200ML,1019.97,99.817,C
Adhesive Tape,1013.0,99.8174,C
Moov Spray 15gm,1007.58,99.8179,C
MAYONNAISE EGGLESS 1KG,1005.0,99.8184,C
300G TOMATO KETCHUP,1000.0,99.8188,C
AER MA CAN BLUE 225ML,1000.0,99.8193,C
Bike Dori,1000.0,99.8197,C
BRT GOODDAY 150GM,1000.0,99.8202,C
CHEERY BUTTER COOKIES,1000.0,99.8207,C
Face Razor Women,1000.0,99.8211,C
Kaprika Wafer Strawberry 150gm,1000.0,99.8216,C
KODO SEEDS 1KG,1000.0,99.822,C
KWALITY Pineapple Cream Rs10,1000.0,99.8225,C
LITCHI DRINKS ,1000.0,99.8229,C
STRIKE MANGO CHOCOLATE,999.0,99.8234,C
ALOEVERA WAX 20 STRIPS,990.0,99.8239,C
A TASTE GREEN ONION CRACKER 264GM,990.0,99.8243,C
CDM 55GM,990.0,99.8248,C
GAS LIGHTER 1PCS,990.0,99.8252,C
PATANJALI DISHWASH GEL 250ML,990.0,99.8257,C
SAFAL DHAPA DAHI 200ML,990.0,99.8261,C
S/F Liquid Detergent 1L,990.0,99.8266,C
SV MIX DALMOTH RS.50,990.0,99.827,C
AXE INT 154ML,980.0,99.8275,C
NIHAR SHANTI BADAM AMLA 95ML,980.0,99.8279,C
Nivea Shaving Foam Cool Click 200ml,980.0,99.8284,C
Nivea Shaving Sensitive 200ml,980.0,99.8288,C
HELIOS SHINE SPONGE BL,975.01,99.8293,C
MC CORN SUPER WEDGES 400GM,975.0,99.8297,C
NISHA 5.64 COPPER RED,975.0,99.8302,C
Dabur Honey 50gm,974.98,99.8306,C
London Dry Tonic Water 250ml,970.0,99.8311,C
KITKAT 2F 24,966.0,99.8315,C
Hulas Besan 200gm,960.02,99.8319,C
680ML ROZA LIGHT SOYA,960.0,99.8324,C
Dobiee Eclairs Eaichi Candy (50pcs Pouch),960.0,99.8328,C
Jordan Easy Reach 25pcs Pack,960.0,99.8333,C
Nivea Soft SPF 15 50ml,960.0,99.8337,C
PARLE ROYAL 72G,960.0,99.8341,C
PENCIL CASE NO.8898,960.0,99.8346,C
BEAUTY MOISTURIZER 300ML,955.0,99.835,C
Lervia Soap 90gm (Milk & Rose),950.02,99.8355,C
Goodlife Digestive Sugarfree 120+15g,950.0,99.8359,C
Nebico Coconut Bis 250g,950.0,99.8363,C
SAFAL PLAIN DAHI CUP 1Ltr,950.0,99.8368,C
YUTIKA BODY LOTION 300ML,950.0,99.8372,C
Nivea Aloe Lotion 75ml,946.16,99.8376,C
DOMS GEOMMY BOX,945.0,99.8381,C
Gaia Oats Original 1kg,940.0,99.8385,C
HAIR REMOVAL SPRAY,940.0,99.8389,C
Nepthalene Ball 30g,940.0,99.8394,C
TOOTH PICK PANDA,939.59,99.8398,C
RAKURA ENG BREAKFAST TEA 25TB,936.0,99.8402,C
KIKKOMEN SOYA SAUCE 1.9LTR,934.99,99.8406,C
SCISSORS S02,933.32,99.8411,C
AG MUSHROOM CAN 400GM,930.0,99.8415,C
SW Hair Gel Casually Cool 100g,930.0,99.8419,C
Veet Cream Dry 30gm,930.0,99.8424,C
GENTLE PROTEIN HAIR CREAM 100ML,929.0,99.8428,C
BATH TATO GLOVES,927.86,99.8432,C
PULSE POPS KACHCHA AAM 50PCS POUCH,920.0,99.8436,C
SCISSOR GULONG,920.0,99.844,C
TR CONITIONER 180ML,920.0,99.8445,C
Wai Wai Broken Noodles 600gm,920.0,99.8449,C
RIJALS SALTED PEANUTS 400gm,919.92,99.8453,C
JORDAN D FLOSS EASY SLIDE 30M,915.0,99.8457,C
Nivea Cream 400ml,915.0,99.8462,C
ST  Thyme 60gm,905.0,99.8466,C
BIKANO BIKANERI BHUJIA 140G,900.01,99.847,C
AMUL KOOL CAFE 200ML,900.0,99.8474,C
Enega Soft Cream 100ml,900.0,99.8478,C
ENGAGE POCKET PERFUME,900.0,99.8482,C
G. ANTI ACNE MASK 23GM,900.0,99.8486,C
Jaipatri 10gm,900.0,99.849,C
Joy ALOE SUN 60ml,900.0,99.8495,C
Kitchen & Glass Wiper SW-87,900.0,99.8499,C
New Look Gold Cleansing 240ml,900.0,99.8503,C
PAR ADV BABY POWDER 200GM,900.0,99.8507,C
ROMANO SHOWER GEL 650ML VISION,900.0,99.8511,C
Scissor Small,900.0,99.8515,C
TONGUE CLEANER HANGER,900.0,99.8519,C
Veet Wax Sen 1Un-8 STRPS,900.0,99.8523,C
VXVUN GEMETRY BOX,900.0,99.8528,C
Fogg Fresh Fougere 120ml,895.0,99.8532,C
KOJIC ACID SHEET MASK 25ML,890.01,99.8536,C
NEWLOOK TONER 200ML,890.0,99.854,C
LAVERLAND CRUNCH 4.5GM9PCS TERIYAKI,885.0,99.8544,C
LH LOTION 200ML ALOE CUC,885.0,99.8548,C
CENTURY GARLIC PICKLE 400GM,880.0,99.8552,C
Current Turmeric Powder 100gm,880.0,99.8556,C
GOURMET VIENNA CHI COCKTAIL 400GM,880.0,99.856,C
MC CORN POTATO CHEESE SHOT 250GM,880.0,99.8564,C
Nycil Cool Aloe 150gm,880.0,99.8568,C
PAICHO GUAVA JAM 500GM,880.0,99.8572,C
SHOT GOLD BLISTER 50ML (ICONIC),875.0,99.8576,C
SHOT GOLD BLISTER 50ML (IMPERIAL),875.0,99.858,C
Storia Chocolate Shake 180ml,875.0,99.8584,C
Parle G 91gm,873.59,99.8588,C
Jordan Toothbrush Step by Step 0-2,870.0,99.8592,C
JOY HON & ALM ULTIMATE 100ML,870.0,99.8596,C
KESH KING AYURVEDIC OIL 100ML,870.0,99.86,C
Sensi Flo 6 Carfridges,870.0,99.8604,C
Wowper Baby Pants XXL32pcs,870.0,99.8608,C
MA PO PANTS L46,865.0,99.8612,C
Fogg Body Spray Fresh 100ml Spicy,860.0,99.8616,C
NATINATINI LONGGRAIN BASMATI 5KG,860.0,99.862,C
Listerine 80ml Cool Mint,855.0,99.8624,C
Maxwell Battery(AAA8B),855.0,99.8628,C
BAM  GULAB JAMUN MIX-180gm,850.0,99.8632,C
Canvas SweetWhite Wine 750ml,850.0,99.8636,C
FANCY PEN,850.0,99.8639,C
SUN BLOCK 40  100 GM,850.0,99.8643,C
FR CONDITIONER 192.5ML,845.0,99.8647,C
HILIFE HONEY 1KG,845.0,99.8651,C
Frooti Pet 150ml,843.0,99.8655,C
Current Mix Masala 100gm,840.01,99.8659,C
BIO MAX MOIST 100ML,840.0,99.8663,C
DDC Fresh Milk 200gm,840.0,99.8666,C
Hilife Cornflakes SugarFree 275g,840.0,99.867,C
Kanchenjunga Dhup Rs.35,840.0,99.8674,C
LUNCH BOX DOUBLE,840.0,99.8678,C
MINI ORICO WAFER 60GM,840.0,99.8682,C
Pam RoseWater 60ml,840.0,99.8686,C
TRESemme Conditioner 700ml,840.0,99.869,C
United Sakara Chocolate Candy 18gm,840.0,99.8693,C
United Sakara X Soft Milk Candy 18gm,840.0,99.8697,C
United Yoyo Jelly 80gm (Grape),840.0,99.8701,C
VJohn Sav Cream 70gm,840.0,99.8705,C
LACTOGEN 2 400G,836.0,99.8709,C
Niv Nv Cleasing MudFoam 100ml,830.0,99.8713,C
Niv Whi Toner 200ml,830.0,99.8716,C
Sumnima Glycerine 65ml,830.0,99.872,C
DELISH YOGURT CUP MANGO 125G,825.0,99.8724,C
Newari Longgrain 10kg,825.0,99.8728,C
NEWARI USINA 5KG,825.0,99.8732,C
BOOST REFIL 500GM,820.0,99.8735,C
MAKEUP COTTON GREEN,820.0,99.8739,C
Rich Cream Mini Nat BROWN,816.0,99.8743,C
AMUL KOOL KOKO 200ML,810.0,99.8747,C
UNIBIC CHOCOKISS RS.90,810.0,99.875,C
YOPOKKI RICE CAKE 120GM (CHEESE CUP),810.0,99.8754,C
RAKURA SELECTION TEA 20TB,807.0,99.8758,C
COL PAIN OUT TUBE 10GM,805.0,99.8761,C
Cornitos Nacho 60gm (Peri Peri),805.0,99.8765,C
S.F. COOKHAZELNUT 75GM,805.0,99.8769,C
Plastic Fork,800.01,99.8772,C
Acnes Sealing Gel 18gm,800.0,99.8776,C
BHANBHORI SUGAR DARK 500GM,800.0,99.878,C
BL Soft Deep Nourish 250ml,800.0,99.8783,C
Bottle Brush,800.0,99.8787,C
D. LIFE PATCHOULI DHOOP ,800.0,99.8791,C
Kaprika Wafer Cheese 75gm,800.0,99.8794,C
Kaprika Wafer Chocolate 150gm,800.0,99.8798,C
Kaprika Wafer Orange 75gm,800.0,99.8802,C
NEEM F/W 120ML,800.0,99.8805,C
Orient Gardens Mayonnaise 236ml,800.0,99.8809,C
PARLE KCREAMS CHOCO 25+12.5GM,800.0,99.8813,C
Acnes Oil Control Cleanser 50g,795.0,99.8816,C
GILLETTE AFTER SHAVE COOL,795.0,99.882,C
BIO SUNFLOWER OIL 1LTR,790.0,99.8824,C
WELLBELL CORNFLAKES 750GM JAR SF,790.0,99.8827,C
BROWN SUGAR SACHET,780.0,99.8831,C
FD UNDER EYE CREAM 15GM,780.0,99.8834,C
Joy Skin supersoft Cream 50ml,780.0,99.8838,C
Krishma Fitkari Dhika 100gm,780.0,99.8842,C
P Coconut Oil 200ml,780.0,99.8845,C
P Hair Serum Red Onion 50gm,780.0,99.8849,C
RAKHI RS.60,780.0,99.8852,C
WOWPER BABY PANTS S4,780.0,99.8856,C
Birthday Candle ,779.54,99.8859,C
DABUR CHIURI HONEY 950GM,776.0,99.8863,C
NO.1 100G ROSE&ALOMOND PO4,775.0,99.8867,C
SURF MT FLIQ 2L,775.0,99.887,C
Bam Macaroni Masala,770.0,99.8874,C
Listerine 80ml Fresh,770.0,99.8877,C
Natural Juice Apple 1l,770.0,99.8881,C
Set Wet Hair Gel Shine Everyday 50g,770.0,99.8884,C
Umbrella Singapore,770.0,99.8888,C
HUGS WONDER 789GM,765.0,99.8891,C
VJhon Foam 125g,765.0,99.8895,C
BIKANO KASHMIRI MIX 200G,760.0,99.8898,C
Kar Packer ATC,760.0,99.8902,C
Kiwi Liquid Polish Neutral 75ml,760.0,99.8905,C
POKY HAZELNUT & STRAWBERRY 500GM,760.0,99.8909,C
SUNSILK SILK SMOOTH SHAMPOO 325ML,760.0,99.8912,C
AMUL MILK RUSK 200GM,750.0,99.8916,C
B.Hair Color Streax 4-NRB 50ml,750.0,99.8919,C
HOT GLUE GUM 20W,750.0,99.8922,C
Kitchen Knife RS-88-22,750.0,99.8926,C
KWIKS SOUR & ONION,750.0,99.8929,C
LAXMI TESTY BADAM 300GM,750.0,99.8933,C
PAM CLEANING MILK 250ML,750.0,99.8936,C
Tej Patta 20gm,750.0,99.894,C
WOTTA GIRL 135ML (SANDAL BLISS),750.0,99.8943,C
600G TOMATO KETCHUP,740.0,99.8946,C
ACNOFIGHT F/W 50ml,740.0,99.895,C
Ent Shower Gel Romantic 250ml,740.0,99.8953,C
MANAKO PERUNGO FISH,740.0,99.8957,C
OIL CLEAR LEMON FW 200ML,740.0,99.896,C
P Petroleum Jelly 200gm,740.0,99.8963,C
WELLBELL ROLLED OATS 300GM,739.97,99.8967,C
DERMA BOTANICS SPF50+40GM,735.0,99.897,C
WhiteTone Face Cream 50g,735.0,99.8974,C
Set Hair Gel Casually Cool 250g,730.0,99.8977,C
WOOFL WAFER BALL 600GM,730.0,99.898,C
Birthday Number Candle ,725.0,99.8984,C
COTTON PAD BIG,725.0,99.8987,C
Adi Salted Peanuts 85gm,720.0,99.899,C
BAN MULW SANDAL FP 100GM,720.0,99.8993,C
Dobiee Don Masti Candy (Pouch 50 Pcs),720.0,99.8997,C
Dobiee Eclairs Candy (Pouch 50 Pcs),720.0,99.9,C
Dobiee Heart brite Candy (Pouch 50 Pcs),720.0,99.9003,C
HOLI PICHKARI GUN MEDIUM,720.0,99.9007,C
KRISHMA TEJ PATTA 100GM,720.0,99.901,C
LUVIT CHOCWICH 20PCS BROWN,720.0,99.9013,C
MC CORN MASALA FRY 420GM,720.0,99.9017,C
NAIL CUTTER,720.0,99.902,C
NUTRAMOIST CREAM 50ML,720.0,99.9023,C
OPIES LOLLIPOP,720.0,99.9026,C
Par Jasmine 45ml,720.0,99.903,C
RBI Bleach 500ml,720.0,99.9033,C
SAFE LIFE GLYCERIN 250GM,720.0,99.9036,C
THREE CHEESE BALL 200GM,720.0,99.904,C
Veet Wax Dry 1un-8 Strps,720.0,99.9043,C
RAKURA PURE MASALA TEA 25TB,717.0,99.9046,C
KELL CF 250GM  *16,715.2,99.905,C
ABTT. PEDIASURE CHOCOLATE 200GM,715.0,99.9053,C
OKHATI ALEOVERA SOAP 50G,715.0,99.9056,C
SKINPURE FW GRAPE&VIT C 100GM,705.0,99.9059,C
SUN BLOCK MEN ADV30 100GM,705.0,99.9063,C
Fogg Magestic 120ml,700.0,99.9066,C
Fogg Poc Per Spray 17ml Warm Silk,700.0,99.9069,C
HELIOS WAX POLISH 40GM BR,700.0,99.9072,C
Laxmi Foot Print (pair),700.0,99.9075,C
MARIE 250GM,700.0,99.9079,C
PET STAIN REMOVER,700.0,99.9082,C
Pre BoxTissue 80S,700.0,99.9085,C
Real Guava Pet 200ml,700.0,99.9088,C
MC CORN VEGGIE NUGGEST 325GM,690.0,99.9091,C
POWER CELL 9722 LIGHT,690.0,99.9095,C
ROSE WATER 400ML,690.0,99.9098,C
Samyang Garlic Oil Pasta 100g,690.0,99.9101,C
SURF MT FLIQ 500ML,690.0,99.9104,C
DL42 EvRe Light,680.0,99.9107,C
WEIFIELD PEANUT BUTTER 510GM,680.0,99.911,C
WHITE GLUE 120GM,678.33,99.9113,C
HIMALAYA COLD BALM 10GM,674.0,99.9116,C
Gems 7.9gm Pouch,670.0,99.912,C
DOMS 15CM SCALE,669.82,99.9123,C
GODHULI DHUP,665.0,99.9126,C
Lip Guard,665.0,99.9129,C
LACTASOY 500ML CALCIUM,660.0,99.9132,C
ONION OIL 120ML,660.0,99.9135,C
ROSE WAX 20 STRIPS,660.0,99.9138,C
SASNA CREAMY JOY ORANGE,660.0,99.9141,C
GOURMET VIENNA PORK HORICA 500GM,650.0,99.9144,C
TRU NATURE COMBO 45ML,650.0,99.9147,C
TOM HUM BIEN SPICY 22GM,649.99,99.915,C
Krishma Kismis 100g,648.0,99.9153,C
HELIOS LIQ POLISH BL,645.0,99.9156,C
HELIOS LIQ POLISH NA,645.0,99.9159,C
GAULE LUKLA SIMI 1KG,640.0,99.9162,C
KELL CHOCO 715GM,640.0,99.9164,C
Pamacare Inhaler,640.0,99.9167,C
Para Shampoo Anti Hairfall 340ml,640.0,99.917,C
Sampradayam Monthly Pack,640.0,99.9173,C
BABY CREAM 200GM PINK,630.0,99.9176,C
BIKANO ALL IN ONE 130G,630.0,99.9179,C
Ent Shower Gel Gergeous 550ml,630.0,99.9182,C
HIMA SUN SPF50 LOTION 50ML,630.0,99.9185,C
MASKING TAP 1,630.0,99.9188,C
MELVIT ROLLED OATS 1KG,630.0,99.9191,C
NIHAR SHANTI BADAM AMLA 500ML,630.0,99.9193,C
Krung Thep Mackerl Tomato Sauce 145gm,625.0,99.9196,C
BARAHI BUN 1PCS,624.99,99.9199,C
Rin Bar 250g,624.0,99.9202,C
NO.1 100G LIME&ALOEVERA PO4,620.0,99.9205,C
VJohn Foam 400gm,620.0,99.9208,C
GOURMET VIENNA CHI HAM 500GM,615.0,99.9211,C
SURF MT TLIQ 500mL,615.0,99.9213,C
Wotta Girl Shower Gel 300ml (Coconut&Vanilla),615.0,99.9216,C
Wotta Girl Shower Gel 300ml (Peach&Avocado),615.0,99.9219,C
AG PIZZA SAUCE 380GM,610.0,99.9222,C
LIP BALM STRAWBERRY,610.0,99.9225,C
LIP THERAPY VELVET ROSE,610.0,99.9227,C
GLASS JUG 1.3LTR,605.0,99.923,C
T BEST MANGO DRINK 1.5LTR,605.0,99.9233,C
BEHULI JEERA CHAMAL 5KG,600.0,99.9236,C
D. PINEAPPLE 100NC,600.0,99.9238,C
G.CHARCOAL MASK 28GM,600.0,99.9241,C
G. SAKURA WHITE MASK 28GM,600.0,99.9244,C
HAPPY HAPPY 135GM,600.0,99.9247,C
Kaprika Wafer Strawberry 75gm,600.0,99.9249,C
Knoor Thick Tomato Soup 51gm,600.0,99.9252,C
Krishma Black Salt Powder 100gm,600.0,99.9255,C
LIFE ROSE WOOD 100,600.0,99.9258,C
NongShim Super Spicy 120gm,600.0,99.926,C
Panda 160gm 2 Rolls,600.0,99.9263,C
PEANUT BUTTER COOKIES 100GM,600.0,99.9266,C
PNS Damage Repair 650ml,600.0,99.9269,C
PULSE GOLMOL IMLI 50PCS POUCH,600.0,99.9271,C
ROYA PAPER TOWEL 2PLY 200PCS WH,600.0,99.9274,C
Shidhibinayak Bonbon Bis,600.0,99.9277,C
Shidhibinayak Coconut Cookies,600.0,99.928,C
TATTVA JAGERY MASALA TEA 600GM,600.0,99.9282,C
Til Brush S-23,600.0,99.9285,C
Unibic SugarFree Butter Cookies,600.0,99.9288,C
PULSE ORANGE CANDY 50PCS,599.99,99.9291,C
TASTEE RICE PAPER 22CM SQUARE 1PKT 400GM,595.0,99.9293,C
GOODLIFE COCONUT BIS,590.0,99.9296,C
KAJU FRY RS.10,590.0,99.9299,C
SOYUM MUESLI F&N 500GM,590.0,99.9302,C
200ML ROZA LIGHT SOYA,585.0,99.9304,C
SOYUM CORNFLAKES 250GM,585.0,99.9307,C
GIFFY DISHWASH GREEN 500ML,580.0,99.931,C
Moov Spray 35+15gm,580.0,99.9312,C
IKIN HAIR REMOVER CREAM 60GFM,575.0,99.9315,C
KESH KING AYURVEDIC OIL 300ML,575.0,99.9317,C
Smriti Masala Bhatta,575.0,99.932,C
BIKANO ALL IN ONE 260G,570.0,99.9323,C
BIKANO KARARE PEANUT 120G,570.0,99.9325,C
BIKANO TASTY 290G,570.0,99.9328,C
Birthday Magic Candle ,570.0,99.9331,C
Century Chilly Pickle 1kg,570.0,99.9333,C
Flute Tangy & Juicy Agarbathi,570.0,99.9336,C
GAL MV FW 50G,570.0,99.9338,C
Oral B Shiny Clean Medium,570.0,99.9341,C
Til Oil 600ml,570.0,99.9344,C
VCARE FACEWASH,570.0,99.9346,C
PARLE MINT CANDY 280GM,567.5,99.9349,C
PONDS DET 50G,560.01,99.9351,C
Goldiee Chat Masala 100g,560.0,99.9354,C
MASKING TAP 2,560.0,99.9357,C
Oregano 40gm,560.0,99.9359,C
SASNA CREAMY JOY MILK,560.0,99.9362,C
VLCC SERUM FW VITA C 100GM,560.0,99.9364,C
WHITENNG SUN GEL SPF-50 50GM,555.0,99.9367,C
NAIL POLISH 6ML,550.04,99.9369,C
FUN MAKKHAN BITE 150GM,550.0,99.9372,C
HELIOS SHOE CREAM BL,550.0,99.9374,C
HELIOS SHOE CREAM BR,550.0,99.9377,C
RAMRO JEERA ZAYKA COOKIES,550.0,99.9379,C
Ramro Nutty Kaju Cookies,550.0,99.9382,C
REAL MANGO PET 200,550.0,99.9384,C
BIKANO ALL TIME MIX 200GM,540.0,99.9387,C
Delicious Ghee Polypack 1Ltr,540.0,99.9389,C
HELIOS CANVAS POLISH 120GM,540.0,99.9392,C
MANAKO CHIURA GRANOLA,540.0,99.9394,C
Nebico Sugarfree Digestive Rs50,540.0,99.9397,C
NEWLOOK SALICYLIC ACID FW 100ML,540.0,99.9399,C
STICKY NOTE 3X3,540.0,99.9402,C
RAKURA BLACK TEA SELECTION 20TB,538.0,99.9404,C
ACNES VITAMINS CREAM 40GM,535.0,99.9407,C
Milk Or Almond Treatment 1000ml,535.0,99.9409,C
DDC CUP DAHI 200ML,532.0,99.9412,C
Camay Soap 72x125g,525.0,99.9414,C
Domee Gherkinin Glass 670gm,525.0,99.9416,C
Nivea Soft Cream 50ml,525.0,99.9419,C
PRO EASE ULTRA XL+,525.0,99.9421,C
Fair & Handsome 15gm,520.0,99.9424,C
JAU KO SATU 500GM,520.0,99.9426,C
TASTY NOODLES,520.0,99.9428,C
Unibic Cashew Cookies,520.0,99.9431,C
VICKS VAPORUB 5ML,520.0,99.9433,C
RAKURA ORG HIBISCUS 25TB,516.0,99.9435,C
KODOMO TOOTH BRUSH,510.0,99.9438,C
D. White STONE ECO ,500.01,99.944,C
EFFECT SANDAL WOOD RS.50,500.01,99.9442,C
Bottle Brush S-63,500.0,99.9445,C
CENTURY CHIPS CREAM&ONION,500.0,99.9447,C
DPN FAMILY PACK On Normal,500.0,99.9449,C
HAIRCLIP 0596,500.0,99.9452,C
HAIRCLIP 1381,500.0,99.9454,C
HAIR CLIP 1508,500.0,99.9456,C
PATANJALI AMLA JUICE 1LTR,500.0,99.9458,C
POSHILO NUTTY DELIGHT 750GM,500.0,99.9461,C
SCISSOR FOLDING,500.0,99.9463,C
STRIKE ORANGE CHOCOLATE,500.0,99.9465,C
Twist Mop 4G S-53,500.0,99.9468,C
Col Plax 500ml (Pepper Mint),495.0,99.947,C
DIAMOND ALUMINIUM FOIL 800GM,495.0,99.9472,C
SHARK NOODLES SNACK 90GM CHI BBQ,495.0,99.9474,C
SHARK NOODLES SNACK 90GM CHI SPICY,495.0,99.9477,C
COMPLAN CHOCOLATE 500GM,490.0,99.9479,C
DAILY FRESH PIZZA SAUCE 236gm,490.0,99.9481,C
Livon Keratin Hairmask Antihairfall 420ml,490.0,99.9483,C
More Light Liquid 1kg pouch,490.0,99.9486,C
Nivea Shaving Foam Deep 200ml,490.0,99.9488,C
SOYUM INSTANT OATS 450GM,490.0,99.949,C
LACTASOY 250ML CHOCO,480.05,99.9492,C
Gaia Crunchy Muesli Strawberry 400gn,480.0,99.9495,C
Goldiee Sabji Masala 50g,480.0,99.9497,C
Joy Vitamin C 50ml,480.0,99.9499,C
KTE GREEN TEA LEMON 20BAG,480.0,99.9501,C
LACTASOY 250ML UNSWEETENED,480.0,99.9503,C
NEBICO KAJU COOKIES RS.60,480.0,99.9506,C
VIRGIN COCONUT OIL 200ML,480.0,99.9508,C
BIKANO KARARE PEANUT 200G,475.0,99.951,C
MORNING GLORY DHUP,475.0,99.9512,C
No. 7287 WATER BOTTLE 750ml,475.0,99.9514,C
No. 7296 WATER BOTTLE 750ml,475.0,99.9516,C
Flute Coconeer Agarbathi,473.08,99.9519,C
TRUST SUGAR SACHET 1KG,470.0,99.9521,C
9PM Schezwan Chutney 250gm,465.0,99.9523,C
Fogg Skies 120ml,465.0,99.9525,C
BIKANO BADAM LACHHA 200GM,460.0,99.9527,C
Cotton Buds 80pcs,460.0,99.9529,C
Kaacha Mango 198G,460.0,99.9531,C
Pure Tissue 140gm,460.0,99.9533,C
WHEAT DALIYA,460.0,99.9536,C
PARLE KCREAM PINEAPPLE 60GM,456.0,99.9538,C
PARLE KCREAM CHOCO 60GM,455.6,99.954,C
Oral B 9+3 Extra Soft,455.0,99.9542,C
Ponds Pure Detox F 200g,455.0,99.9544,C
BBQ Sauce 320g,450.01,99.9546,C
BIKANO PEANUT 125G,450.0,99.9548,C
CHI. MOMO (5 PLATE),450.0,99.955,C
Col Toothbrush Kids0-2,450.0,99.9552,C
ENC EDC CHARMING 100ML,450.0,99.9554,C
ENC EDC MIRACLE 100ML,450.0,99.9556,C
Ent Hbl NM CRM 200ml Char,450.0,99.9558,C
Ent Hbl NM CRM 200ml Rom,450.0,99.956,C
MAKAI AMILO PIRO 250GM,450.0,99.9562,C
Maxwell Battery(AAA6B),450.0,99.9565,C
NAIL FILER SINGLE,450.0,99.9567,C
PILOT FLOOR CLEANER CITRUS 500ML,450.0,99.9569,C
PILOT FLOOR CLEANER JASMINE 500ML,450.0,99.9571,C
Pizza Sause 250gm,450.0,99.9573,C
Set Wet Hair Gel Sport Extreme 50g,450.0,99.9575,C
SNAXIT PASTA MIX 350GM,450.0,99.9577,C
KWALITY COCONUT CRUNCH,440.0,99.9579,C
LACTASOY 500ML CHOCO,440.0,99.9581,C
LACTASOY 500ML ORG,440.0,99.9583,C
LACTASOY 500ML UNSWEETENED,440.0,99.9585,C
NAIL POLISH REMOVER RAPID 140ML,440.0,99.9587,C
PAICHO GOOSEBERRY JAM 500GM,440.0,99.9589,C
PEARS SG PG 250ML,440.0,99.9591,C
P Tongue Cleaner,440.0,99.9593,C
Super Nutri Choco Creamy 510gm,440.0,99.9595,C
Super Nutri Choco Crunchy 510gm,440.0,99.9597,C
BIO CARE PLASTIC WRAP,435.0,99.9599,C
Wowper Baby Pants NB 28pcs,435.0,99.9601,C
YOPOKKI KIM CRISPY 30GM (TOPOKKI CUP),435.0,99.9603,C
NIVEA MEN ACNE OIL CLR FOAM 100GM,430.0,99.9605,C
No. 7298 WATER BOTTLE 900ml,430.0,99.9607,C
AMERICANO WAFER BUTTERSCOTCH 60G,425.0,99.9609,C
AMERICANO WAFER ORANGE 60G,425.0,99.9611,C
AMERICANO WAFER VANILLA 60G,425.0,99.9613,C
Red Cherry 830g,420.01,99.9615,C
AG SOYA SAUCE 1LTR,420.0,99.9617,C
BANANA BUZZ 300GM,420.0,99.9619,C
GOODLUCK STICKS ,420.0,99.9621,C
Imli Bomb Candy,420.0,99.9622,C
LPG REGULATOR,420.0,99.9624,C
P ALOEVERA KANTI 75GM,420.0,99.9626,C
PAPAYA SUN SPF 50 30ML,420.0,99.9628,C
Pizza Spices Mix 60gm,420.0,99.963,C
P NEEM KANTI 75GM,420.0,99.9632,C
YOPOKKI RICE CAKE 140GM (JAJANG CUP),420.0,99.9634,C
NiveaMen ShoGel CoolKick 250ml,415.0,99.9636,C
NiveaMen ShoGel Deep 250ml,415.0,99.9638,C
NIv Ext.White RepScrub 100g,415.0,99.964,C
Tattva Jaggery Cinamoon 600gm,415.0,99.9642,C
S.F. GOLD SACHET 25,414.88,99.9644,C
GOURMET VIENNA CHI ONION CHESSE 400GM,410.0,99.9645,C
Hal White Rasbari 500gm,410.0,99.9647,C
WATER BOTTLE,410.0,99.9649,C
YOPOKKI RICE CAKE 120GM (KIMCHI CUP),405.02,99.9651,C
YOPOKKI RICE CAKE 120GM (ROSE CUP),405.0,99.9653,C
BL Soft Lotion 250ml,400.0,99.9655,C
BRT MARIE GOLD 150GM,400.0,99.9657,C
CC MINI TUBES 85.5GM,400.0,99.9658,C
COTTON PAD SMALL,400.0,99.966,C
DTT Plaster Jar,400.0,99.9662,C
Goodlife Litchi Juice 150ml,400.0,99.9664,C
Monosodium Glutamate,400.0,99.9666,C
PARLE-G 250GM,400.0,99.9668,C
Shidhibinayak Jeera Cookies,400.0,99.9669,C
TEATREE F/W 120ML,400.0,99.9671,C
WellBell Cornflakes 750gm Jar Sugar,400.0,99.9673,C
LACTASOY 1LTR CHOCO,395.0,99.9675,C
LACTASOY 1LTR ORG,395.0,99.9677,C
LACTASOY 1LTR UNSWEETENED,395.0,99.9678,C
G SUN CREAM 100ML,390.0,99.968,C
HELIOS SHINE SPONGE BR,390.0,99.9682,C
HELIOS SHINE SPONGE NA,390.0,99.9684,C
NISHA FLAME RED,390.0,99.9686,C
PAICHO MASSURA 200GM,390.0,99.9687,C
P Kesh Anti-Dandruff 450ml,390.0,99.9689,C
REAL PET MANGO 200ML,390.0,99.9691,C
Sun Cream MG 150gm,390.0,99.9693,C
AFTER SAVE LAFRESH,385.0,99.9695,C
Three Star Breakfast Sausage 400gm,385.0,99.9696,C
Flute Phala Pushpah Agarbathi,380.0,99.9698,C
Fogg Monarch 120ml,380.0,99.97,C
GYAN CHAKKI AATA 1KG,380.0,99.9702,C
KTE GREEN TEA GINGER 20BAG,380.0,99.9703,C
Livon Keratin Hairmask Damage Repair 420ml,380.0,99.9705,C
PASSPASS METHA MAGIC 18G,380.0,99.9707,C
PONDS HYDRA MIRACLE FW 100GM,380.0,99.9708,C
POSHILO MULTIGRAIN 750GM,380.0,99.971,C
BAN AMALA POWDER 20GM,375.0,99.9712,C
COMPASS,375.0,99.9714,C
HAIRCLIP BIG SIZE 1501,375.0,99.9715,C
Kanchenjunga Cone Box Rs.125,375.0,99.9717,C
RAINBOW JELLY 55G,375.0,99.9719,C
Storia Coffee Shake 180ml,375.0,99.9721,C
Storia Mango Shake 180ml,375.0,99.9722,C
WottaGirl 135ml(Tropical Berry),375.0,99.9724,C
PEARS SP PG 375GM,370.0,99.9726,C
Vanish LIQ OXY 800ml,370.0,99.9727,C
DEO VICTOR SPRAY 165ML,365.0,99.9729,C
AV Pimple Enemy Facewash 100gm,360.0,99.9731,C
Bike Golo Dori,360.0,99.9732,C
Dobiee Milkooza Candy (50pcs),360.0,99.9734,C
EVEREADY DL 90,360.0,99.9736,C
FIVE STAR 40GM,360.0,99.9737,C
Goldiee Chicken Masala 50g,360.0,99.9739,C
LACTASOY 250ML CALCIUM,360.0,99.9741,C
LACTASOY 250ML COLLAGEN,360.0,99.9742,C
Laxmi Foot Print (Big),360.0,99.9744,C
Multani Mitti 80gm,360.0,99.9746,C
NAIL FILER STEEL BIG,360.0,99.9747,C
PHEWA CHI. MOMO (4 PLATE),360.0,99.9749,C
UJOOBA PETROLEUM JELLY 200ML,360.0,99.975,C
DR RASHEL SPF 50 60GM,355.0,99.9752,C
Enc Body Mist 150ml Romantic,355.0,99.9754,C
Enc Body Mist 150ml Stunnimg,355.0,99.9755,C
MRT RAT KILL 25gm,352.0,99.9757,C
GOODLIFE MANGO 200ML,350.0,99.9759,C
HAIR CLIP 1269,350.0,99.976,C
Ramro IRISH CUSTARD Cookies,350.0,99.9762,C
Asta Berry Sun 40/50 UV Guard,345.0,99.9763,C
AMERICANO WAFER CARAMEL 60G,340.0,99.9765,C
AMERICANO WAFER ORANGE 130G,340.0,99.9766,C
BRIGHT COMPLETE Cream 23gm,340.0,99.9768,C
DHONI DETERGENT POWDER 1KG,340.0,99.977,C
Navaratna Oil 300ml,340.0,99.9771,C
NEWLOOK BOX COLOR PURPLE B 5.66,340.0,99.9773,C
NEWLOOK BOX COLOR REDBROWN 6.45,340.0,99.9774,C
NILONS MIXED PICKLE 900GM,340.0,99.9776,C
PAICHO AKABARE CHILLI  ( 500gm),340.0,99.9777,C
Stella Fogo Air Freshner 12gm (White),340.0,99.9779,C
SURYA SLEEK BOLT,340.0,99.978,C
UMBRELLA BABY,340.0,99.9782,C
Stella Air Freshner 350ml Cafe Latte,335.0,99.9784,C
Stella Air Freshner 350ml Cananga Lullaby,335.0,99.9785,C
YOPOKKI SNACKS 50GM (S&S CUP),335.0,99.9787,C
A TASTE COCONUT CRACKER 264GM,330.0,99.9788,C
A TASTE LEMON CRACKER 264GM,330.0,99.979,C
Cornitos Nacho 60gm (Tikka Masala),330.0,99.9791,C
Morisons Classic Soother Nipple ,330.0,99.9793,C
SASNA CHOCOVITA BIS,330.0,99.9794,C
Sasna Fine Day Choco Bis,330.0,99.9796,C
DELISH MANGO LASSI 200ML,320.0,99.9797,C
Nestle Milky Bar Mould 21gm,320.0,99.9799,C
Real Milkshake Chocolate180 ml,320.0,99.98,C
SURF EXL LIQ 1LTR,320.0,99.9802,C
SPRINZ POWDER,315.01,99.9803,C
Buff Sausage 400gm,315.0,99.9804,C
Gaule Chukamilo,315.0,99.9806,C
TRU NATURE REFILL 45GM,315.0,99.9807,C
HOT GLUE STICK,312.81,99.9809,C
ENGAGE DOUBLE PERFUME,310.0,99.981,C
Moov Spray 35gm,310.0,99.9812,C
MR MUSCLE F/C FLORAL,310.0,99.9813,C
UNITED COFFEE CANDY 140GM,310.0,99.9814,C
Wide Mouth Feeding Bottle 250ml,310.0,99.9816,C
AG YELLOW MUSTARD PASTE 227GM,305.0,99.9817,C
Ent Hbl NM CRM 100ml Char,305.0,99.9819,C
LIP THERAPY CHERRY,305.0,99.982,C
Oats Choco,305.0,99.9821,C
ALOEVERA WAX 8 STRIPS,300.0,99.9823,C
AMLA POWDER,300.0,99.9824,C
Fogg Pocket Perfume Spray 17ml Imperial,300.0,99.9826,C
GCG CHOFN TOOTHBRUSH CHILDREN ,300.0,99.9827,C
KESH KING AYURVEDIC OIL 50ML,300.0,99.9828,C
Pam Shaving Brush,300.0,99.983,C
Paper Rangoli Maker,300.0,99.9831,C
Sakhar 500gm,300.0,99.9832,C
SAMPRADAYAM HERBAL CUP,300.0,99.9834,C
Taza Premium Bread,300.0,99.9835,C
Tile Brush S-84,300.0,99.9837,C
Ent Talc Charming 200ml,295.0,99.9838,C
SOYUM MUESLI F&N 250GM,295.0,99.9839,C
Delicious Butter 200gm,290.0,99.9841,C
DTT SOAP COOL 100*5GM,290.0,99.9842,C
Ent Talc Enticing 200ml,290.0,99.9843,C
PONDS DFT 200GM,290.0,99.9845,C
Mangaldeep Arpan Rs 100,285.0,99.9846,C
Saving Brush,285.0,99.9847,C
Plastic Glass 150ml,280.02,99.9849,C
Hal Mexican Tomato Chips 55g,280.0,99.985,C
Hal Nacho Cheese Chips 55g,280.0,99.9851,C
Hal Sweet Thali Chilli Chips 55g,280.0,99.9852,C
HELIOS WAX POLISH 40GM TAN,280.0,99.9854,C
Orange Shape Candy,280.0,99.9855,C
Trust Okhar Gudi 75gm,280.0,99.9856,C
KTE MASALA TEA 20 BAG,277.05,99.9858,C
"Birthday Candle 1,2,3,4",275.0,99.9859,C
HELIOS SHOE CREAM NA,275.0,99.986,C
NISHA SHAMPOO BOX,275.0,99.9861,C
TOOTHBRUSH ADULT,275.0,99.9863,C
STICK HOOK 7PCS SET,273.0,99.9864,C
500ML MILKERS,270.0,99.9865,C
BAN MULW PAPAYA FP 100GM,270.0,99.9866,C
HIMA BABY POWDER 30GM,270.0,99.9868,C
Nebico D50 Digestive 125g,270.0,99.9869,C
NILONS PIZZA SAUCE 250GM,270.0,99.987,C
TANG LEMON 500GM,270.0,99.9871,C
JOY CHARCOAL FW 100ML,265.0,99.9872,C
SAFAL CHEESE 200GM,265.0,99.9874,C
SANATIVE AIR FRESHENER 200GM,265.0,99.9875,C
B.HAIR COLOR STREAX (7.-M BOLD) 50ML,260.0,99.9876,C
PONDS BB CREAM 9GM,260.0,99.9877,C
Rumpum Rs10,260.0,99.9878,C
AMERICANO WAFER CHO 60G,255.0,99.988,C
STICKY NOTE 3X5,255.0,99.9881,C
Flexi Body Razor,250.0,99.9882,C
GYM BOTTLE SHAKER,250.0,99.9883,C
HAIR SPRAY LA FRESH 85ML,250.0,99.9884,C
HAL  KAJU MIX-200gm,250.0,99.9885,C
KRISHMA SUKMEL 50GM,250.0,99.9887,C
MISMAS 3 ANGLES STICKS,250.0,99.9888,C
Storia Badam Shake 180ml,250.0,99.9889,C
Parle Magic Biscuit 60g,244.0,99.989,C
Amrit Sunflower Oil 1l,240.0,99.9891,C
Dobiee Kungfu Kokonut (50pcs),240.0,99.9892,C
Dobiee My Toy Joy (50pcs),240.0,99.9893,C
HILIFE BHUJA 400GM,240.0,99.9894,C
Joy Vitamin C 100ml,240.0,99.9895,C
Para FW Orange 100ml,240.0,99.9897,C
PULSE GUAVA CANDY 50PCS,240.0,99.9898,C
VAS ALOE FRESH 200ML,240.0,99.9899,C
Veg Momo 3 Plate,240.0,99.99,C
COCONUT MILK 400ML,235.0,99.9901,C
HAIR BRUSH ROLL,235.0,99.9902,C
HELIOS CANVAS POLISH 240GM,235.0,99.9903,C
Romano Roll-on 50ml Classic,235.0,99.9904,C
Kundan Soyabean 500ml,233.0,99.9905,C
ASSORTED CANDY 160GM,230.0,99.9906,C
DEEP CLEANSING APRICOT FW 100ML,230.0,99.9907,C
DL80 EvRe Light,230.0,99.9908,C
Goldiee Sabji Masala 100g,230.0,99.9909,C
J.B SOAP 75G Milk,230.0,99.991,C
Samyang Mushroom Pasta 100g,230.0,99.9912,C
SHIVAJI CUP ,230.0,99.9913,C
AG HOT SAUCE 473ML,225.0,99.9914,C
AG WHITE VINEGAR 473ML,225.0,99.9915,C
DDC MOHI 1LTR,225.0,99.9916,C
ENC EDC SENSATIONAL 100ML,225.0,99.9917,C
POLO GLUE 22.5GM,225.0,99.9918,C
Goldiee Fish Masala 50g,220.0,99.9919,C
HIMA BABY MASAGE OIL COCONUT 100 ML,220.0,99.992,C
Methi Powder 70gm,220.0,99.9921,C
Panda Kit Towel 220gm 1Roll,220.0,99.9922,C
SASNA KOKOREO RS20,220.0,99.9923,C
Cornitos Nacho 60gm (Jalapino),217.82,99.9924,C
P HALDICHANDAN KANTI 25GM,216.0,99.9925,C
Bam Sona Duet 200g,215.0,99.9926,C
BAN MULTANI PAPAYA FACEPACK 100GM,215.0,99.9927,C
BAN MULTANI SANDAL FACEPACK 100GM,215.0,99.9928,C
Dalchini 100g,210.0,99.9929,C
Tomato Ketchup 200g,210.0,99.993,C
MARSHMELLOW LOLLIPOP 140GM,205.0,99.9931,C
Black Mask ,200.0,99.9931,C
Fabite Rusk,200.0,99.9932,C
Fogg Pocket Perfume Spray 17ml Dazzling,200.0,99.9933,C
MISMAS 3 ANGLES ONION CHIPS,200.0,99.9934,C
NEBICO BUTTER RS. 50,200.0,99.9935,C
Nimbu Pani 250ml,200.0,99.9936,C
RENKO MARKER PER,200.0,99.9937,C
SANTOOR H/W MILD 200ML,200.0,99.9938,C
GLUE STICK 22GM,195.0,99.9939,C
RUCHI WHITE PHENYL 500ML,195.0,99.994,C
Indica Easy Black 1 10MIN,192.0,99.9941,C
BIRTHDAY BANNER WORDS,190.0,99.9941,C
Ossum Rollon,190.0,99.9942,C
PASSPASS MINTY MIX 105G,190.0,99.9943,C
PASSPASS SAUNF DELIGHT MIX 105G,190.0,99.9944,C
Weikfield CornFlour 1kg,190.0,99.9945,C
Whisper Ultra Soft XL6s,190.0,99.9946,C
35gm Banduna Cup Jelly,185.0,99.9947,C
AV Natural Whitening Tooth Paste 100gm,185.0,99.9947,C
AV Total Care 360 Tooth Paste 100gm,185.0,99.9948,C
BIK MOONG DAL PLAIN 190GM,180.0,99.9949,C
Insta Shampoo H. Color (BG) Streax 18ml,180.0,99.995,C
Mouthwash Cool Mint 250ml,175.0,99.9951,C
Urja Moong Khosta Dal 1kg,175.0,99.9952,C
AMERICANO WAFER STRAWBERRY 130G,170.0,99.9952,C
AMERICANO WAFER VANILLA 130G,170.0,99.9953,C
ROSE WAX 8 STRIPS,170.0,99.9954,C
Buff Sausage 200gm,165.0,99.9955,C
Bathroom Sponge Long,160.0,99.9955,C
DOMEX THK 500ML,160.0,99.9956,C
Pooja Dhago N.25,160.0,99.9957,C
ANTI HAIRFALL CREAM 100ML,155.0,99.9958,C
Grapple Naphthalene Balls 200gm,150.0,99.9958,C
JOSHI SALTED PEANUT 300GM,150.0,99.9959,C
NEBICO JEERA COOKIES,150.0,99.996,C
PASAND USINA LONGGRAIN 20KG,150.0,99.996,C
STELLA 55GM (LEMON SPLASH),150.0,99.9961,C
PBB 25GM,145.0,99.9962,C
Baby Nipple Nor,140.0,99.9962,C
HELIOS WAX POLISH 40GM NA,140.0,99.9963,C
JAU KO SATU 400GM,140.0,99.9964,C
JOSHI BHUJIYA 150GM,140.0,99.9964,C
JOSHI BHUJIYA 300GM,140.0,99.9965,C
NEBICO OATS 350GM PKT,140.0,99.9966,C
Timur Chop,140.0,99.9966,C
TOOTHPASTE ORANGE  50GM,140.0,99.9967,C
Cloth Washing Brush S-83,135.0,99.9967,C
Colourful Long Envelop,135.0,99.9968,C
BAN MUTANI MITTI FP 100GM,130.0,99.9969,C
MRT INST VPR 45ML + SOP,130.0,99.9969,C
EXO 130GM,128.0,99.997,C
BAN METHI POWDER 20GM,125.0,99.997,C
DHOOP WITH MATCHBOX,120.0,99.9971,C
DINESH PHENYLE 1000ML WHITE,120.0,99.9972,C
FPC FoodColor GREEN 100gm,120.0,99.9972,C
Goldiee MeatMasala100g,120.0,99.9973,C
LACTASOY 250ML ORG,120.0,99.9973,C
Maxell HD Battery(AAA)2P,120.0,99.9974,C
PROTRACTOR,120.0,99.9974,C
Sarbada Tea 50gm,120.0,99.9975,C
SKINPURE FW GRAPE&VIT C 50GM,120.0,99.9975,C
HAJMOLA JEERA D 150ML,119.0,99.9976,C
HAND SANITIZER SPRAY ,115.0,99.9976,C
Maxo Liquid,115.0,99.9977,C
Tokla Gold Pouch 200gm,115.0,99.9977,C
Dobiee MY Sanatara Candy,110.0,99.9978,C
RAMRO PEANUT BUTTER COOKIES 200GM,110.0,99.9978,C
Smriti Sada Makai,110.0,99.9979,C
Tattva Jagery Powder 500gm,110.0,99.998,C
Testing 40gm,105.0,99.998,C
Byron BabyBrush,100.0,99.998,C
PARLE-G 500GM,100.0,99.9981,C
POCKET PERFUME,100.0,99.9981,C
Rijjal Hot Achari Sticks 70gm,100.0,99.9982,C
Scissor,100.0,99.9982,C
Unibic SugarFree Oatsmeal Cookies,100.0,99.9983,C
Bindhyabasini Coconut,95.0,99.9983,C
Bindhyabasini Jam Jeera Cookies,95.0,99.9984,C
Garam Masala 50gm,95.0,99.9984,C
Pineapple Agarbatti,95.0,99.9984,C
BAN MULW ORANGE FP 100GM,90.0,99.9985,C
COMFORT BLUE 220ML,90.0,99.9985,C
Krishma Pre Chokda 100g,90.0,99.9986,C
NESCAFE RTD LATTE 30*180ML,90.0,99.9986,C
Odonil Block 50gm,90.0,99.9987,C
Bathstone,85.0,99.9987,C
AMERICANO WAFER PISTA 60G,83.28,99.9987,C
Hulas Basmati 1kg,82.46,99.9988,C
CENTURY MIXED SOUP,80.0,99.9988,C
FARM FRESH COCO CAN 180ML,80.0,99.9988,C
HIMA KAJAL 1GM,80.0,99.9989,C
Maxell Power AA4 RED,80.0,99.9989,C
N/B 100gm White,80.0,99.999,C
PARLE-G H&S BOURBON 30GM,80.0,99.999,C
Pure Box Tissue 100sheet 2 ply,80.0,99.999,C
150ml Swing Guava Chill,75.0,99.9991,C
N BALL 100GM MIX,75.0,99.9991,C
Wowper Baby Pants NB 5pcs,75.0,99.9991,C
VASMOL HENNA HAIR COLOR 1,72.0,99.9992,C
Doritors Nacho Cheese 56g,70.0,99.9992,C
JOSHI TESTY PEANUT 150GM,70.0,99.9992,C
P Dant Kanti BS 150gm,70.0,99.9993,C
PRIL 400GM,70.0,99.9993,C
2pm Noodles Chk Curry Rs20,60.0,99.9993,C
CUP CAKE RS.30,60.0,99.9993,C
Krishma Green Kismis 100gm,60.0,99.9994,C
SAI DEEP CHIYA GOLD 50GM,60.0,99.9994,C
TOUNGE CLEANER,60.0,99.9994,C
SPARTAN SPICY FISH 12GM ,59.41,99.9995,C
Bee & Flower Black Polish,50.0,99.9995,C
Black Phynel 500ml,50.0,99.9995,C
CENTURY CHIPS CHICKEN,50.0,99.9995,C
Cranberry 250ml,50.0,99.9995,C
Current Finger Millet Chips 75g,50.0,99.9996,C
Current Onion Spicy Ring 40G,50.0,99.9996,C
D. EFFECTS BOX RS.50,50.0,99.9996,C
Hilife Masala Tea 70gm,50.0,99.9996,C
KWIKS CHEESE BALL,50.0,99.9997,C
Kwiks Cheese Balls,50.0,99.9997,C
Shidhibinayak Aata Cookies,50.0,99.9997,C
Shidhibinayak Kaju Cookies,50.0,99.9997,C
Unme Grand Ring,50.0,99.9998,C
NutriGold Suji 400gm,45.0,99.9998,C
WHITE NOODLES,45.0,99.9998,C
MatchStick Rs2,40.0,99.9998,C
MUNCH TWIN BAR 17.8G,40.0,99.9998,C
Real Guava 180ml,40.0,99.9998,C
RENKO PER MARKER PER,40.0,99.9999,C
Shidhibinayak Digestive 72gm,40.0,99.9999,C
ZOOPY CHK 2X NOODLES,40.0,99.9999,C
BIRTHDAY CANDLES ,30.0,99.9999,C
CONE DHOOP ,30.0,99.9999,C
Rs. 30 Bhaktapur Pau Bhandar,30.0,99.9999,C
AA Battery Pana,20.0,100.0,C
Khajurico Choco Choco Bis,20.0,100.0,C
SASNA DIGESTIVE BIS RS.20,20.0,100.0,C
SHALIMAR DHOOP 4IN1,20.0,100.0,C
Veg Rara,20.0,100.0,C
Brt Tiger Choco 40gm,10.0,100.0,C
Flat/Stick Spicy Fish,10.0,100.0,C
