antecedents,consequents,support,confidence,lift
"CANNED AND PACKAGED FOODS, CLEANING SUPPLIES","HOUSEHOLD ITEMS, TEA AND SPICES",0.010250553805088127,0.18876689189189189,6.810883138744404
"HOUSEHOLD ITEMS, TEA AND SPICES","CANNED AND PACKAGED FOODS, CLEANING SUPPLIES",0.010250553805088127,0.36984941254343867,6.810883138744403
"CANNED AND PACKAGED FOODS, COOKING OIL, FOOD STAPLES","CLEANING SUPPLIES, TEA AND SPICES",0.010677086916440788,0.2577502214348982,6.736076355148135
"CLEANING SUPPLIES, TEA AND SPICES","CANNED AND PACKAGED FOODS, COOKING OIL, FOOD STAPLES",0.010677086916440788,0.2790363178712693,6.736076355148135
"CANNED AND PACKAGED FOODS, COOKING OIL","CLEANING SUPPLIES, FOOD STAPLES, TEA AND SPICES",0.010677086916440788,0.20860215053763442,6.511522848500243
"CLEANING SUPPLIES, FOOD STAPLES, TEA AND SPICES","CANNED AND PACKAGED FOODS, COOKING OIL",0.010677086916440788,0.3332856120257695,6.511522848500243
"COOKING OIL, HOUSEHOLD ITEMS","CLEANING SUPPLIES, FOOD STAPLES",0.013075762370606824,0.5267923133776793,6.204300525680822
"CLEANING SUPPLIES, FOOD STAPLES","COOKING OIL, HOUSEHOLD ITEMS",0.013075762370606824,0.15399989196780642,6.2043005256808215
"FOOD STAPLES, HOUSEHOLD ITEMS","CLEANING SUPPLIES, TEA AND SPICES",0.013373876910799543,0.23376623376623376,6.109275837431177
"CLEANING SUPPLIES, TEA AND SPICES","FOOD STAPLES, HOUSEHOLD ITEMS",0.013373876910799543,0.3495145631067961,6.109275837431176
"CANNED AND PACKAGED FOODS, CLEANING SUPPLIES","HOUSEHOLD ITEMS, PERSONAL CARE",0.01093392405876067,0.20135135135135135,6.0115082287545665
"HOUSEHOLD ITEMS, PERSONAL CARE","CANNED AND PACKAGED FOODS, CLEANING SUPPLIES",0.01093392405876067,0.32644118855264964,6.0115082287545665
"CANNED AND PACKAGED FOODS, HOUSEHOLD ITEMS","CLEANING SUPPLIES, TEA AND SPICES",0.010250553805088127,0.22998559374356864,6.010472120707956
"CLEANING SUPPLIES, TEA AND SPICES","CANNED AND PACKAGED FOODS, HOUSEHOLD ITEMS",0.010250553805088127,0.2678892484717727,6.010472120707955
"CLEANING SUPPLIES, FOOD STAPLES","COOKING OIL, PERSONAL CARE",0.013323426757843853,0.15691676119483608,5.975141435668613
"COOKING OIL, PERSONAL CARE","CLEANING SUPPLIES, FOOD STAPLES",0.013323426757843853,0.5073349633251835,5.975141435668613
"COOKING OIL, TEA AND SPICES","CANNED AND PACKAGED FOODS, CLEANING SUPPLIES, FOOD STAPLES",0.010677086916440788,0.23859792969150354,5.843331101442924
"CANNED AND PACKAGED FOODS, CLEANING SUPPLIES, FOOD STAPLES","COOKING OIL, TEA AND SPICES",0.010677086916440788,0.2614848927327867,5.8433311014429234
"CANNED AND PACKAGED FOODS, COOKING OIL","CLEANING SUPPLIES, TEA AND SPICES",0.011296247884533359,0.2206989247311828,5.767773157331044
"CLEANING SUPPLIES, TEA AND SPICES","CANNED AND PACKAGED FOODS, COOKING OIL",0.011296247884533359,0.29521754764473207,5.767773157331043
"HOUSEHOLD ITEMS, TEA AND SPICES","CLEANING SUPPLIES, FOOD STAPLES",0.013373876910799543,0.4825417838821777,5.683139573938226
"CLEANING SUPPLIES, FOOD STAPLES","HOUSEHOLD ITEMS, TEA AND SPICES",0.013373876910799543,0.15751093825960136,5.683139573938226
"CANNED AND PACKAGED FOODS, HOUSEHOLD ITEMS","CLEANING SUPPLIES, PERSONAL CARE",0.01093392405876067,0.24531796665980654,5.647001002597576
"CLEANING SUPPLIES, PERSONAL CARE","CANNED AND PACKAGED FOODS, HOUSEHOLD ITEMS",0.01093392405876067,0.2516891891891892,5.647001002597576
"FOOD STAPLES, HOUSEHOLD ITEMS","CANNED AND PACKAGED FOODS, CLEANING SUPPLIES",0.017382370882006264,0.30383197049863714,5.595152985777985
"CANNED AND PACKAGED FOODS, CLEANING SUPPLIES","FOOD STAPLES, HOUSEHOLD ITEMS",0.017382370882006264,0.3201013513513513,5.595152985777985
"CANNED AND PACKAGED FOODS, COOKING OIL, TEA AND SPICES","CLEANING SUPPLIES, FOOD STAPLES",0.010677086916440788,0.47125506072874496,5.550210105121448
"CLEANING SUPPLIES, FOOD STAPLES","CANNED AND PACKAGED FOODS, COOKING OIL, TEA AND SPICES",0.010677086916440788,0.12574947334305625,5.550210105121448
"CLEANING SUPPLIES, TEA AND SPICES","FOOD STAPLES, PERSONAL CARE",0.013318840380302425,0.3480762315713772,5.474536341565921
"FOOD STAPLES, PERSONAL CARE","CLEANING SUPPLIES, TEA AND SPICES",0.013318840380302425,0.20947846786409866,5.474536341565921
"CLEANING SUPPLIES, PERSONAL CARE","FOOD STAPLES, HOUSEHOLD ITEMS",0.013594023032788014,0.3129222972972973,5.469668024355524
"FOOD STAPLES, HOUSEHOLD ITEMS","CLEANING SUPPLIES, PERSONAL CARE",0.013594023032788014,0.2376142376142376,5.469668024355524
"BISCUITS AND COOKIES, CLEANING SUPPLIES","FOOD STAPLES, HOUSEHOLD ITEMS",0.011878717832294518,0.30936454849498324,5.407481005307091
"FOOD STAPLES, HOUSEHOLD ITEMS","BISCUITS AND COOKIES, CLEANING SUPPLIES",0.011878717832294518,0.20763187429854094,5.407481005307091
"CLEANING SUPPLIES, FOOD STAPLES","PERSONAL CARE, TEA AND SPICES",0.013318840380302425,0.1568627450980392,5.3457146534762705
"PERSONAL CARE, TEA AND SPICES","CLEANING SUPPLIES, FOOD STAPLES",0.013318840380302425,0.4538918412003751,5.3457146534762705
"CLEANING SUPPLIES, COOKING OIL","FOOD STAPLES, HOUSEHOLD ITEMS",0.013075762370606824,0.2971648947258704,5.194239390038849
"FOOD STAPLES, HOUSEHOLD ITEMS","CLEANING SUPPLIES, COOKING OIL",0.013075762370606824,0.2285553952220619,5.194239390038848
"CLEANING SUPPLIES, FOOD STAPLES","BISCUITS AND COOKIES, HOUSEHOLD ITEMS",0.011878717832294518,0.13990169070382974,5.183304152249945
"BISCUITS AND COOKIES, HOUSEHOLD ITEMS","CLEANING SUPPLIES, FOOD STAPLES",0.011878717832294518,0.4401019541206457,5.183304152249945
"CLEANING SUPPLIES, FOOD STAPLES","BISCUITS AND COOKIES, COOKING OIL",0.013006966707485426,0.15318965051585373,5.142573029949992
"BISCUITS AND COOKIES, COOKING OIL","CLEANING SUPPLIES, FOOD STAPLES",0.013006966707485426,0.43664357197844494,5.142573029949992
"COOKING OIL, FOOD STAPLES, TEA AND SPICES","CANNED AND PACKAGED FOODS, CLEANING SUPPLIES",0.010677086916440788,0.2769120970619722,5.099415786072739
"CANNED AND PACKAGED FOODS, CLEANING SUPPLIES","COOKING OIL, FOOD STAPLES, TEA AND SPICES",0.010677086916440788,0.19662162162162164,5.099415786072739
"CLEANING SUPPLIES, COOKING OIL","CANNED AND PACKAGED FOODS, FOOD STAPLES, TEA AND SPICES",0.010677086916440788,0.24265165728580365,5.054651705323852
"CANNED AND PACKAGED FOODS, FOOD STAPLES, TEA AND SPICES","CLEANING SUPPLIES, COOKING OIL",0.010677086916440788,0.22241329893952422,5.054651705323852
"COOKING OIL, FOOD STAPLES","CANNED AND PACKAGED FOODS, CLEANING SUPPLIES, TEA AND SPICES",0.010677086916440788,0.10739988927846467,5.022983624755169
"CANNED AND PACKAGED FOODS, CLEANING SUPPLIES, TEA AND SPICES","COOKING OIL, FOOD STAPLES",0.010677086916440788,0.4993564993564994,5.022983624755169
"CANNED AND PACKAGED FOODS, PERSONAL CARE","CLEANING SUPPLIES, HOUSEHOLD ITEMS",0.01093392405876067,0.21615740320971982,4.996322667617691
"CLEANING SUPPLIES, HOUSEHOLD ITEMS","CANNED AND PACKAGED FOODS, PERSONAL CARE",0.01093392405876067,0.25272977843740063,4.996322667617691
"FOOD STAPLES, TEA AND SPICES","CANNED AND PACKAGED FOODS, CLEANING SUPPLIES, COOKING OIL",0.010677086916440788,0.10602058475270973,4.995982329311989
"CANNED AND PACKAGED FOODS, CLEANING SUPPLIES, COOKING OIL","FOOD STAPLES, TEA AND SPICES",0.010677086916440788,0.5031337799870327,4.995982329311988
"CANNED AND PACKAGED FOODS, CLEANING SUPPLIES","FOOD STAPLES, PERSONAL CARE",0.017171397515100648,0.3162162162162162,4.973442626786058
"FOOD STAPLES, PERSONAL CARE","CANNED AND PACKAGED FOODS, CLEANING SUPPLIES",0.017171397515100648,0.27007141311404453,4.973442626786058
"BISCUITS AND COOKIES, CLEANING SUPPLIES","FOOD STAPLES, PERSONAL CARE",0.012130968597072973,0.3159340659340659,4.969004972521527
"FOOD STAPLES, PERSONAL CARE","BISCUITS AND COOKIES, CLEANING SUPPLIES",0.012130968597072973,0.19079564307869867,4.969004972521526
"FOOD STAPLES, PERSONAL CARE","CLEANING SUPPLIES, HOUSEHOLD ITEMS",0.013594023032788014,0.21380653538195196,4.941984051211137
"CLEANING SUPPLIES, HOUSEHOLD ITEMS","FOOD STAPLES, PERSONAL CARE",0.013594023032788014,0.3142160500371038,4.941984051211137
"CANNED AND PACKAGED FOODS, TEA AND SPICES","CLEANING SUPPLIES, COOKING OIL, FOOD STAPLES",0.010677086916440788,0.17418630751964087,4.898627619329284
"CLEANING SUPPLIES, COOKING OIL, FOOD STAPLES","CANNED AND PACKAGED FOODS, TEA AND SPICES",0.010677086916440788,0.30027086289178384,4.898627619329283
"HOUSEHOLD ITEMS, PERSONAL CARE","CLEANING SUPPLIES, FOOD STAPLES",0.013594023032788014,0.40586060523072715,4.780026402133207
"CLEANING SUPPLIES, FOOD STAPLES","HOUSEHOLD ITEMS, PERSONAL CARE",0.013594023032788014,0.16010371090584996,4.780026402133207
"CLEANING SUPPLIES, COOKING OIL","FOOD STAPLES, PERSONAL CARE",0.013323426757843853,0.30279341254951014,4.762329026333228
"FOOD STAPLES, PERSONAL CARE","CLEANING SUPPLIES, COOKING OIL",0.013323426757843853,0.20955060232272957,4.762329026333227
"COOKING OIL, TEA AND SPICES","CANNED AND PACKAGED FOODS, CLEANING SUPPLIES",0.011296247884533359,0.25243414984113965,4.648647358860859
"CANNED AND PACKAGED FOODS, CLEANING SUPPLIES","COOKING OIL, TEA AND SPICES",0.011296247884533359,0.20802364864864864,4.648647358860859
"CANNED AND PACKAGED FOODS, HOUSEHOLD ITEMS","FOOD STAPLES, PERSONAL CARE",0.013117039768479662,0.2942992385264458,4.62873281905725
"FOOD STAPLES, PERSONAL CARE","CANNED AND PACKAGED FOODS, HOUSEHOLD ITEMS",0.013117039768479662,0.20630455168433962,4.62873281905725
"CLEANING SUPPLIES, FOOD STAPLES","CANNED AND PACKAGED FOODS, HOUSEHOLD ITEMS",0.017382370882006264,0.2047210068600443,4.593203763402292
"CANNED AND PACKAGED FOODS, HOUSEHOLD ITEMS","CLEANING SUPPLIES, FOOD STAPLES",0.017382370882006264,0.3899979419633669,4.593203763402292
"FOOD STAPLES, HOUSEHOLD ITEMS, PERSONAL CARE",CLEANING SUPPLIES,0.013594023032788014,0.6515717740162673,4.591092130661352
CLEANING SUPPLIES,"FOOD STAPLES, HOUSEHOLD ITEMS, PERSONAL CARE",0.013594023032788014,0.09578593588417787,4.591092130661352
CLEANING SUPPLIES,"COOKING OIL, FOOD STAPLES, HOUSEHOLD ITEMS",0.013075762370606824,0.0921341778697001,4.570798575694153
"COOKING OIL, FOOD STAPLES, HOUSEHOLD ITEMS",CLEANING SUPPLIES,0.013075762370606824,0.6486916951080773,4.570798575694153
CLEANING SUPPLIES,"COOKING OIL, FOOD STAPLES, PERSONAL CARE",0.013323426757843853,0.09387926577042399,4.54971181835651
"COOKING OIL, FOOD STAPLES, PERSONAL CARE",CLEANING SUPPLIES,0.013323426757843853,0.6456990442320516,4.549711818356509
"CANNED AND PACKAGED FOODS, PERSONAL CARE","FOOD STAPLES, HOUSEHOLD ITEMS",0.013117039768479662,0.25931634781031826,4.532672641295363
"FOOD STAPLES, HOUSEHOLD ITEMS","CANNED AND PACKAGED FOODS, PERSONAL CARE",0.013117039768479662,0.2292768959435626,4.532672641295362
"BISCUITS AND COOKIES, PERSONAL CARE","CLEANING SUPPLIES, FOOD STAPLES",0.012130968597072973,0.38261246926081294,4.506221301799809
"CLEANING SUPPLIES, FOOD STAPLES","BISCUITS AND COOKIES, PERSONAL CARE",0.012130968597072973,0.14287257602765624,4.506221301799809
"CLEANING SUPPLIES, FOOD STAPLES","COOKING OIL, TEA AND SPICES",0.017015460678692147,0.20039971911629664,4.478277498919747
"COOKING OIL, TEA AND SPICES","CLEANING SUPPLIES, FOOD STAPLES",0.017015460678692147,0.38023982781592697,4.478277498919747
"COOKING OIL, FOOD STAPLES","CLEANING SUPPLIES, TEA AND SPICES",0.017015460678692147,0.17115704004428858,4.473039379136587
"CLEANING SUPPLIES, TEA AND SPICES","COOKING OIL, FOOD STAPLES",0.017015460678692147,0.4446841663670142,4.473039379136587
"CANNED AND PACKAGED FOODS, HOUSEHOLD ITEMS, PERSONAL CARE",CLEANING SUPPLIES,0.01093392405876067,0.6295220491153948,4.4357257957269045
CLEANING SUPPLIES,"CANNED AND PACKAGED FOODS, HOUSEHOLD ITEMS, PERSONAL CARE",0.01093392405876067,0.07704239917269906,4.435725795726904
"BISCUITS AND COOKIES, TEA AND SPICES","CLEANING SUPPLIES, FOOD STAPLES",0.012539156198259929,0.3751372118551043,4.418181400164824
"CLEANING SUPPLIES, FOOD STAPLES","BISCUITS AND COOKIES, TEA AND SPICES",0.012539156198259929,0.1476800086425755,4.418181400164824
CLEANING SUPPLIES,"CANNED AND PACKAGED FOODS, HOUSEHOLD ITEMS, TEA AND SPICES",0.010250553805088127,0.07222724922440538,4.400171204007174
"CANNED AND PACKAGED FOODS, HOUSEHOLD ITEMS, TEA AND SPICES",CLEANING SUPPLIES,0.010250553805088127,0.6244761106454316,4.400171204007173
CLEANING SUPPLIES,"BISCUITS AND COOKIES, FOOD STAPLES, HOUSEHOLD ITEMS",0.011878717832294518,0.08369958634953464,4.351360684047087
"BISCUITS AND COOKIES, FOOD STAPLES, HOUSEHOLD ITEMS",CLEANING SUPPLIES,0.011878717832294518,0.6175488793514544,4.351360684047087
"CLEANING SUPPLIES, FOOD STAPLES","CANNED AND PACKAGED FOODS, COOKING OIL",0.01885459807280416,0.22206017393183172,4.338470801395591
"CANNED AND PACKAGED FOODS, COOKING OIL","CLEANING SUPPLIES, FOOD STAPLES",0.01885459807280416,0.3683691756272402,4.338470801395591
"COOKING OIL, HOUSEHOLD ITEMS",CLEANING SUPPLIES,0.015185496039662993,0.6117886178861789,4.310772843783893
CLEANING SUPPLIES,"COOKING OIL, HOUSEHOLD ITEMS",0.015185496039662993,0.10699974146845914,4.310772843783893
"FOOD STAPLES, TEA AND SPICES","COOKING OIL, HOUSEHOLD ITEMS",0.010773400844810743,0.1069769560069223,4.309854870081544
"COOKING OIL, HOUSEHOLD ITEMS","FOOD STAPLES, TEA AND SPICES",0.010773400844810743,0.43403547671840353,4.309854870081544
HOUSEHOLD ITEMS,"CANNED AND PACKAGED FOODS, CLEANING SUPPLIES, PERSONAL CARE",0.01093392405876067,0.09251785159888234,4.295637736172383
"CANNED AND PACKAGED FOODS, CLEANING SUPPLIES, PERSONAL CARE",HOUSEHOLD ITEMS,0.01093392405876067,0.5076660988074957,4.295637736172382
"FOOD STAPLES, HOUSEHOLD ITEMS, TEA AND SPICES",CLEANING SUPPLIES,0.013373876910799543,0.6048537647790915,4.261908619155208
CLEANING SUPPLIES,"FOOD STAPLES, HOUSEHOLD ITEMS, TEA AND SPICES",0.013373876910799543,0.09423474663908997,4.261908619155208
"FOOD STAPLES, HOUSEHOLD ITEMS","COOKING OIL, TEA AND SPICES",0.010773400844810743,0.1883116883116883,4.208149593565192
"COOKING OIL, TEA AND SPICES","FOOD STAPLES, HOUSEHOLD ITEMS",0.010773400844810743,0.24075023060366912,4.208149593565191
"CLEANING SUPPLIES, COOKING OIL","CANNED AND PACKAGED FOODS, TEA AND SPICES",0.011296247884533359,0.25672295184490307,4.188185727752123
"CANNED AND PACKAGED FOODS, TEA AND SPICES","CLEANING SUPPLIES, COOKING OIL",0.011296247884533359,0.18428731762065095,4.188185727752123
"COOKING OIL, PERSONAL CARE",CLEANING SUPPLIES,0.015561578998059962,0.5925602514844569,4.175286309233342
CLEANING SUPPLIES,"COOKING OIL, PERSONAL CARE",0.015561578998059962,0.10964968976215098,4.175286309233342
"CANNED AND PACKAGED FOODS, COOKING OIL","FOOD STAPLES, HOUSEHOLD ITEMS",0.012103450331824415,0.23646953405017923,4.133325941614472
"FOOD STAPLES, HOUSEHOLD ITEMS","CANNED AND PACKAGED FOODS, COOKING OIL",0.012103450331824415,0.2115600448933782,4.133325941614472
"BISCUITS AND COOKIES, CANNED AND PACKAGED FOODS","FOOD STAPLES, NOODLES",0.013846273797566469,0.2096527777777778,4.127872738697249
"FOOD STAPLES, NOODLES","BISCUITS AND COOKIES, CANNED AND PACKAGED FOODS",0.013846273797566469,0.2726205526458371,4.127872738697249
"FOOD STAPLES, PERSONAL CARE, TEA AND SPICES",CLEANING SUPPLIES,0.013318840380302425,0.5802197802197802,4.0883331249928965
CLEANING SUPPLIES,"FOOD STAPLES, PERSONAL CARE, TEA AND SPICES",0.013318840380302425,0.09384694932781798,4.0883331249928965
HOUSEHOLD ITEMS,"CANNED AND PACKAGED FOODS, CLEANING SUPPLIES, TEA AND SPICES",0.010250553805088127,0.08673548587395219,4.056530487666005
"CANNED AND PACKAGED FOODS, CLEANING SUPPLIES, TEA AND SPICES",HOUSEHOLD ITEMS,0.010250553805088127,0.4794079794079794,4.056530487666005
"CLEANING SUPPLIES, COOKING OIL, TEA AND SPICES","CANNED AND PACKAGED FOODS, FOOD STAPLES",0.010677086916440788,0.5768087215064421,4.047294947901787
"CANNED AND PACKAGED FOODS, FOOD STAPLES","CLEANING SUPPLIES, COOKING OIL, TEA AND SPICES",0.010677086916440788,0.07491793782583511,4.047294947901786
"CANNED AND PACKAGED FOODS, TEA AND SPICES","FOOD STAPLES, HOUSEHOLD ITEMS",0.014162733847924894,0.2310512532734755,4.038618094435528
"FOOD STAPLES, HOUSEHOLD ITEMS","CANNED AND PACKAGED FOODS, TEA AND SPICES",0.014162733847924894,0.24755491422158088,4.038618094435528
"FOOD STAPLES, TEA AND SPICES","CANNED AND PACKAGED FOODS, COOKING OIL",0.020721253732164723,0.20575644412059385,4.019938871570065
"CANNED AND PACKAGED FOODS, COOKING OIL","FOOD STAPLES, TEA AND SPICES",0.020721253732164723,0.40483870967741936,4.019938871570065
"FOOD STAPLES, NOODLES","CANNED AND PACKAGED FOODS, CLEANING SUPPLIES",0.011053169874837758,0.21762687375835293,4.007661374463682
"CANNED AND PACKAGED FOODS, CLEANING SUPPLIES","FOOD STAPLES, NOODLES",0.011053169874837758,0.2035472972972973,4.007661374463682
"CLEANING SUPPLIES, FOOD STAPLES","CANNED AND PACKAGED FOODS, PERSONAL CARE",0.017171397515100648,0.2022362664073894,3.9980949151027256
"CANNED AND PACKAGED FOODS, PERSONAL CARE","CLEANING SUPPLIES, FOOD STAPLES",0.017171397515100648,0.3394686734971439,3.9980949151027256
"BISCUITS AND COOKIES, FOOD STAPLES","CLEANING SUPPLIES, TEA AND SPICES",0.012539156198259929,0.15291682980032442,3.9963474552527067
"CLEANING SUPPLIES, TEA AND SPICES","BISCUITS AND COOKIES, FOOD STAPLES",0.012539156198259929,0.32769986815294255,3.9963474552527063
CLEANING SUPPLIES,"CANNED AND PACKAGED FOODS, FOOD STAPLES, HOUSEHOLD ITEMS",0.017382370882006264,0.12247931747673216,3.9757366301435537
"CANNED AND PACKAGED FOODS, FOOD STAPLES, HOUSEHOLD ITEMS",CLEANING SUPPLIES,0.017382370882006264,0.5642399880899212,3.9757366301435537
"BISCUITS AND COOKIES, FOOD STAPLES, PERSONAL CARE",CLEANING SUPPLIES,0.012130968597072973,0.5581346275585566,3.932717159675058
CLEANING SUPPLIES,"BISCUITS AND COOKIES, FOOD STAPLES, PERSONAL CARE",0.012130968597072973,0.08547699069286452,3.932717159675058
"CLEANING SUPPLIES, FOOD STAPLES, PERSONAL CARE",HOUSEHOLD ITEMS,0.013594023032788014,0.46377718666875295,3.9242698870573927
HOUSEHOLD ITEMS,"CLEANING SUPPLIES, FOOD STAPLES, PERSONAL CARE",0.013594023032788014,0.11502638932008694,3.924269887057392
"HOUSEHOLD ITEMS, TEA AND SPICES","COOKING OIL, FOOD STAPLES",0.010773400844810743,0.3887142147939765,3.9100425009703934
"COOKING OIL, FOOD STAPLES","HOUSEHOLD ITEMS, TEA AND SPICES",0.010773400844810743,0.10836870271267761,3.9100425009703934
"HOUSEHOLD ITEMS, PERSONAL CARE",CLEANING SUPPLIES,0.018570242665235718,0.5544296864302343,3.906611476867534
CLEANING SUPPLIES,"HOUSEHOLD ITEMS, PERSONAL CARE",0.018570242665235718,0.13084927611168562,3.9066114768675337
CLEANING SUPPLIES,"HOUSEHOLD ITEMS, TEA AND SPICES",0.01531850098836436,0.10793691830403308,3.8944633222334044
"HOUSEHOLD ITEMS, TEA AND SPICES",CLEANING SUPPLIES,0.01531850098836436,0.5527056097964587,3.894463322233404
"BISCUITS AND COOKIES, HOUSEHOLD ITEMS",CLEANING SUPPLIES,0.014882795121928846,0.5514018691588785,3.885276930771535
CLEANING SUPPLIES,"BISCUITS AND COOKIES, HOUSEHOLD ITEMS",0.014882795121928846,0.10486685625646328,3.8852769307715347
"BISCUITS AND COOKIES, FOOD STAPLES","CANNED AND PACKAGED FOODS, CLEANING SUPPLIES",0.017267711443470602,0.21058224732926897,3.877932555821944
"CANNED AND PACKAGED FOODS, CLEANING SUPPLIES","BISCUITS AND COOKIES, FOOD STAPLES",0.017267711443470602,0.3179898648648648,3.8779325558219435
"CLEANING SUPPLIES, HOUSEHOLD ITEMS","CANNED AND PACKAGED FOODS, TEA AND SPICES",0.010250553805088127,0.23693416728506306,3.86535091899239
"CANNED AND PACKAGED FOODS, TEA AND SPICES","CLEANING SUPPLIES, HOUSEHOLD ITEMS",0.010250553805088127,0.16722783389450055,3.86535091899239
"COOKING OIL, PERSONAL CARE","FOOD STAPLES, TEA AND SPICES",0.010190930897049583,0.3880544882989871,3.853276093690056
"FOOD STAPLES, TEA AND SPICES","COOKING OIL, PERSONAL CARE",0.010190930897049583,0.10119318699335093,3.8532760936900554
"FOOD STAPLES, TEA AND SPICES","CLEANING SUPPLIES, COOKING OIL",0.017015460678692147,0.16895892157755713,3.8398265982912054
"CLEANING SUPPLIES, COOKING OIL","FOOD STAPLES, TEA AND SPICES",0.017015460678692147,0.3867000208463623,3.8398265982912054
"NOODLES, TEA AND SPICES","CANNED AND PACKAGED FOODS, FOOD STAPLES",0.010695432426606493,0.54182156133829,3.801800468865184
"CANNED AND PACKAGED FOODS, FOOD STAPLES","NOODLES, TEA AND SPICES",0.010695432426606493,0.0750466628049173,3.801800468865184
"FOOD STAPLES, PERSONAL CARE","CANNED AND PACKAGED FOODS, TEA AND SPICES",0.014717685530437494,0.23147947774651947,3.776362954688954
"CANNED AND PACKAGED FOODS, TEA AND SPICES","FOOD STAPLES, PERSONAL CARE",0.014717685530437494,0.2401047512158623,3.776362954688954
CLEANING SUPPLIES,"BISCUITS AND COOKIES, COOKING OIL, FOOD STAPLES",0.013006966707485426,0.09164943123061013,3.7646885902842016
"BISCUITS AND COOKIES, COOKING OIL, FOOD STAPLES",CLEANING SUPPLIES,0.013006966707485426,0.5342878673700076,3.7646885902842016
"CANNED AND PACKAGED FOODS, CLEANING SUPPLIES, COOKING OIL, FOOD STAPLES",TEA AND SPICES,0.010677086916440788,0.5662855752858186,3.744047788786282
TEA AND SPICES,"CANNED AND PACKAGED FOODS, CLEANING SUPPLIES, COOKING OIL, FOOD STAPLES",0.010677086916440788,0.0705925162229365,3.7440477887862817
"BISCUITS AND COOKIES, COOKING OIL","FOOD STAPLES, TEA AND SPICES",0.011099033650252022,0.3725943033102387,3.6997606389859965
"FOOD STAPLES, TEA AND SPICES","BISCUITS AND COOKIES, COOKING OIL",0.011099033650252022,0.11021040167592677,3.699760638985996
"CANNED AND PACKAGED FOODS, COOKING OIL","FOOD STAPLES, PERSONAL CARE",0.012030068291161591,0.2350358422939068,3.69663925169419
"FOOD STAPLES, PERSONAL CARE","CANNED AND PACKAGED FOODS, COOKING OIL",0.012030068291161591,0.18920868498881913,3.6966392516941897
"CANNED AND PACKAGED FOODS, CLEANING SUPPLIES, FOOD STAPLES, TEA AND SPICES",COOKING OIL,0.010677086916440788,0.5580057526366252,3.6951315157514384
COOKING OIL,"CANNED AND PACKAGED FOODS, CLEANING SUPPLIES, FOOD STAPLES, TEA AND SPICES",0.010677086916440788,0.07070400291562899,3.695131515751438
"CANNED AND PACKAGED FOODS, CLEANING SUPPLIES, HOUSEHOLD ITEMS",PERSONAL CARE,0.01093392405876067,0.5,3.6813162693320725
PERSONAL CARE,"CANNED AND PACKAGED FOODS, CLEANING SUPPLIES, HOUSEHOLD ITEMS",0.01093392405876067,0.08050246505031404,3.6813162693320725
"CANNED AND PACKAGED FOODS, TEA AND SPICES","CLEANING SUPPLIES, FOOD STAPLES",0.01913436710283117,0.31215862326973437,3.67645058833593
"CLEANING SUPPLIES, FOOD STAPLES","CANNED AND PACKAGED FOODS, TEA AND SPICES",0.01913436710283117,0.22535515583643925,3.67645058833593
"PERSONAL CARE, TEA AND SPICES",CLEANING SUPPLIES,0.015258878080325815,0.5200062519537355,3.6640577545642654
CLEANING SUPPLIES,"PERSONAL CARE, TEA AND SPICES",0.015258878080325815,0.10751680455015511,3.6640577545642654
"CANNED AND PACKAGED FOODS, COOKING OIL, FOOD STAPLES, TEA AND SPICES",CLEANING SUPPLIES,0.010677086916440788,0.5152722443559098,3.6307010839784613
CLEANING SUPPLIES,"CANNED AND PACKAGED FOODS, COOKING OIL, FOOD STAPLES, TEA AND SPICES",0.010677086916440788,0.07523267838676319,3.630701083978461
CLEANING SUPPLIES,"CANNED AND PACKAGED FOODS, FOOD STAPLES, PERSONAL CARE",0.017171397515100648,0.12099276111685625,3.6252437344559554
"CANNED AND PACKAGED FOODS, FOOD STAPLES, PERSONAL CARE",CLEANING SUPPLIES,0.017171397515100648,0.514497732582108,3.625243734455955
"CLEANING SUPPLIES, PERSONAL CARE",HOUSEHOLD ITEMS,0.018570242665235718,0.42747043918918926,3.6170588384621722
HOUSEHOLD ITEMS,"CLEANING SUPPLIES, PERSONAL CARE",0.018570242665235718,0.15713287798820244,3.6170588384621722
"CLEANING SUPPLIES, COOKING OIL","BISCUITS AND COOKIES, FOOD STAPLES",0.013006966707485426,0.2956014175526371,3.6049021913375654
"BISCUITS AND COOKIES, FOOD STAPLES","CLEANING SUPPLIES, COOKING OIL",0.013006966707485426,0.15862184685944403,3.604902191337565
"CANNED AND PACKAGED FOODS, CLEANING SUPPLIES, FOOD STAPLES",HOUSEHOLD ITEMS,0.017382370882006264,0.4256992025160058,3.602071445940017
HOUSEHOLD ITEMS,"CANNED AND PACKAGED FOODS, CLEANING SUPPLIES, FOOD STAPLES",0.017382370882006264,0.14708165166097484,3.6020714459400165
"CANNED AND PACKAGED FOODS, FOOD STAPLES","HOUSEHOLD ITEMS, TEA AND SPICES",0.014162733847924894,0.09937568385145139,3.5855661062252038
"HOUSEHOLD ITEMS, TEA AND SPICES","CANNED AND PACKAGED FOODS, FOOD STAPLES",0.014162733847924894,0.5110044679794804,3.5855661062252038
"COOKING OIL, TEA AND SPICES","FOOD STAPLES, PERSONAL CARE",0.010190930897049583,0.22773393461104846,3.5817949867120515
"FOOD STAPLES, PERSONAL CARE","COOKING OIL, TEA AND SPICES",0.010190930897049583,0.16028276707783307,3.5817949867120515
"FOOD STAPLES, HOUSEHOLD ITEMS",CLEANING SUPPLIES,0.028940042286400933,0.5058521725188392,3.5643255603506376
CLEANING SUPPLIES,"FOOD STAPLES, HOUSEHOLD ITEMS",0.028940042286400933,0.20391675284384694,3.5643255603506376
TEA AND SPICES,"COOKING OIL, FOOD STAPLES, HOUSEHOLD ITEMS",0.010773400844810743,0.07122930438474133,3.5337028077669728
"COOKING OIL, FOOD STAPLES, HOUSEHOLD ITEMS",TEA AND SPICES,0.010773400844810743,0.5344709897610921,3.5337028077669728
HOUSEHOLD ITEMS,"CLEANING SUPPLIES, FOOD STAPLES, TEA AND SPICES",0.013373876910799543,0.11316361378453897,3.5324058494974264
"CLEANING SUPPLIES, FOOD STAPLES, TEA AND SPICES",HOUSEHOLD ITEMS,0.013373876910799543,0.41746599856836075,3.532405849497426
"CANNED AND PACKAGED FOODS, NOODLES","BISCUITS AND COOKIES, FOOD STAPLES",0.013846273797566469,0.2887889802946241,3.521823530202973
"BISCUITS AND COOKIES, FOOD STAPLES","CANNED AND PACKAGED FOODS, NOODLES",0.013846273797566469,0.16885731864198222,3.521823530202973
TEA AND SPICES,"CANNED AND PACKAGED FOODS, CLEANING SUPPLIES, COOKING OIL",0.011296247884533359,0.07468615440596761,3.5194175595880615
"CANNED AND PACKAGED FOODS, CLEANING SUPPLIES, COOKING OIL",TEA AND SPICES,0.011296247884533359,0.5323103522800952,3.5194175595880615
"CANNED AND PACKAGED FOODS, FOOD STAPLES","PERSONAL CARE, TEA AND SPICES",0.014717685530437494,0.10326961446868765,3.519318057191193
"PERSONAL CARE, TEA AND SPICES","CANNED AND PACKAGED FOODS, FOOD STAPLES",0.014717685530437494,0.5015629884338856,3.5193180571911924
"CANNED AND PACKAGED FOODS, FOOD STAPLES","CLEANING SUPPLIES, NOODLES",0.011053169874837758,0.07755679989702002,3.5193032214665045
"CLEANING SUPPLIES, NOODLES","CANNED AND PACKAGED FOODS, FOOD STAPLES",0.011053169874837758,0.5015608740894901,3.5193032214665045
"CLEANING SUPPLIES, FOOD STAPLES, TEA AND SPICES",COOKING OIL,0.017015460678692147,0.5311381531853973,3.5172134333379232
COOKING OIL,"CLEANING SUPPLIES, FOOD STAPLES, TEA AND SPICES",0.017015460678692147,0.11267691186296544,3.5172134333379232
"CANNED AND PACKAGED FOODS, COOKING OIL, TEA AND SPICES",CLEANING SUPPLIES,0.011296247884533359,0.498582995951417,3.513105632376522
CLEANING SUPPLIES,"CANNED AND PACKAGED FOODS, COOKING OIL, TEA AND SPICES",0.011296247884533359,0.0795953981385729,3.513105632376522
"CLEANING SUPPLIES, TEA AND SPICES","CANNED AND PACKAGED FOODS, FOOD STAPLES",0.01913436710283117,0.5000599304806425,3.5087715473452996
"CANNED AND PACKAGED FOODS, FOOD STAPLES","CLEANING SUPPLIES, TEA AND SPICES",0.01913436710283117,0.1342601531827251,3.508771547345299
"FOOD STAPLES, TEA AND SPICES","CANNED AND PACKAGED FOODS, CLEANING SUPPLIES",0.01913436710283117,0.18999908917023406,3.498887787619115
"CANNED AND PACKAGED FOODS, CLEANING SUPPLIES","FOOD STAPLES, TEA AND SPICES",0.01913436710283117,0.35236486486486485,3.498887787619115
COOKING OIL,"CANNED AND PACKAGED FOODS, CLEANING SUPPLIES, TEA AND SPICES",0.011296247884533359,0.07480410617748892,3.4985119902662274
"CANNED AND PACKAGED FOODS, CLEANING SUPPLIES, TEA AND SPICES",COOKING OIL,0.011296247884533359,0.5283140283140283,3.498511990266227
"COOKING OIL, FOOD STAPLES","PERSONAL CARE, TEA AND SPICES",0.010190930897049583,0.10250968813434212,3.4934205801418496
"PERSONAL CARE, TEA AND SPICES","COOKING OIL, FOOD STAPLES",0.010190930897049583,0.3472960300093779,3.4934205801418496
"COOKING OIL, FOOD STAPLES","CANNED AND PACKAGED FOODS, CLEANING SUPPLIES",0.01885459807280416,0.18965676324045028,3.4925837573190925
"CANNED AND PACKAGED FOODS, CLEANING SUPPLIES","COOKING OIL, FOOD STAPLES",0.01885459807280416,0.34721283783783785,3.4925837573190925
"BISCUITS AND COOKIES, CLEANING SUPPLIES, FOOD STAPLES",HOUSEHOLD ITEMS,0.011878717832294518,0.41255176807900606,3.490823884532841
HOUSEHOLD ITEMS,"BISCUITS AND COOKIES, CLEANING SUPPLIES, FOOD STAPLES",0.011878717832294518,0.10051226327227569,3.490823884532841
CLEANING SUPPLIES,"BISCUITS AND COOKIES, COOKING OIL",0.014740617418144628,0.10386504653567735,3.486747213471822
"BISCUITS AND COOKIES, COOKING OIL",CLEANING SUPPLIES,0.014740617418144628,0.49484218629715165,3.486747213471822
"BISCUITS AND COOKIES, FOOD STAPLES","CANNED AND PACKAGED FOODS, HOUSEHOLD ITEMS",0.012681333902044149,0.15465070753397842,3.4698061657322548
"CANNED AND PACKAGED FOODS, HOUSEHOLD ITEMS","BISCUITS AND COOKIES, FOOD STAPLES",0.012681333902044149,0.28452356451944844,3.4698061657322548
PERSONAL CARE,"CLEANING SUPPLIES, FOOD STAPLES, HOUSEHOLD ITEMS",0.013594023032788014,0.10008779631255488,3.458453699619735
"CLEANING SUPPLIES, FOOD STAPLES, HOUSEHOLD ITEMS",PERSONAL CARE,0.013594023032788014,0.4697305863708399,3.4584536996197346
"CANNED AND PACKAGED FOODS, HOUSEHOLD ITEMS",CLEANING SUPPLIES,0.02186784811752134,0.4906359333196131,3.457109197040088
CLEANING SUPPLIES,"CANNED AND PACKAGED FOODS, HOUSEHOLD ITEMS",0.02186784811752134,0.15408479834539812,3.4571091970400873
"CONFECTIONERY, FOOD STAPLES","BISCUITS AND COOKIES, CANNED AND PACKAGED FOODS",0.011562257781936093,0.2281241516604832,3.4541323371942205
"BISCUITS AND COOKIES, CANNED AND PACKAGED FOODS","CONFECTIONERY, FOOD STAPLES",0.011562257781936093,0.17506944444444444,3.4541323371942205
"CANNED AND PACKAGED FOODS, FOOD STAPLES","BISCUITS AND COOKIES, TEA AND SPICES",0.01636878144535102,0.11485486258608484,3.4361429299783453
"BISCUITS AND COOKIES, TEA AND SPICES","CANNED AND PACKAGED FOODS, FOOD STAPLES",0.01636878144535102,0.48970911086717894,3.4361429299783453
"CANNED AND PACKAGED FOODS, TEA AND SPICES","FOOD STAPLES, NOODLES",0.010695432426606493,0.1744855967078189,3.43546289049871
"FOOD STAPLES, NOODLES","CANNED AND PACKAGED FOODS, TEA AND SPICES",0.010695432426606493,0.21058334838360124,3.43546289049871
"CANNED AND PACKAGED FOODS, FOOD STAPLES","COOKING OIL, HOUSEHOLD ITEMS",0.012103450331824415,0.08492630494947545,3.4214849874849924
"COOKING OIL, HOUSEHOLD ITEMS","CANNED AND PACKAGED FOODS, FOOD STAPLES",0.012103450331824415,0.487620103473762,3.4214849874849924
"BISCUITS AND COOKIES, FOOD STAPLES","CANNED AND PACKAGED FOODS, PERSONAL CARE",0.014190252113173452,0.173052184126629,3.421142358365927
"CANNED AND PACKAGED FOODS, PERSONAL CARE","BISCUITS AND COOKIES, FOOD STAPLES",0.014190252113173452,0.28053313990388973,3.421142358365927
HOUSEHOLD ITEMS,"CANNED AND PACKAGED FOODS, CLEANING SUPPLIES",0.02186784811752134,0.1850357031977647,3.407485609639444
"CANNED AND PACKAGED FOODS, CLEANING SUPPLIES",HOUSEHOLD ITEMS,0.02186784811752134,0.4027027027027027,3.4074856096394437
"COOKING OIL, FOOD STAPLES","BISCUITS AND COOKIES, CLEANING SUPPLIES",0.013006966707485426,0.13083594759180658,3.4074387846482
"BISCUITS AND COOKIES, CLEANING SUPPLIES","COOKING OIL, FOOD STAPLES",0.013006966707485426,0.33874820831342567,3.4074387846482
"CLEANING SUPPLIES, PERSONAL CARE","BISCUITS AND COOKIES, FOOD STAPLES",0.012130968597072973,0.27924408783783783,3.4054221813243832
"BISCUITS AND COOKIES, FOOD STAPLES","CLEANING SUPPLIES, PERSONAL CARE",0.012130968597072973,0.14793892275854353,3.4054221813243832
"COOKING OIL, FOOD STAPLES","CANNED AND PACKAGED FOODS, TEA AND SPICES",0.020721253732164723,0.20843329027495847,3.4003867797741205
"CANNED AND PACKAGED FOODS, TEA AND SPICES","COOKING OIL, FOOD STAPLES",0.020721253732164723,0.33804713804713804,3.4003867797741205
HOUSEHOLD ITEMS,"CLEANING SUPPLIES, TEA AND SPICES",0.01531850098836436,0.12961813101521266,3.387456362479195
"CLEANING SUPPLIES, TEA AND SPICES",HOUSEHOLD ITEMS,0.01531850098836436,0.40033561069159773,3.387456362479195
CLEANING SUPPLIES,"BISCUITS AND COOKIES, PERSONAL CARE",0.015231359815077257,0.10732290589451912,3.384979666211958
"BISCUITS AND COOKIES, PERSONAL CARE",CLEANING SUPPLIES,0.015231359815077257,0.4803992477940113,3.384979666211958
"BISCUITS AND COOKIES, FOOD STAPLES, TEA AND SPICES",CLEANING SUPPLIES,0.012539156198259929,0.4800702370500439,3.382661397223385
CLEANING SUPPLIES,"BISCUITS AND COOKIES, FOOD STAPLES, TEA AND SPICES",0.012539156198259929,0.08835315408479834,3.3826613972233845
"BISCUITS AND COOKIES, CANNED AND PACKAGED FOODS","FOOD STAPLES, PERSONAL CARE",0.014190252113173452,0.2148611111111111,3.379331463848614
"FOOD STAPLES, PERSONAL CARE","BISCUITS AND COOKIES, CANNED AND PACKAGED FOODS",0.014190252113173452,0.22318401500396737,3.3793314638486134
"FOOD STAPLES, HOUSEHOLD ITEMS","BISCUITS AND COOKIES, CANNED AND PACKAGED FOODS",0.012681333902044149,0.22166105499438832,3.3562716283202394
"BISCUITS AND COOKIES, CANNED AND PACKAGED FOODS","FOOD STAPLES, HOUSEHOLD ITEMS",0.012681333902044149,0.1920138888888889,3.3562716283202394
"BISCUITS AND COOKIES, FOOD STAPLES","CLEANING SUPPLIES, HOUSEHOLD ITEMS",0.011878717832294518,0.14486268806980257,3.3483966838413592
"CLEANING SUPPLIES, HOUSEHOLD ITEMS","BISCUITS AND COOKIES, FOOD STAPLES",0.011878717832294518,0.2745680059366055,3.3483966838413592
CLEANING SUPPLIES,"FOOD STAPLES, POOJA ITEMS",0.010296417580502391,0.07255041365046536,3.3464511404921757
"FOOD STAPLES, POOJA ITEMS",CLEANING SUPPLIES,0.010296417580502391,0.474931246033425,3.3464511404921757
"COOKING OIL, FOOD STAPLES","BISCUITS AND COOKIES, TEA AND SPICES",0.011099033650252022,0.11164421479977855,3.3400891413692806
"BISCUITS AND COOKIES, TEA AND SPICES","COOKING OIL, FOOD STAPLES",0.011099033650252022,0.33205268935236004,3.3400891413692806
"CANNED AND PACKAGED FOODS, FOOD STAPLES, PERSONAL CARE",HOUSEHOLD ITEMS,0.013117039768479662,0.3930191012779992,3.3255474148304534
HOUSEHOLD ITEMS,"CANNED AND PACKAGED FOODS, FOOD STAPLES, PERSONAL CARE",0.013117039768479662,0.110990375659733,3.325547414830453
"CANNED AND PACKAGED FOODS, COOKING OIL","BISCUITS AND COOKIES, FOOD STAPLES",0.01394717410347785,0.2724910394265233,3.3230677757951153
"BISCUITS AND COOKIES, FOOD STAPLES","CANNED AND PACKAGED FOODS, COOKING OIL",0.01394717410347785,0.1700878125174786,3.323067775795115
"CANNED AND PACKAGED FOODS, COOKING OIL, FOOD STAPLES",TEA AND SPICES,0.020721253732164723,0.50022143489814,3.307258808929763
TEA AND SPICES,"CANNED AND PACKAGED FOODS, COOKING OIL, FOOD STAPLES",0.020721253732164723,0.13700042452544117,3.3072588089297628
"CANNED AND PACKAGED FOODS, FOOD STAPLES","BISCUITS AND COOKIES, HOUSEHOLD ITEMS",0.012681333902044149,0.08898114179056447,3.296717283362669
"BISCUITS AND COOKIES, HOUSEHOLD ITEMS","CANNED AND PACKAGED FOODS, FOOD STAPLES",0.012681333902044149,0.469838572642311,3.2967172833626686
"BISCUITS AND COOKIES, COOKING OIL","CANNED AND PACKAGED FOODS, FOOD STAPLES",0.01394717410347785,0.4682063125481139,3.285264200587408
"CANNED AND PACKAGED FOODS, FOOD STAPLES","BISCUITS AND COOKIES, COOKING OIL",0.01394717410347785,0.09786316534723563,3.285264200587408
HOUSEHOLD ITEMS,"BISCUITS AND COOKIES, CLEANING SUPPLIES",0.014882795121928846,0.125931387767774,3.2797064016629403
"BISCUITS AND COOKIES, CLEANING SUPPLIES",HOUSEHOLD ITEMS,0.014882795121928846,0.3876015289058767,3.27970640166294
"COOKING OIL, FOOD STAPLES, PERSONAL CARE",TEA AND SPICES,0.010190930897049583,0.4938875305623472,3.2653816332470886
TEA AND SPICES,"COOKING OIL, FOOD STAPLES, PERSONAL CARE",0.010190930897049583,0.06737825216811207,3.2653816332470886
"CANNED AND PACKAGED FOODS, TEA AND SPICES","BISCUITS AND COOKIES, FOOD STAPLES",0.01636878144535102,0.26704077815188926,3.2566010484872465
"BISCUITS AND COOKIES, FOOD STAPLES","CANNED AND PACKAGED FOODS, TEA AND SPICES",0.01636878144535102,0.19961966552939203,3.2566010484872465
"COOKING OIL, TEA AND SPICES","CANNED AND PACKAGED FOODS, FOOD STAPLES",0.020721253732164723,0.46305216767449003,3.249099101604003
"CANNED AND PACKAGED FOODS, FOOD STAPLES","COOKING OIL, TEA AND SPICES",0.020721253732164723,0.1453948638733346,3.2490991016040027
CLEANING SUPPLIES,"FOOD STAPLES, PERSONAL CARE",0.029311538867256477,0.2065343846949328,3.2483688693449513
"FOOD STAPLES, PERSONAL CARE",CLEANING SUPPLIES,0.029311538867256477,0.46101132511000503,3.248368869344951
"BISCUITS AND COOKIES, CLEANING SUPPLIES","FOOD STAPLES, TEA AND SPICES",0.012539156198259929,0.32656473960821786,3.242699523178659
"FOOD STAPLES, TEA AND SPICES","BISCUITS AND COOKIES, CLEANING SUPPLIES",0.012539156198259929,0.12451042900081974,3.242699523178659
"CLEANING SUPPLIES, NOODLES",BISCUITS AND COOKIES,0.010846782885473567,0.4921956295525495,3.2315594712502405
BISCUITS AND COOKIES,"CLEANING SUPPLIES, NOODLES",0.010846782885473567,0.07121563431599869,3.2315594712502405
"FOOD STAPLES, HOUSEHOLD ITEMS, TEA AND SPICES",COOKING OIL,0.010773400844810743,0.48724331051649034,3.2265404147204038
COOKING OIL,"FOOD STAPLES, HOUSEHOLD ITEMS, TEA AND SPICES",0.010773400844810743,0.07134179675636275,3.2265404147204033
NOODLES,"BISCUITS AND COOKIES, CANNED AND PACKAGED FOODS, FOOD STAPLES",0.013846273797566469,0.135813576859058,3.216290307116154
"BISCUITS AND COOKIES, CANNED AND PACKAGED FOODS, FOOD STAPLES",NOODLES,0.013846273797566469,0.32790268274139245,3.216290307116154
"COOKING OIL, PERSONAL CARE","CANNED AND PACKAGED FOODS, FOOD STAPLES",0.012030068291161591,0.458085923856095,3.214252448343032
"CANNED AND PACKAGED FOODS, FOOD STAPLES","COOKING OIL, PERSONAL CARE",0.012030068291161591,0.08441140503314667,3.214252448343032
"CANNED AND PACKAGED FOODS, COOKING OIL, FOOD STAPLES",CLEANING SUPPLIES,0.01885459807280416,0.4551594331266608,3.2071353839399475
CLEANING SUPPLIES,"CANNED AND PACKAGED FOODS, COOKING OIL, FOOD STAPLES",0.01885459807280416,0.1328528955532575,3.2071353839399475
"CLEANING SUPPLIES, TEA AND SPICES",COOKING OIL,0.018510619757197172,0.48375883974589473,3.2034661404870213
COOKING OIL,"CLEANING SUPPLIES, TEA AND SPICES",0.018510619757197172,0.12257790196197534,3.203466140487021
"PERSONAL CARE, TEA AND SPICES",HOUSEHOLD ITEMS,0.011034824364672052,0.3760550171928728,3.1820051142379078
HOUSEHOLD ITEMS,"PERSONAL CARE, TEA AND SPICES",0.011034824364672052,0.09337162371934182,3.1820051142379078
"CLEANING SUPPLIES, COOKING OIL, FOOD STAPLES",TEA AND SPICES,0.017015460678692147,0.47852444215142526,3.163807198537519
TEA AND SPICES,"CLEANING SUPPLIES, COOKING OIL, FOOD STAPLES",0.017015460678692147,0.11249924191885498,3.1638071985375187
PERSONAL CARE,"CLEANING SUPPLIES, HOUSEHOLD ITEMS",0.018570242665235718,0.13672587289795368,3.1603200624457886
"CLEANING SUPPLIES, HOUSEHOLD ITEMS",PERSONAL CARE,0.018570242665235718,0.4292377822537899,3.1603200624457886
"BISCUITS AND COOKIES, CLEANING SUPPLIES","CANNED AND PACKAGED FOODS, FOOD STAPLES",0.017267711443470602,0.4497133301481127,3.155504452774154
"CANNED AND PACKAGED FOODS, FOOD STAPLES","BISCUITS AND COOKIES, CLEANING SUPPLIES",0.017267711443470602,0.12116238656111218,3.155504452774154
"FOOD STAPLES, TEA AND SPICES","CANNED AND PACKAGED FOODS, HOUSEHOLD ITEMS",0.014162733847924894,0.14063211585754623,3.15527934196664
"CANNED AND PACKAGED FOODS, HOUSEHOLD ITEMS","FOOD STAPLES, TEA AND SPICES",0.014162733847924894,0.31776085614323935,3.1552793419666396
POOJA ITEMS,"CLEANING SUPPLIES, FOOD STAPLES",0.010296417580502391,0.26719828612235186,3.1469298715097085
"CLEANING SUPPLIES, FOOD STAPLES",POOJA ITEMS,0.010296417580502391,0.12126613730891805,3.146929871509708
"CANNED AND PACKAGED FOODS, FOOD STAPLES","BISCUITS AND COOKIES, PERSONAL CARE",0.014190252113173452,0.09956877132007466,3.140413162493146
"BISCUITS AND COOKIES, PERSONAL CARE","CANNED AND PACKAGED FOODS, FOOD STAPLES",0.014190252113173452,0.4475625632865615,3.140413162493146
PERSONAL CARE,"CANNED AND PACKAGED FOODS, FOOD STAPLES, HOUSEHOLD ITEMS",0.013117039768479662,0.09657594381035997,3.1349008576119486
"CANNED AND PACKAGED FOODS, FOOD STAPLES, HOUSEHOLD ITEMS",PERSONAL CARE,0.013117039768479662,0.4257853208277505,3.134900857611948
"CANNED AND PACKAGED FOODS, FOOD STAPLES, NOODLES",BISCUITS AND COOKIES,0.013846273797566469,0.4744617318874745,3.1151257982941156
BISCUITS AND COOKIES,"CANNED AND PACKAGED FOODS, FOOD STAPLES, NOODLES",0.013846273797566469,0.09090909090909091,3.115125798294115
HOUSEHOLD ITEMS,"CLEANING SUPPLIES, COOKING OIL, FOOD STAPLES",0.013075762370606824,0.11064110524681776,3.1115509692635634
"CLEANING SUPPLIES, COOKING OIL, FOOD STAPLES",HOUSEHOLD ITEMS,0.013075762370606824,0.36772862117889854,3.1115509692635634
"COOKING OIL, FOOD STAPLES, TEA AND SPICES",CLEANING SUPPLIES,0.017015460678692147,0.4412989175686927,3.109471693702335
CLEANING SUPPLIES,"COOKING OIL, FOOD STAPLES, TEA AND SPICES",0.017015460678692147,0.1198940020682523,3.109471693702335
PERSONAL CARE,"BISCUITS AND COOKIES, CLEANING SUPPLIES, FOOD STAPLES",0.012130968597072973,0.0893158641183224,3.1019692680418385
"BISCUITS AND COOKIES, CLEANING SUPPLIES, FOOD STAPLES",PERSONAL CARE,0.012130968597072973,0.4213125199107996,3.1019692680418385
"COOKING OIL, HOUSEHOLD ITEMS",TEA AND SPICES,0.01164481257768177,0.46914264597191424,3.101778613008013
TEA AND SPICES,"COOKING OIL, HOUSEHOLD ITEMS",0.01164481257768177,0.07699072108678512,3.101778613008013
TEA AND SPICES,"CANNED AND PACKAGED FOODS, CLEANING SUPPLIES, HOUSEHOLD ITEMS",0.010250553805088127,0.06777245436351506,3.099182599005397
"CANNED AND PACKAGED FOODS, CLEANING SUPPLIES, HOUSEHOLD ITEMS",TEA AND SPICES,0.010250553805088127,0.46875,3.099182599005397
"CANNED AND PACKAGED FOODS, CLEANING SUPPLIES, FOOD STAPLES",TEA AND SPICES,0.01913436710283117,0.468606087835561,3.0982311108436598
TEA AND SPICES,"CANNED AND PACKAGED FOODS, CLEANING SUPPLIES, FOOD STAPLES",0.01913436710283117,0.12650858147856145,3.0982311108436593
"CANNED AND PACKAGED FOODS, CLEANING SUPPLIES, FOOD STAPLES",PERSONAL CARE,0.017171397515100648,0.42053240480736825,3.0962255671974117
PERSONAL CARE,"CANNED AND PACKAGED FOODS, CLEANING SUPPLIES, FOOD STAPLES",0.017171397515100648,0.12642669007901666,3.0962255671974113
"COOKING OIL, FOOD STAPLES","CLEANING SUPPLIES, PERSONAL CARE",0.013323426757843853,0.13401919173279203,3.0850023762502934
"CLEANING SUPPLIES, PERSONAL CARE","COOKING OIL, FOOD STAPLES",0.013323426757843853,0.30669341216216217,3.085002376250293
PERSONAL CARE,"BISCUITS AND COOKIES, HOUSEHOLD ITEMS",0.011296247884533359,0.08317012223948132,3.0814212307102444
"BISCUITS AND COOKIES, HOUSEHOLD ITEMS",PERSONAL CARE,0.011296247884533359,0.41852166525063716,3.081421230710244
"CLEANING SUPPLIES, FOOD STAPLES","BISCUITS AND COOKIES, CANNED AND PACKAGED FOODS",0.017267711443470602,0.20337060444012314,3.07932753335494
"BISCUITS AND COOKIES, CANNED AND PACKAGED FOODS","CLEANING SUPPLIES, FOOD STAPLES",0.017267711443470602,0.26145833333333335,3.07932753335494
"CLEANING SUPPLIES, HOUSEHOLD ITEMS","FOOD STAPLES, TEA AND SPICES",0.013373876910799543,0.3091275310081628,3.0695527588317146
"FOOD STAPLES, TEA AND SPICES","CLEANING SUPPLIES, HOUSEHOLD ITEMS",0.013373876910799543,0.13279897987066216,3.0695527588317146
PERSONAL CARE,"CLEANING SUPPLIES, FOOD STAPLES, TEA AND SPICES",0.013318840380302425,0.09806172756128857,3.060999984578479
"CLEANING SUPPLIES, FOOD STAPLES, TEA AND SPICES",PERSONAL CARE,0.013318840380302425,0.415748031496063,3.060999984578479
COOKING OIL,"FOOD STAPLES, RICE",0.014924072519801684,0.09882767417846079,3.060808181086514
"FOOD STAPLES, RICE",COOKING OIL,0.014924072519801684,0.4622159090909091,3.0608081810865135
"CANNED AND PACKAGED FOODS, CLEANING SUPPLIES, FOOD STAPLES",COOKING OIL,0.01885459807280416,0.4617544647871504,3.0577524825000277
COOKING OIL,"CANNED AND PACKAGED FOODS, CLEANING SUPPLIES, FOOD STAPLES",0.01885459807280416,0.1248557371074531,3.0577524825000277
TEA AND SPICES,"CLEANING SUPPLIES, FOOD STAPLES, HOUSEHOLD ITEMS",0.013373876910799543,0.088422584753472,3.0553716500622463
"CLEANING SUPPLIES, FOOD STAPLES, HOUSEHOLD ITEMS",TEA AND SPICES,0.013373876910799543,0.4621236133122028,3.0553716500622463
"FOOD STAPLES, TEA AND SPICES","CLEANING SUPPLIES, PERSONAL CARE",0.013318840380302425,0.13225248201111212,3.044334292679144
"CLEANING SUPPLIES, PERSONAL CARE","FOOD STAPLES, TEA AND SPICES",0.013318840380302425,0.30658783783783783,3.044334292679144
"COOKING OIL, FOOD STAPLES","CLEANING SUPPLIES, HOUSEHOLD ITEMS",0.013075762370606824,0.131527957187673,3.0401739850873164
"CLEANING SUPPLIES, HOUSEHOLD ITEMS","COOKING OIL, FOOD STAPLES",0.013075762370606824,0.30223682815647196,3.0401739850873164
TEA AND SPICES,"CANNED AND PACKAGED FOODS, FOOD STAPLES, HOUSEHOLD ITEMS",0.014162733847924894,0.09363818303111164,3.0395397519062812
"CANNED AND PACKAGED FOODS, FOOD STAPLES, HOUSEHOLD ITEMS",TEA AND SPICES,0.014162733847924894,0.45972904570492784,3.0395397519062812
"COOKING OIL, TEA AND SPICES","BISCUITS AND COOKIES, FOOD STAPLES",0.011099033650252022,0.2480270574971815,3.024725965407068
"BISCUITS AND COOKIES, FOOD STAPLES","COOKING OIL, TEA AND SPICES",0.011099033650252022,0.13535432630460317,3.0247259654070677
"BISCUITS AND COOKIES, PERSONAL CARE",HOUSEHOLD ITEMS,0.011296247884533359,0.3562852596557211,3.0147224914449886
HOUSEHOLD ITEMS,"BISCUITS AND COOKIES, PERSONAL CARE",0.011296247884533359,0.09558366966780503,3.0147224914449886
TEA AND SPICES,"BISCUITS AND COOKIES, COOKING OIL, FOOD STAPLES",0.011099033650252022,0.0733822548365577,3.0143268081760612
"BISCUITS AND COOKIES, COOKING OIL, FOOD STAPLES",TEA AND SPICES,0.011099033650252022,0.4559155990957046,3.014326808176061
COOKING OIL,"CLEANING SUPPLIES, FOOD STAPLES, PERSONAL CARE",0.013323426757843853,0.08822814796817106,3.0100141916032097
"CLEANING SUPPLIES, FOOD STAPLES, PERSONAL CARE",COOKING OIL,0.013323426757843853,0.45454545454545453,3.0100141916032093
"CANNED AND PACKAGED FOODS, FOOD STAPLES","CLEANING SUPPLIES, COOKING OIL",0.01885459807280416,0.13229709725172173,3.006635625752934
"CLEANING SUPPLIES, COOKING OIL","CANNED AND PACKAGED FOODS, FOOD STAPLES",0.01885459807280416,0.4284969772774651,3.0066356257529336
TEA AND SPICES,"CLEANING SUPPLIES, FOOD STAPLES, PERSONAL CARE",0.013318840380302425,0.08805870580386924,3.004233459139139
"CLEANING SUPPLIES, FOOD STAPLES, PERSONAL CARE",TEA AND SPICES,0.013318840380302425,0.4543889845094664,3.004233459139139
"CANNED AND PACKAGED FOODS, PERSONAL CARE",CLEANING SUPPLIES,0.021537628934538634,0.4257865626983407,3.000168846014029
CLEANING SUPPLIES,"CANNED AND PACKAGED FOODS, PERSONAL CARE",0.021537628934538634,0.1517580144777663,3.000168846014029
"BISCUITS AND COOKIES, TEA AND SPICES",CLEANING SUPPLIES,0.01423152951104629,0.425768386388584,3.000040772460176
CLEANING SUPPLIES,"BISCUITS AND COOKIES, TEA AND SPICES",0.01423152951104629,0.10027792140641158,3.0000407724601756
"CANNED AND PACKAGED FOODS, FOOD STAPLES","BISCUITS AND COOKIES, NOODLES",0.013846273797566469,0.0971551779622836,2.9949701028364806
"BISCUITS AND COOKIES, NOODLES","CANNED AND PACKAGED FOODS, FOOD STAPLES",0.013846273797566469,0.42683444083133043,2.9949701028364806
"CLEANING SUPPLIES, FOOD STAPLES, HOUSEHOLD ITEMS",COOKING OIL,0.013075762370606824,0.4518225039619651,2.9919827278246673
COOKING OIL,"CLEANING SUPPLIES, FOOD STAPLES, HOUSEHOLD ITEMS",0.013075762370606824,0.08658810666342709,2.9919827278246673
"BISCUITS AND COOKIES, CLEANING SUPPLIES, FOOD STAPLES",COOKING OIL,0.013006966707485426,0.4517362217266645,2.9914113641686435
COOKING OIL,"BISCUITS AND COOKIES, CLEANING SUPPLIES, FOOD STAPLES",0.013006966707485426,0.08613253963433153,2.9914113641686435
"FOOD STAPLES, PERSONAL CARE, TEA AND SPICES",COOKING OIL,0.010190930897049583,0.44395604395604393,2.9398907840625634
COOKING OIL,"FOOD STAPLES, PERSONAL CARE, TEA AND SPICES",0.010190930897049583,0.06748466257668712,2.939890784062563
PERSONAL CARE,"CLEANING SUPPLIES, TEA AND SPICES",0.015258878080325815,0.11234551225771593,2.9360515948862047
"CLEANING SUPPLIES, TEA AND SPICES",PERSONAL CARE,0.015258878080325815,0.3987774181948939,2.9360515948862047
"HOUSEHOLD ITEMS, TEA AND SPICES",PERSONAL CARE,0.011034824364672052,0.39814661591924544,2.9314072295260525
PERSONAL CARE,"HOUSEHOLD ITEMS, TEA AND SPICES",0.011034824364672052,0.08124535692577835,2.9314072295260525
TEA AND SPICES,"CANNED AND PACKAGED FOODS, COOKING OIL",0.02265670505464669,0.14979683425313844,2.926635515237594
"CANNED AND PACKAGED FOODS, COOKING OIL",TEA AND SPICES,0.02265670505464669,0.44265232974910396,2.926635515237594
CLEANING SUPPLIES,"CANNED AND PACKAGED FOODS, COOKING OIL",0.021221168884180207,0.14952817993795242,2.921386717664098
"CANNED AND PACKAGED FOODS, COOKING OIL",CLEANING SUPPLIES,0.021221168884180207,0.41460573476702506,2.9213867176640975
PERSONAL CARE,"BISCUITS AND COOKIES, CLEANING SUPPLIES",0.015231359815077257,0.11214290538258931,2.9206047134380824
"BISCUITS AND COOKIES, CLEANING SUPPLIES",PERSONAL CARE,0.015231359815077257,0.39667940754897274,2.920604713438082
"CANNED AND PACKAGED FOODS, CLEANING SUPPLIES",PERSONAL CARE,0.021537628934538634,0.3966216216216216,2.92017925688909
PERSONAL CARE,"CANNED AND PACKAGED FOODS, CLEANING SUPPLIES",0.021537628934538634,0.15857364759910852,2.9201792568890896
HOUSEHOLD ITEMS,"CLEANING SUPPLIES, COOKING OIL",0.015185496039662993,0.12849270412915245,2.920175498249741
"CLEANING SUPPLIES, COOKING OIL",HOUSEHOLD ITEMS,0.015185496039662993,0.3451115280383573,2.9201754982497405
"CANNED AND PACKAGED FOODS, FOOD STAPLES, PERSONAL CARE",TEA AND SPICES,0.014717685530437494,0.4409784251752095,2.9155683452582677
TEA AND SPICES,"CANNED AND PACKAGED FOODS, FOOD STAPLES, PERSONAL CARE",0.014717685530437494,0.09730729577293952,2.9155683452582677
"COOKING OIL, TEA AND SPICES",CLEANING SUPPLIES,0.018510619757197172,0.41365173721430765,2.914664679000646
CLEANING SUPPLIES,"COOKING OIL, TEA AND SPICES",0.018510619757197172,0.13042916235780763,2.9146646790006456
NOODLES,"BISCUITS AND COOKIES, CANNED AND PACKAGED FOODS",0.019593004856973815,0.19218138467767332,2.909906428539296
"BISCUITS AND COOKIES, CANNED AND PACKAGED FOODS",NOODLES,0.019593004856973815,0.2966666666666667,2.909906428539296
HOUSEHOLD ITEMS,"CANNED AND PACKAGED FOODS, PERSONAL CARE",0.017368611749381986,0.1469652281900031,2.905418211883553
"CANNED AND PACKAGED FOODS, PERSONAL CARE",HOUSEHOLD ITEMS,0.017368611749381986,0.34336748571946685,2.905418211883553
"FOOD STAPLES, TEA AND SPICES","CANNED AND PACKAGED FOODS, PERSONAL CARE",0.014717685530437494,0.14614263594134255,2.889156035247303
"CANNED AND PACKAGED FOODS, PERSONAL CARE","FOOD STAPLES, TEA AND SPICES",0.014717685530437494,0.2909601958473116,2.8891560352473027
HOUSEHOLD ITEMS,"CLEANING SUPPLIES, FOOD STAPLES",0.028940042286400933,0.2448773672772431,2.8840450780007703
"CLEANING SUPPLIES, FOOD STAPLES",HOUSEHOLD ITEMS,0.028940042286400933,0.3408415707880949,2.8840450780007703
"BISCUITS AND COOKIES, CANNED AND PACKAGED FOODS, FOOD STAPLES",CLEANING SUPPLIES,0.017267711443470602,0.40892798957315085,2.8813803019183393
CLEANING SUPPLIES,"BISCUITS AND COOKIES, CANNED AND PACKAGED FOODS, FOOD STAPLES",0.017267711443470602,0.1216714064115822,2.8813803019183393
TEA AND SPICES,"BISCUITS AND COOKIES, CLEANING SUPPLIES, FOOD STAPLES",0.012539156198259929,0.08290375401783007,2.879274580246195
"BISCUITS AND COOKIES, CLEANING SUPPLIES, FOOD STAPLES",TEA AND SPICES,0.012539156198259929,0.43548900923861106,2.879274580246195
"CANNED AND PACKAGED FOODS, HOUSEHOLD ITEMS",PERSONAL CARE,0.017368611749381986,0.38968923646840914,2.8691386523894953
PERSONAL CARE,"CANNED AND PACKAGED FOODS, HOUSEHOLD ITEMS",0.017368611749381986,0.12787870601742418,2.8691386523894953
COOKING OIL,"CANNED AND PACKAGED FOODS, FOOD STAPLES, TEA AND SPICES",0.020721253732164723,0.13721678916357893,2.8583488161707518
"CANNED AND PACKAGED FOODS, FOOD STAPLES, TEA AND SPICES",COOKING OIL,0.020721253732164723,0.4316423043852106,2.8583488161707518
TEA AND SPICES,"COOKING OIL, PERSONAL CARE",0.011264143241743374,0.074473891685366,2.8358476984635255
"COOKING OIL, PERSONAL CARE",TEA AND SPICES,0.011264143241743374,0.4289207125392945,2.8358476984635255
"CLEANING SUPPLIES, HOUSEHOLD ITEMS","CANNED AND PACKAGED FOODS, FOOD STAPLES",0.017382370882006264,0.4017809816601293,2.8191774441085675
"CANNED AND PACKAGED FOODS, FOOD STAPLES","CLEANING SUPPLIES, HOUSEHOLD ITEMS",0.017382370882006264,0.12196691768037587,2.819177444108567
"BISCUITS AND COOKIES, FOOD STAPLES, TEA AND SPICES",COOKING OIL,0.011099033650252022,0.42493415276558383,2.813927226706846
COOKING OIL,"BISCUITS AND COOKIES, FOOD STAPLES, TEA AND SPICES",0.011099033650252022,0.07349814736074835,2.813927226706846
CLEANING SUPPLIES,"CANNED AND PACKAGED FOODS, FOOD STAPLES, TEA AND SPICES",0.01913436710283117,0.13482419855222336,2.8085090073307657
"CANNED AND PACKAGED FOODS, FOOD STAPLES, TEA AND SPICES",CLEANING SUPPLIES,0.01913436710283117,0.3985860322919652,2.8085090073307657
"CANNED AND PACKAGED FOODS, FOOD STAPLES, PERSONAL CARE",BISCUITS AND COOKIES,0.014190252113173452,0.42517520956438093,2.79153022276458
BISCUITS AND COOKIES,"CANNED AND PACKAGED FOODS, FOOD STAPLES, PERSONAL CARE",0.014190252113173452,0.09316751483031709,2.7915302227645795
COOKING OIL,"HOUSEHOLD ITEMS, TEA AND SPICES",0.01164481257768177,0.0771123124582397,2.7822831824354144
"HOUSEHOLD ITEMS, TEA AND SPICES",COOKING OIL,0.01164481257768177,0.4201555518782062,2.7822831824354144
TEA AND SPICES,"CLEANING SUPPLIES, COOKING OIL",0.018510619757197172,0.12238462004973011,2.781360788178341
"CLEANING SUPPLIES, COOKING OIL",TEA AND SPICES,0.018510619757197172,0.42067959141129874,2.781360788178341
HOUSEHOLD ITEMS,"FOOD STAPLES, PERSONAL CARE",0.020863431435948945,0.17653678981682708,2.776567268361215
"FOOD STAPLES, PERSONAL CARE",HOUSEHOLD ITEMS,0.020863431435948945,0.3281396523119094,2.776567268361215
"CANNED AND PACKAGED FOODS, CLEANING SUPPLIES, FOOD STAPLES",BISCUITS AND COOKIES,0.017267711443470602,0.42289116028305057,2.7765340695183687
BISCUITS AND COOKIES,"CANNED AND PACKAGED FOODS, CLEANING SUPPLIES, FOOD STAPLES",0.017267711443470602,0.11337288084555391,2.7765340695183687
"CANNED AND PACKAGED FOODS, FOOD STAPLES","CLEANING SUPPLIES, PERSONAL CARE",0.017171397515100648,0.12048658042093069,2.77349372204798
"CLEANING SUPPLIES, PERSONAL CARE","CANNED AND PACKAGED FOODS, FOOD STAPLES",0.017171397515100648,0.3952702702702703,2.77349372204798
"CLEANING SUPPLIES, FOOD STAPLES",COOKING OIL,0.035558185078679305,0.41878679846594286,2.7732192546048346
COOKING OIL,"CLEANING SUPPLIES, FOOD STAPLES",0.035558185078679305,0.23546741177185204,2.7732192546048346
"BISCUITS AND COOKIES, CLEANING SUPPLIES",NOODLES,0.010846782885473567,0.28248924988055424,2.7708447782719157
NOODLES,"BISCUITS AND COOKIES, CLEANING SUPPLIES",0.010846782885473567,0.106392550272167,2.770844778271915
"CLEANING SUPPLIES, COOKING OIL, FOOD STAPLES",PERSONAL CARE,0.013323426757843853,0.37469366696762546,2.758731784447226
PERSONAL CARE,"CLEANING SUPPLIES, COOKING OIL, FOOD STAPLES",0.013323426757843853,0.09809549537380968,2.758731784447226
"CANNED AND PACKAGED FOODS, FOOD STAPLES","HOUSEHOLD ITEMS, PERSONAL CARE",0.013117039768479662,0.0920383600437665,2.74788003681538
"HOUSEHOLD ITEMS, PERSONAL CARE","CANNED AND PACKAGED FOODS, FOOD STAPLES",0.013117039768479662,0.3916198822401753,2.7478800368153795
"CANNED AND PACKAGED FOODS, HOUSEHOLD ITEMS","COOKING OIL, FOOD STAPLES",0.012103450331824415,0.2715579337312204,2.7315776525629314
"COOKING OIL, FOOD STAPLES","CANNED AND PACKAGED FOODS, HOUSEHOLD ITEMS",0.012103450331824415,0.12174755489942793,2.7315776525629314
"CANNED AND PACKAGED FOODS, CONFECTIONERY, FOOD STAPLES",BISCUITS AND COOKIES,0.011562257781936093,0.41422937890239897,2.719664280398156
BISCUITS AND COOKIES,"CANNED AND PACKAGED FOODS, CONFECTIONERY, FOOD STAPLES",0.011562257781936093,0.07591315607214912,2.7196642803981557
BISCUITS AND COOKIES,"CLEANING SUPPLIES, FOOD STAPLES, PERSONAL CARE",0.012130968597072973,0.07964708362190973,2.7172603930011467
"CLEANING SUPPLIES, FOOD STAPLES, PERSONAL CARE",BISCUITS AND COOKIES,0.012130968597072973,0.41386324518854634,2.7172603930011467
"CLEANING SUPPLIES, FOOD STAPLES","CANNED AND PACKAGED FOODS, NOODLES",0.011053169874837758,0.13017879328039758,2.715113215083035
"CANNED AND PACKAGED FOODS, NOODLES","CLEANING SUPPLIES, FOOD STAPLES",0.011053169874837758,0.23053376697914676,2.715113215083035
BISCUITS AND COOKIES,"CANNED AND PACKAGED FOODS, FOOD STAPLES, HOUSEHOLD ITEMS",0.012681333902044149,0.08326056189587161,2.702677256824499
"CANNED AND PACKAGED FOODS, FOOD STAPLES, HOUSEHOLD ITEMS",BISCUITS AND COOKIES,0.012681333902044149,0.41164210212892666,2.702677256824499
"BISCUITS AND COOKIES, COOKING OIL",TEA AND SPICES,0.01214931410723868,0.40785219399538103,2.696551301539538
TEA AND SPICES,"BISCUITS AND COOKIES, COOKING OIL",0.01214931410723868,0.08032627812481047,2.696551301539538
"CLEANING SUPPLIES, FOOD STAPLES, HOUSEHOLD ITEMS",BISCUITS AND COOKIES,0.011878717832294518,0.410459587955626,2.694913342138602
BISCUITS AND COOKIES,"CLEANING SUPPLIES, FOOD STAPLES, HOUSEHOLD ITEMS",0.011878717832294518,0.0779909060796772,2.6949133421386016
"FOOD STAPLES, HOUSEHOLD ITEMS",PERSONAL CARE,0.020863431435948945,0.364678531345198,2.684994021034407
PERSONAL CARE,"FOOD STAPLES, HOUSEHOLD ITEMS",0.020863431435948945,0.1536097791585061,2.6849940210344068
"CANNED AND PACKAGED FOODS, NOODLES",BISCUITS AND COOKIES,0.019593004856973815,0.4086474076908361,2.6830152919596144
BISCUITS AND COOKIES,"CANNED AND PACKAGED FOODS, NOODLES",0.019593004856973815,0.12863982655304285,2.683015291959614
BISCUITS AND COOKIES,"FOOD STAPLES, NOODLES",0.020744185619871857,0.13619801860941314,2.681615259485336
"FOOD STAPLES, NOODLES",BISCUITS AND COOKIES,0.020744185619871857,0.4084341701282283,2.6816152594853357
CLEANING SUPPLIES,"CANNED AND PACKAGED FOODS, FOOD STAPLES, NOODLES",0.011053169874837758,0.07788262668045502,2.668755975723145
"CANNED AND PACKAGED FOODS, FOOD STAPLES, NOODLES",CLEANING SUPPLIES,0.011053169874837758,0.3787521609303788,2.668755975723145
NOODLES,"CANNED AND PACKAGED FOODS, CLEANING SUPPLIES, FOOD STAPLES",0.011053169874837758,0.10841693283548519,2.6551614944008404
"CANNED AND PACKAGED FOODS, CLEANING SUPPLIES, FOOD STAPLES",NOODLES,0.011053169874837758,0.2706952712568797,2.6551614944008404
"CANNED AND PACKAGED FOODS, FOOD STAPLES","BISCUITS AND COOKIES, CONFECTIONERY",0.011562257781936093,0.08112891806655081,2.644506788529906
"BISCUITS AND COOKIES, CONFECTIONERY","CANNED AND PACKAGED FOODS, FOOD STAPLES",0.011562257781936093,0.37688742711915085,2.644506788529906
"CLEANING SUPPLIES, COOKING OIL",PERSONAL CARE,0.015561578998059962,0.35365853658536583,2.6038578490397586
PERSONAL CARE,"CLEANING SUPPLIES, COOKING OIL",0.015561578998059962,0.11457418788410886,2.6038578490397586
"CANNED AND PACKAGED FOODS, CLEANING SUPPLIES",TEA AND SPICES,0.021381692098130133,0.39375,2.6033133831645334
TEA AND SPICES,"CANNED AND PACKAGED FOODS, CLEANING SUPPLIES",0.021381692098130133,0.14136697192067438,2.6033133831645334
"CANNED AND PACKAGED FOODS, FOOD STAPLES, HOUSEHOLD ITEMS",COOKING OIL,0.012103450331824415,0.39288372785469705,2.601688312283745
COOKING OIL,"CANNED AND PACKAGED FOODS, FOOD STAPLES, HOUSEHOLD ITEMS",0.012103450331824415,0.08014942598554334,2.601688312283745
COOKING OIL,"CANNED AND PACKAGED FOODS, CLEANING SUPPLIES",0.021221168884180207,0.14052724290833993,2.587849532263996
"CANNED AND PACKAGED FOODS, CLEANING SUPPLIES",COOKING OIL,0.021221168884180207,0.3907939189189189,2.587849532263996
HOUSEHOLD ITEMS,POOJA ITEMS,0.01175947201621743,0.0995032598571872,2.5821699916069423
POOJA ITEMS,HOUSEHOLD ITEMS,0.01175947201621743,0.30516543680076175,2.5821699916069423
HOUSEHOLD ITEMS,CLEANING SUPPLIES,0.043263299348275754,0.36607420055883266,2.579424782421348
CLEANING SUPPLIES,HOUSEHOLD ITEMS,0.043263299348275754,0.3048410031023785,2.579424782421348
"BISCUITS AND COOKIES, FOOD STAPLES","CANNED AND PACKAGED FOODS, CONFECTIONERY",0.011562257781936093,0.14100341182392753,2.5763815389134073
"CANNED AND PACKAGED FOODS, CONFECTIONERY","BISCUITS AND COOKIES, FOOD STAPLES",0.011562257781936093,0.2112628844381128,2.576381538913407
BISCUITS AND COOKIES,"CLEANING SUPPLIES, FOOD STAPLES, TEA AND SPICES",0.012539156198259929,0.08232708000843146,2.5698424543734246
"CLEANING SUPPLIES, FOOD STAPLES, TEA AND SPICES",BISCUITS AND COOKIES,0.012539156198259929,0.3914101646385111,2.569842454373424
"COOKING OIL, FOOD STAPLES",TEA AND SPICES,0.03855767599077221,0.38784831149658605,2.5642938411602016
TEA AND SPICES,"COOKING OIL, FOOD STAPLES",0.03855767599077221,0.25492752744253744,2.5642938411602016
"BISCUITS AND COOKIES, CANNED AND PACKAGED FOODS, FOOD STAPLES",TEA AND SPICES,0.01636878144535102,0.3876398392527425,2.5629155082524777
TEA AND SPICES,"BISCUITS AND COOKIES, CANNED AND PACKAGED FOODS, FOOD STAPLES",0.01636878144535102,0.10822366426102249,2.5629155082524777
POOJA ITEMS,CLEANING SUPPLIES,0.014002210633974967,0.3633658652701738,2.560341363944961
CLEANING SUPPLIES,POOJA ITEMS,0.014002210633974967,0.09866209927611168,2.560341363944961
"FOOD STAPLES, HOUSEHOLD ITEMS",TEA AND SPICES,0.02211092612721694,0.3864838864838865,2.5552728230119217
TEA AND SPICES,"FOOD STAPLES, HOUSEHOLD ITEMS",0.02211092612721694,0.14618836800291102,2.5552728230119213
BISCUITS AND COOKIES,"CANNED AND PACKAGED FOODS, CLEANING SUPPLIES",0.021124854955810252,0.13869734108223675,2.554151364657741
"CANNED AND PACKAGED FOODS, CLEANING SUPPLIES",BISCUITS AND COOKIES,0.021124854955810252,0.38902027027027025,2.554151364657741
"BISCUITS AND COOKIES, CLEANING SUPPLIES",COOKING OIL,0.014740617418144628,0.3838987099856665,2.5421892434290463
COOKING OIL,"BISCUITS AND COOKIES, CLEANING SUPPLIES",0.014740617418144628,0.09761282876753934,2.542189243429046
COOKING OIL,"PERSONAL CARE, TEA AND SPICES",0.011264143241743374,0.07459150823057767,2.5419988559034796
"PERSONAL CARE, TEA AND SPICES",COOKING OIL,0.011264143241743374,0.38386995936230073,2.5419988559034796
PERSONAL CARE,"CLEANING SUPPLIES, FOOD STAPLES",0.029311538867256477,0.2158100898223813,2.541704994036761
"CLEANING SUPPLIES, FOOD STAPLES",PERSONAL CARE,0.029311538867256477,0.34521687462863937,2.541704994036761
HOUSEHOLD ITEMS,"BISCUITS AND COOKIES, CANNED AND PACKAGED FOODS, FOOD STAPLES",0.012681333902044149,0.10730363241229432,2.54112763118056
"BISCUITS AND COOKIES, CANNED AND PACKAGED FOODS, FOOD STAPLES",HOUSEHOLD ITEMS,0.012681333902044149,0.3003149777343326,2.54112763118056
COOKING OIL,"FOOD STAPLES, TEA AND SPICES",0.03855767599077221,0.2553301342404179,2.5353591620082883
"FOOD STAPLES, TEA AND SPICES",COOKING OIL,0.03855767599077221,0.3828672921031059,2.5353591620082883
CLEANING SUPPLIES,"COOKING OIL, FOOD STAPLES",0.035558185078679305,0.25054937952430195,2.52025443178355
"COOKING OIL, FOOD STAPLES",CLEANING SUPPLIES,0.035558185078679305,0.35767669311681116,2.5202544317835494
HOUSEHOLD ITEMS,"CANNED AND PACKAGED FOODS, FOOD STAPLES, TEA AND SPICES",0.014162733847924894,0.11983855945358585,2.4963447012115694
"CANNED AND PACKAGED FOODS, FOOD STAPLES, TEA AND SPICES",HOUSEHOLD ITEMS,0.014162733847924894,0.29502245151428297,2.4963447012115694
TEA AND SPICES,"CLEANING SUPPLIES, FOOD STAPLES",0.03203584712686379,0.21180787191460973,2.494568841821734
"CLEANING SUPPLIES, FOOD STAPLES",TEA AND SPICES,0.03203584712686379,0.37730243612596553,2.4945688418217338
"CANNED AND PACKAGED FOODS, PERSONAL CARE",NOODLES,0.012846443493535501,0.2539668147610844,2.491077528906499
NOODLES,"CANNED AND PACKAGED FOODS, PERSONAL CARE",0.012846443493535501,0.126006567996761,2.491077528906499
"BISCUITS AND COOKIES, FOOD STAPLES",NOODLES,0.020744185619871857,0.2529783544940992,2.481382045023614
NOODLES,"BISCUITS AND COOKIES, FOOD STAPLES",0.020744185619871857,0.20347294075307032,2.481382045023614
PERSONAL CARE,"BISCUITS AND COOKIES, CANNED AND PACKAGED FOODS, FOOD STAPLES",0.014190252113173452,0.1044776119402985,2.474202788598552
"BISCUITS AND COOKIES, CANNED AND PACKAGED FOODS, FOOD STAPLES",PERSONAL CARE,0.014190252113173452,0.3360486586293038,2.4742027885985514
CLEANING SUPPLIES,"BISCUITS AND COOKIES, FOOD STAPLES",0.028793278205075285,0.202882626680455,2.474183079228501
"BISCUITS AND COOKIES, FOOD STAPLES",CLEANING SUPPLIES,0.028793278205075285,0.35113820683483415,2.4741830792285007
HOUSEHOLD ITEMS,"CANNED AND PACKAGED FOODS, COOKING OIL, FOOD STAPLES",0.012103450331824415,0.10241384663148091,2.4723215099632645
"CANNED AND PACKAGED FOODS, COOKING OIL, FOOD STAPLES",HOUSEHOLD ITEMS,0.012103450331824415,0.2921833480956599,2.472321509963264
NOODLES,"CANNED AND PACKAGED FOODS, CLEANING SUPPLIES",0.013685750583616542,0.1342390570875883,2.4720507846458184
"CANNED AND PACKAGED FOODS, CLEANING SUPPLIES",NOODLES,0.013685750583616542,0.252027027027027,2.472050784645818
"CANNED AND PACKAGED FOODS, HOUSEHOLD ITEMS",NOODLES,0.011227452221411962,0.25190368388557316,2.470840952060764
NOODLES,"CANNED AND PACKAGED FOODS, HOUSEHOLD ITEMS",0.011227452221411962,0.11012641144450944,2.470840952060764
"FOOD STAPLES, TEA AND SPICES","BISCUITS AND COOKIES, CANNED AND PACKAGED FOODS",0.01636878144535102,0.16253757172784405,2.461055869918329
"BISCUITS AND COOKIES, CANNED AND PACKAGED FOODS","FOOD STAPLES, TEA AND SPICES",0.01636878144535102,0.24784722222222225,2.461055869918329
CLEANING SUPPLIES,"CANNED AND PACKAGED FOODS, TEA AND SPICES",0.021381692098130133,0.15065925542916234,2.4578594894132637
"CANNED AND PACKAGED FOODS, TEA AND SPICES",CLEANING SUPPLIES,0.021381692098130133,0.3488215488215488,2.4578594894132637
TEA AND SPICES,"BISCUITS AND COOKIES, CLEANING SUPPLIES",0.01423152951104629,0.0940930317181151,2.4505210650648186
"BISCUITS AND COOKIES, CLEANING SUPPLIES",TEA AND SPICES,0.01423152951104629,0.3706402293358815,2.4505210650648186
COOKING OIL,"CANNED AND PACKAGED FOODS, TEA AND SPICES",0.02265670505464669,0.15003340824880035,2.447649400250182
"CANNED AND PACKAGED FOODS, TEA AND SPICES",COOKING OIL,0.02265670505464669,0.3696221473999252,2.447649400250182
"CLEANING SUPPLIES, TEA AND SPICES",BISCUITS AND COOKIES,0.01423152951104629,0.37192856286707415,2.4419340558838947
BISCUITS AND COOKIES,"CLEANING SUPPLIES, TEA AND SPICES",0.01423152951104629,0.09343852570086422,2.4419340558838942
BISCUITS AND COOKIES,"PERSONAL CARE, TEA AND SPICES",0.010910992171053537,0.07163720678129423,2.4413194209085733
"PERSONAL CARE, TEA AND SPICES",BISCUITS AND COOKIES,0.010910992171053537,0.3718349484213817,2.4413194209085733
TEA AND SPICES,"CANNED AND PACKAGED FOODS, HOUSEHOLD ITEMS",0.016414645220765283,0.1085268967190248,2.4349535892082743
"CANNED AND PACKAGED FOODS, HOUSEHOLD ITEMS",TEA AND SPICES,0.016414645220765283,0.36828565548466763,2.4349535892082743
"FOOD STAPLES, NOODLES, TEA AND SPICES",CANNED AND PACKAGED FOODS,0.010695432426606493,0.694047619047619,2.426256765392341
CANNED AND PACKAGED FOODS,"FOOD STAPLES, NOODLES, TEA AND SPICES",0.010695432426606493,0.037389171249458876,2.4262567653923406
BISCUITS AND COOKIES,"CANNED AND PACKAGED FOODS, PERSONAL CARE",0.018684902103771377,0.12267758740100575,2.4252654931682915
"CANNED AND PACKAGED FOODS, PERSONAL CARE",BISCUITS AND COOKIES,0.018684902103771377,0.3693897905521806,2.4252654931682915
TEA AND SPICES,"CANNED AND PACKAGED FOODS, FOOD STAPLES, NOODLES",0.010695432426606493,0.07071380920613742,2.423106524890552
"CANNED AND PACKAGED FOODS, FOOD STAPLES, NOODLES",TEA AND SPICES,0.010695432426606493,0.36649379223636647,2.423106524890552
"BISCUITS AND COOKIES, TEA AND SPICES",COOKING OIL,0.01214931410723868,0.3634742041712404,2.4069375282416554
COOKING OIL,"BISCUITS AND COOKIES, TEA AND SPICES",0.01214931410723868,0.08045313733827371,2.4069375282416554
"BISCUITS AND COOKIES, TEA AND SPICES",PERSONAL CARE,0.010910992171053537,0.32642700329308455,2.403362075944292
PERSONAL CARE,"BISCUITS AND COOKIES, TEA AND SPICES",0.010910992171053537,0.08033362598770852,2.403362075944292
"CLEANING SUPPLIES, COOKING OIL, FOOD STAPLES",BISCUITS AND COOKIES,0.013006966707485426,0.36579388623758546,2.4016562249265085
BISCUITS AND COOKIES,"CLEANING SUPPLIES, COOKING OIL, FOOD STAPLES",0.013006966707485426,0.08539853654129904,2.4016562249265085
"CANNED AND PACKAGED FOODS, HOUSEHOLD ITEMS",BISCUITS AND COOKIES,0.016272467516981064,0.36509569870343694,2.397072205070953
BISCUITS AND COOKIES,"CANNED AND PACKAGED FOODS, HOUSEHOLD ITEMS",0.016272467516981064,0.10683850763347287,2.397072205070953
"COOKING OIL, FOOD STAPLES","CANNED AND PACKAGED FOODS, PERSONAL CARE",0.012030068291161591,0.12100941133050376,2.392286609689822
"CANNED AND PACKAGED FOODS, PERSONAL CARE","COOKING OIL, FOOD STAPLES",0.012030068291161591,0.23782754556170094,2.392286609689822
TEA AND SPICES,"FOOD STAPLES, PERSONAL CARE",0.022954819594839408,0.15176784523015344,2.387001779589336
"FOOD STAPLES, PERSONAL CARE",TEA AND SPICES,0.022954819594839408,0.3610329654475943,2.3870017795893355
COOKING OIL,"CANNED AND PACKAGED FOODS, FOOD STAPLES, PERSONAL CARE",0.012030068291161591,0.07966348782117476,2.3869160222709196
"CANNED AND PACKAGED FOODS, FOOD STAPLES, PERSONAL CARE",COOKING OIL,0.012030068291161591,0.360450735193074,2.386916022270919
COOKING OIL,"CLEANING SUPPLIES, PERSONAL CARE",0.015561578998059962,0.10304926198141287,2.3721021890457474
"CLEANING SUPPLIES, PERSONAL CARE",COOKING OIL,0.015561578998059962,0.35821368243243246,2.3721021890457474
"FOOD STAPLES, RICE",CLEANING SUPPLIES,0.010865128395639273,0.33650568181818186,2.3710796712316093
CLEANING SUPPLIES,"FOOD STAPLES, RICE",0.010865128395639273,0.0765576525336091,2.3710796712316093
"CLEANING SUPPLIES, FOOD STAPLES, NOODLES",CANNED AND PACKAGED FOODS,0.011053169874837758,0.6769662921348315,2.3665437372849922
CANNED AND PACKAGED FOODS,"CLEANING SUPPLIES, FOOD STAPLES, NOODLES",0.011053169874837758,0.03863975244905485,2.3665437372849922
"COOKING OIL, FOOD STAPLES, TEA AND SPICES",HOUSEHOLD ITEMS,0.010773400844810743,0.2794100154633044,2.364239426481392
HOUSEHOLD ITEMS,"COOKING OIL, FOOD STAPLES, TEA AND SPICES",0.010773400844810743,0.0911595777708786,2.3642394264813915
CLEANING SUPPLIES,"BISCUITS AND COOKIES, NOODLES",0.010846782885473567,0.07642838676318511,2.356032258544407
"BISCUITS AND COOKIES, NOODLES",CLEANING SUPPLIES,0.010846782885473567,0.3343701399688958,2.356032258544407
CANNED AND PACKAGED FOODS,"BISCUITS AND COOKIES, CONFECTIONERY, FOOD STAPLES",0.011562257781936093,0.04041942569463372,2.3519963491275298
"BISCUITS AND COOKIES, CONFECTIONERY, FOOD STAPLES",CANNED AND PACKAGED FOODS,0.011562257781936093,0.6728049105951428,2.3519963491275293
TEA AND SPICES,"CLEANING SUPPLIES, HOUSEHOLD ITEMS",0.01531850098836436,0.10127964097276972,2.3410059449570433
"CLEANING SUPPLIES, HOUSEHOLD ITEMS",TEA AND SPICES,0.01531850098836436,0.3540761157638079,2.3410059449570433
"CLEANING SUPPLIES, HOUSEHOLD ITEMS, TEA AND SPICES",CANNED AND PACKAGED FOODS,0.010250553805088127,0.6691616766467066,2.3392603051260674
CANNED AND PACKAGED FOODS,"CLEANING SUPPLIES, HOUSEHOLD ITEMS, TEA AND SPICES",0.010250553805088127,0.03583396129611518,2.3392603051260674
CANNED AND PACKAGED FOODS,"BISCUITS AND COOKIES, FOOD STAPLES, NOODLES",0.013846273797566469,0.04840390566128489,2.333372181885822
"BISCUITS AND COOKIES, FOOD STAPLES, NOODLES",CANNED AND PACKAGED FOODS,0.013846273797566469,0.6674773380499669,2.333372181885822
COOKING OIL,"FOOD STAPLES, HOUSEHOLD ITEMS",0.02015712929456927,0.13348113952499546,2.333159148517832
"FOOD STAPLES, HOUSEHOLD ITEMS",COOKING OIL,0.02015712929456927,0.35233285233285233,2.3331591485178316
SOFT DRINKS AND JUICES,ALCOHOLIC BEVERAGES,0.010378972376248068,0.09208545269582909,2.328698196409242
ALCOHOLIC BEVERAGES,SOFT DRINKS AND JUICES,0.010378972376248068,0.26246810484806304,2.328698196409242
"HOUSEHOLD ITEMS, NOODLES",CANNED AND PACKAGED FOODS,0.011227452221411962,0.665036674816626,2.3248400934247115
CANNED AND PACKAGED FOODS,"HOUSEHOLD ITEMS, NOODLES",0.011227452221411962,0.03924900995655032,2.324840093424711
"CLEANING SUPPLIES, HOUSEHOLD ITEMS",COOKING OIL,0.015185496039662993,0.3510018021838227,2.3243448928735395
COOKING OIL,"CLEANING SUPPLIES, HOUSEHOLD ITEMS",0.015185496039662993,0.10055882888902387,2.3243448928735395
TEA AND SPICES,"CLEANING SUPPLIES, PERSONAL CARE",0.015258878080325815,0.10088543877736672,2.322292906957423
"CLEANING SUPPLIES, PERSONAL CARE",TEA AND SPICES,0.015258878080325815,0.35124577702702703,2.3222929069574225
"BISCUITS AND COOKIES, FOOD STAPLES, HOUSEHOLD ITEMS",CANNED AND PACKAGED FOODS,0.012681333902044149,0.6592751549833095,2.304698930065188
CANNED AND PACKAGED FOODS,"BISCUITS AND COOKIES, FOOD STAPLES, HOUSEHOLD ITEMS",0.012681333902044149,0.044331500216446745,2.304698930065188
BISCUITS AND COOKIES,"CLEANING SUPPLIES, PERSONAL CARE",0.015231359815077257,0.10000301123189498,2.301980211145343
"CLEANING SUPPLIES, PERSONAL CARE",BISCUITS AND COOKIES,0.015231359815077257,0.3506123310810811,2.3019802111453425
CANNED AND PACKAGED FOODS,"BISCUITS AND COOKIES, FOOD STAPLES, PERSONAL CARE",0.014190252113173452,0.049606387583973316,2.2823439395751826
"BISCUITS AND COOKIES, FOOD STAPLES, PERSONAL CARE",CANNED AND PACKAGED FOODS,0.014190252113173452,0.6528803545051698,2.282343939575182
"FOOD STAPLES, RICE",TEA AND SPICES,0.01112655191550058,0.3446022727272728,2.278368783390029
TEA AND SPICES,"FOOD STAPLES, RICE",0.01112655191550058,0.07356419431135908,2.2783687833900284
"NOODLES, TEA AND SPICES",CANNED AND PACKAGED FOODS,0.01286020262615978,0.6514869888475836,2.277473001673223
CANNED AND PACKAGED FOODS,"NOODLES, TEA AND SPICES",0.01286020262615978,0.04495679081624472,2.2774730016732225
"BISCUITS AND COOKIES, PERSONAL CARE",TEA AND SPICES,0.010910992171053537,0.3441342398379864,2.27527434203272
TEA AND SPICES,"BISCUITS AND COOKIES, PERSONAL CARE",0.010910992171053537,0.07213900175874825,2.27527434203272
NOODLES,"CANNED AND PACKAGED FOODS, CONFECTIONERY",0.012662988391878443,0.12420711682936705,2.2694835441317944
"CANNED AND PACKAGED FOODS, CONFECTIONERY",NOODLES,0.012662988391878443,0.23137517807759994,2.2694835441317944
HOUSEHOLD ITEMS,"CANNED AND PACKAGED FOODS, TEA AND SPICES",0.016414645220765283,0.13889320086929524,2.2659077319819323
"CANNED AND PACKAGED FOODS, TEA AND SPICES",HOUSEHOLD ITEMS,0.016414645220765283,0.26778900112233445,2.2659077319819323
CLEANING SUPPLIES,"FOOD STAPLES, NOODLES",0.01632750404747818,0.11504653567735264,2.2651617752829094
"FOOD STAPLES, NOODLES",CLEANING SUPPLIES,0.01632750404747818,0.3214737222322558,2.2651617752829094
"CANNED AND PACKAGED FOODS, COOKING OIL",HOUSEHOLD ITEMS,0.013699509716240822,0.26765232974910397,2.264751281492758
HOUSEHOLD ITEMS,"CANNED AND PACKAGED FOODS, COOKING OIL",0.013699509716240822,0.11591896926420367,2.264751281492758
BISCUITS AND COOKIES,"CLEANING SUPPLIES, HOUSEHOLD ITEMS",0.014882795121928846,0.09771447499171912,2.2585997014491106
"CLEANING SUPPLIES, HOUSEHOLD ITEMS",BISCUITS AND COOKIES,0.014882795121928846,0.3440050885190289,2.25859970144911
"CANNED AND PACKAGED FOODS, FOOD STAPLES, TEA AND SPICES",PERSONAL CARE,0.014717685530437494,0.3065825929110538,2.257254974354948
PERSONAL CARE,"CANNED AND PACKAGED FOODS, FOOD STAPLES, TEA AND SPICES",0.014717685530437494,0.10836091038022555,2.2572549743549475
CONFECTIONERY,"CANNED AND PACKAGED FOODS, SOFT DRINKS AND JUICES",0.012690506657127001,0.08998373983739838,2.2538523472632774
"CANNED AND PACKAGED FOODS, SOFT DRINKS AND JUICES",CONFECTIONERY,0.012690506657127001,0.31786329695577253,2.2538523472632774
"BISCUITS AND COOKIES, CANNED AND PACKAGED FOODS",CLEANING SUPPLIES,0.021124854955810252,0.31986111111111115,2.2537990267364703
CLEANING SUPPLIES,"BISCUITS AND COOKIES, CANNED AND PACKAGED FOODS",0.021124854955810252,0.14884953464322648,2.2537990267364703
CLEANING SUPPLIES,PERSONAL CARE,0.04344216807239138,0.3061013443640124,2.253711718143316
PERSONAL CARE,CLEANING SUPPLIES,0.04344216807239138,0.3198487201999054,2.253711718143316
"FOOD STAPLES, PERSONAL CARE",BISCUITS AND COOKIES,0.021734843168819972,0.3418451994517781,2.244418734465577
BISCUITS AND COOKIES,"FOOD STAPLES, PERSONAL CARE",0.021734843168819972,0.1427022795025445,2.244418734465577
CLEANING SUPPLIES,"FOOD STAPLES, TEA AND SPICES",0.03203584712686379,0.22573035160289553,2.2414413276455294
"FOOD STAPLES, TEA AND SPICES",CLEANING SUPPLIES,0.03203584712686379,0.318107295746425,2.2414413276455294
CANNED AND PACKAGED FOODS,"FOOD STAPLES, PERSONAL CARE, TEA AND SPICES",0.014717685530437494,0.05145019319876224,2.241367787108596
"FOOD STAPLES, PERSONAL CARE, TEA AND SPICES",CANNED AND PACKAGED FOODS,0.014717685530437494,0.6411588411588411,2.241367787108596
FOOD STAPLES,"CANNED AND PACKAGED FOODS, CLEANING SUPPLIES, COOKING OIL, TEA AND SPICES",0.010677086916440788,0.02530764882375962,2.24035884148846
"CANNED AND PACKAGED FOODS, CLEANING SUPPLIES, COOKING OIL, TEA AND SPICES",FOOD STAPLES,0.010677086916440788,0.9451887941534715,2.24035884148846
CANNED AND PACKAGED FOODS,"FOOD STAPLES, HOUSEHOLD ITEMS, TEA AND SPICES",0.014162733847924894,0.04951018903015825,2.239173010904089
"FOOD STAPLES, HOUSEHOLD ITEMS, TEA AND SPICES",CANNED AND PACKAGED FOODS,0.014162733847924894,0.6405310101638664,2.239173010904089
BISCUITS AND COOKIES,"CANNED AND PACKAGED FOODS, FOOD STAPLES, TEA AND SPICES",0.01636878144535102,0.1074708663314162,2.2387145583551153
"CANNED AND PACKAGED FOODS, FOOD STAPLES, TEA AND SPICES",BISCUITS AND COOKIES,0.01636878144535102,0.3409764020254132,2.2387145583551153
TEA AND SPICES,"CANNED AND PACKAGED FOODS, PERSONAL CARE",0.017070497209189267,0.11286312086845776,2.2312391227487463
"CANNED AND PACKAGED FOODS, PERSONAL CARE",TEA AND SPICES,0.017070497209189267,0.33747393236014145,2.2312391227487463
"CANNED AND PACKAGED FOODS, FOOD STAPLES",TEA AND SPICES,0.04800561372611071,0.3368410890133231,2.2270550222935874
TEA AND SPICES,"CANNED AND PACKAGED FOODS, FOOD STAPLES",0.04800561372611071,0.31739341379101216,2.227055022293587
"CLEANING SUPPLIES, FOOD STAPLES",BISCUITS AND COOKIES,0.028793278205075285,0.3391130556905958,2.226480572242779
BISCUITS AND COOKIES,"CLEANING SUPPLIES, FOOD STAPLES",0.028793278205075285,0.1890451383661056,2.226480572242779
BISCUITS AND COOKIES,"CONFECTIONERY, FOOD STAPLES",0.017185156647724926,0.11283085910445963,2.2261607118413775
"CONFECTIONERY, FOOD STAPLES",BISCUITS AND COOKIES,0.017185156647724926,0.339064338068953,2.2261607118413775
"NOODLES, PERSONAL CARE",CANNED AND PACKAGED FOODS,0.012846443493535501,0.6358683314415438,2.2228731843728635
CANNED AND PACKAGED FOODS,"NOODLES, PERSONAL CARE",0.012846443493535501,0.044908691539337194,2.2228731843728635
"FOOD STAPLES, TEA AND SPICES","CANNED AND PACKAGED FOODS, NOODLES",0.010695432426606493,0.10620275070589306,2.215049660958562
"CANNED AND PACKAGED FOODS, NOODLES","FOOD STAPLES, TEA AND SPICES",0.010695432426606493,0.223072508130859,2.2150496609585617
BISCUITS AND COOKIES,"HOUSEHOLD ITEMS, PERSONAL CARE",0.011296247884533359,0.07416664157306754,2.214305357889488
"HOUSEHOLD ITEMS, PERSONAL CARE",BISCUITS AND COOKIES,0.011296247884533359,0.33725866082431877,2.214305357889488
BISCUITS AND COOKIES,"CANNED AND PACKAGED FOODS, COOKING OIL, FOOD STAPLES",0.01394717410347785,0.09157156192598392,2.210583331228494
"CANNED AND PACKAGED FOODS, COOKING OIL, FOOD STAPLES",BISCUITS AND COOKIES,0.01394717410347785,0.3366917626217892,2.2105833312284937
BISCUITS AND COOKIES,"FOOD STAPLES, HOUSEHOLD ITEMS",0.019235267408742554,0.12629106567496765,2.2074815685884976
"FOOD STAPLES, HOUSEHOLD ITEMS",BISCUITS AND COOKIES,0.019235267408742554,0.3362193362193362,2.207481568588497
HOUSEHOLD ITEMS,"COOKING OIL, TEA AND SPICES",0.01164481257768177,0.09853306426575598,2.2018913327162686
"COOKING OIL, TEA AND SPICES",HOUSEHOLD ITEMS,0.01164481257768177,0.2602234293327867,2.2018913327162686
BISCUITS AND COOKIES,"CLEANING SUPPLIES, COOKING OIL",0.014740617418144628,0.09678099310427897,2.199482738532174
"CLEANING SUPPLIES, COOKING OIL",BISCUITS AND COOKIES,0.014740617418144628,0.3350010423181155,2.199482738532174
"FOOD STAPLES, HOUSEHOLD ITEMS, PERSONAL CARE",CANNED AND PACKAGED FOODS,0.013117039768479662,0.6287096065069246,2.197847661155831
CANNED AND PACKAGED FOODS,"FOOD STAPLES, HOUSEHOLD ITEMS, PERSONAL CARE",0.013117039768479662,0.04585464398518542,2.1978476611558304
CANNED AND PACKAGED FOODS,"CLEANING SUPPLIES, COOKING OIL, FOOD STAPLES, TEA AND SPICES",0.010677086916440788,0.03732503888024884,2.1935955531894384
"CLEANING SUPPLIES, COOKING OIL, FOOD STAPLES, TEA AND SPICES",CANNED AND PACKAGED FOODS,0.010677086916440788,0.6274932614555258,2.1935955531894384
"COOKING OIL, HOUSEHOLD ITEMS, TEA AND SPICES",FOOD STAPLES,0.010773400844810743,0.9251673887357227,2.192902573572322
FOOD STAPLES,"COOKING OIL, HOUSEHOLD ITEMS, TEA AND SPICES",0.010773400844810743,0.0255359394703657,2.192902573572322
"BISCUITS AND COOKIES, FOOD STAPLES, TEA AND SPICES",CANNED AND PACKAGED FOODS,0.01636878144535102,0.6266900790166813,2.1907877821192563
CANNED AND PACKAGED FOODS,"BISCUITS AND COOKIES, FOOD STAPLES, TEA AND SPICES",0.01636878144535102,0.0572221064276667,2.1907877821192563
"CANNED AND PACKAGED FOODS, CONFECTIONERY",BISCUITS AND COOKIES,0.018240023482253013,0.33327746585100143,2.1881664254194586
BISCUITS AND COOKIES,"CANNED AND PACKAGED FOODS, CONFECTIONERY",0.018240023482253013,0.11975669246288657,2.1881664254194586
"BISCUITS AND COOKIES, CANNED AND PACKAGED FOODS, FOOD STAPLES",COOKING OIL,0.01394717410347785,0.33029216900184644,2.1872050553561198
COOKING OIL,"BISCUITS AND COOKIES, CANNED AND PACKAGED FOODS, FOOD STAPLES",0.01394717410347785,0.09235862236530401,2.1872050553561193
NOODLES,"CANNED AND PACKAGED FOODS, FOOD STAPLES, TEA AND SPICES",0.010695432426606493,0.10490800305906699,2.1853278172341444
"CANNED AND PACKAGED FOODS, FOOD STAPLES, TEA AND SPICES",NOODLES,0.010695432426606493,0.22279545237412818,2.185327817234144
"CONFECTIONERY, NOODLES",CANNED AND PACKAGED FOODS,0.012662988391878443,0.6243781094527363,2.18270558193305
CANNED AND PACKAGED FOODS,"CONFECTIONERY, NOODLES",0.012662988391878443,0.04426736784723669,2.1827055819330496
"CLEANING SUPPLIES, COOKING OIL, TEA AND SPICES",FOOD STAPLES,0.017015460678692147,0.9192269573835481,2.178822108394972
FOOD STAPLES,"CLEANING SUPPLIES, COOKING OIL, TEA AND SPICES",0.017015460678692147,0.04033134756707396,2.1788221083949715
"HOUSEHOLD ITEMS, PERSONAL CARE",TEA AND SPICES,0.011034824364672052,0.3294536491852664,2.1782123023654534
TEA AND SPICES,"HOUSEHOLD ITEMS, PERSONAL CARE",0.011034824364672052,0.07295772939535447,2.178212302365453
CANNED AND PACKAGED FOODS,"CLEANING SUPPLIES, NOODLES",0.013685750583616542,0.047842747430696955,2.170965477949401
"CLEANING SUPPLIES, NOODLES",CANNED AND PACKAGED FOODS,0.013685750583616542,0.6210197710718002,2.1709654779494008
FOOD STAPLES,"CANNED AND PACKAGED FOODS, COOKING OIL, TEA AND SPICES",0.020721253732164723,0.04911510196982215,2.1677954429542736
"CANNED AND PACKAGED FOODS, COOKING OIL, TEA AND SPICES",FOOD STAPLES,0.020721253732164723,0.914574898785425,2.167795442954273
FOOD STAPLES,"BISCUITS AND COOKIES, COOKING OIL, TEA AND SPICES",0.011099033650252022,0.02630777927555768,2.165371562817958
"BISCUITS AND COOKIES, COOKING OIL, TEA AND SPICES",FOOD STAPLES,0.011099033650252022,0.9135522838807097,2.165371562817958
COOKING OIL,"FOOD STAPLES, PERSONAL CARE",0.02063411255887762,0.13663973759339124,2.1490671907704137
"FOOD STAPLES, PERSONAL CARE",COOKING OIL,0.02063411255887762,0.324532929380365,2.1490671907704137
"COOKING OIL, PERSONAL CARE, TEA AND SPICES",FOOD STAPLES,0.010190930897049583,0.9047231270358306,2.1444440193232963
FOOD STAPLES,"COOKING OIL, PERSONAL CARE, TEA AND SPICES",0.010190930897049583,0.024155324607557507,2.1444440193232963
"CANNED AND PACKAGED FOODS, COOKING OIL, FOOD STAPLES",PERSONAL CARE,0.012030068291161591,0.29041186891054027,2.13819587565501
PERSONAL CARE,"CANNED AND PACKAGED FOODS, COOKING OIL, FOOD STAPLES",0.012030068291161591,0.0885729722428581,2.13819587565501
NOODLES,"CONFECTIONERY, FOOD STAPLES",0.011030237987130624,0.10819200143956094,2.134635726891462
"CONFECTIONERY, FOOD STAPLES",NOODLES,0.011030237987130624,0.21762736403945343,2.134635726891462
CANNED AND PACKAGED FOODS,"CLEANING SUPPLIES, COOKING OIL, TEA AND SPICES",0.011296247884533359,0.039489506341088,2.1333432839672457
"CLEANING SUPPLIES, COOKING OIL, TEA AND SPICES",CANNED AND PACKAGED FOODS,0.011296247884533359,0.6102576808721506,2.1333432839672457
RICE,"COOKING OIL, FOOD STAPLES",0.014924072519801684,0.21136732705423839,2.1261255715503307
"COOKING OIL, FOOD STAPLES",RICE,0.014924072519801684,0.15011994832995015,2.1261255715503307
"COOKING OIL, FOOD STAPLES","BISCUITS AND COOKIES, CANNED AND PACKAGED FOODS",0.01394717410347785,0.14029341206864734,2.1242468532785876
"BISCUITS AND COOKIES, CANNED AND PACKAGED FOODS","COOKING OIL, FOOD STAPLES",0.01394717410347785,0.21118055555555557,2.1242468532785876
"CANNED AND PACKAGED FOODS, CLEANING SUPPLIES, TEA AND SPICES",FOOD STAPLES,0.01913436710283117,0.8948948948948949,2.1211483910749034
FOOD STAPLES,"CANNED AND PACKAGED FOODS, CLEANING SUPPLIES, TEA AND SPICES",0.01913436710283117,0.0453537417924077,2.121148391074903
"BISCUITS AND COOKIES, NOODLES",CANNED AND PACKAGED FOODS,0.019593004856973815,0.6039869927894811,2.1114221665010997
CANNED AND PACKAGED FOODS,"BISCUITS AND COOKIES, NOODLES",0.019593004856973815,0.0684933703163329,2.1114221665010993
"BISCUITS AND COOKIES, HOUSEHOLD ITEMS",CANNED AND PACKAGED FOODS,0.016272467516981064,0.6028887000849618,2.1075827467961843
CANNED AND PACKAGED FOODS,"BISCUITS AND COOKIES, HOUSEHOLD ITEMS",0.016272467516981064,0.05688541148931395,2.1075827467961843
"BISCUITS AND COOKIES, FOOD STAPLES",TEA AND SPICES,0.026119420098423662,0.3185301191341798,2.105990405290168
TEA AND SPICES,"BISCUITS AND COOKIES, FOOD STAPLES",0.026119420098423662,0.17269088483231243,2.1059904052901675
FOOD STAPLES,"CANNED AND PACKAGED FOODS, CLEANING SUPPLIES, COOKING OIL",0.01885459807280416,0.044690611818932906,2.105944873387654
"CANNED AND PACKAGED FOODS, CLEANING SUPPLIES, COOKING OIL",FOOD STAPLES,0.01885459807280416,0.8884806570131836,2.105944873387654
CANNED AND PACKAGED FOODS,"CLEANING SUPPLIES, FOOD STAPLES, HOUSEHOLD ITEMS",0.017382370882006264,0.060765419826521935,2.099700450509566
"CLEANING SUPPLIES, FOOD STAPLES, HOUSEHOLD ITEMS",CANNED AND PACKAGED FOODS,0.017382370882006264,0.600633914421553,2.099700450509566
CANNED AND PACKAGED FOODS,"COOKING OIL, FOOD STAPLES, HOUSEHOLD ITEMS",0.012103450331824415,0.04231133058633018,2.099075218896854
"COOKING OIL, FOOD STAPLES, HOUSEHOLD ITEMS",CANNED AND PACKAGED FOODS,0.012103450331824415,0.6004550625711035,2.099075218896854
"BISCUITS AND COOKIES, CLEANING SUPPLIES, FOOD STAPLES",CANNED AND PACKAGED FOODS,0.017267711443470602,0.5997132844855049,2.0964821056158476
CANNED AND PACKAGED FOODS,"BISCUITS AND COOKIES, CLEANING SUPPLIES, FOOD STAPLES",0.017267711443470602,0.06036459251895912,2.0964821056158476
"CANNED AND PACKAGED FOODS, COOKING OIL, HOUSEHOLD ITEMS",FOOD STAPLES,0.012103450331824415,0.8834951456310679,2.094127832629921
FOOD STAPLES,"CANNED AND PACKAGED FOODS, COOKING OIL, HOUSEHOLD ITEMS",0.012103450331824415,0.02868852459016393,2.0941278326299204
FOOD STAPLES,"BISCUITS AND COOKIES, CLEANING SUPPLIES, COOKING OIL",0.013006966707485426,0.03083010827499239,2.0915072551196374
"BISCUITS AND COOKIES, CLEANING SUPPLIES, COOKING OIL",FOOD STAPLES,0.013006966707485426,0.8823895457373988,2.0915072551196374
NOODLES,BISCUITS AND COOKIES,0.03243944835050932,0.31818795267443434,2.0890947224329444
BISCUITS AND COOKIES,NOODLES,0.03243944835050932,0.21298443193110303,2.089094722432944
FOOD STAPLES,"BISCUITS AND COOKIES, CLEANING SUPPLIES, TEA AND SPICES",0.012539156198259929,0.02972126799147715,2.0884099610240745
"BISCUITS AND COOKIES, CLEANING SUPPLIES, TEA AND SPICES",FOOD STAPLES,0.012539156198259929,0.8810828230744441,2.0884099610240745
CANNED AND PACKAGED FOODS,"CLEANING SUPPLIES, FOOD STAPLES, TEA AND SPICES",0.01913436710283117,0.06689006108608167,2.0879754114568345
"CLEANING SUPPLIES, FOOD STAPLES, TEA AND SPICES",CANNED AND PACKAGED FOODS,0.01913436710283117,0.5972798854688618,2.087975411456834
HOUSEHOLD ITEMS,PERSONAL CARE,0.0334943151850374,0.28341353616889164,2.086669723294949
PERSONAL CARE,HOUSEHOLD ITEMS,0.0334943151850374,0.24660633484162892,2.086669723294949
HOUSEHOLD ITEMS,"BISCUITS AND COOKIES, CANNED AND PACKAGED FOODS",0.016272467516981064,0.13769015833592055,2.0848297953534103
"BISCUITS AND COOKIES, CANNED AND PACKAGED FOODS",HOUSEHOLD ITEMS,0.016272467516981064,0.24638888888888894,2.0848297953534103
PERSONAL CARE,"BISCUITS AND COOKIES, CANNED AND PACKAGED FOODS",0.018684902103771377,0.13757006821098128,2.083011455730398
"BISCUITS AND COOKIES, CANNED AND PACKAGED FOODS",PERSONAL CARE,0.018684902103771377,0.28291666666666665,2.0830114557303974
"CONFECTIONERY, TEA AND SPICES",CANNED AND PACKAGED FOODS,0.01191540885262593,0.5951890034364262,2.0806660906874677
CANNED AND PACKAGED FOODS,"CONFECTIONERY, TEA AND SPICES",0.01191540885262593,0.041653973801927174,2.0806660906874677
CANNED AND PACKAGED FOODS,"BISCUITS AND COOKIES, CONFECTIONERY",0.018240023482253013,0.06376360808709175,2.078461028028887
"BISCUITS AND COOKIES, CONFECTIONERY",CANNED AND PACKAGED FOODS,0.018240023482253013,0.5945582299297354,2.078461028028887
BISCUITS AND COOKIES,"CANNED AND PACKAGED FOODS, TEA AND SPICES",0.019386617867609625,0.12728477220030715,2.0765274879340345
"CANNED AND PACKAGED FOODS, TEA AND SPICES",BISCUITS AND COOKIES,0.019386617867609625,0.3162738496071829,2.076527487934034
NOODLES,"FOOD STAPLES, PERSONAL CARE",0.013433499818838087,0.13176481173242163,2.07239444966472
"FOOD STAPLES, PERSONAL CARE",NOODLES,0.013433499818838087,0.21128182932987088,2.07239444966472
CANNED AND PACKAGED FOODS,"HOUSEHOLD ITEMS, TEA AND SPICES",0.016414645220765283,0.057382437350691824,2.070411135633426
"HOUSEHOLD ITEMS, TEA AND SPICES",CANNED AND PACKAGED FOODS,0.016414645220765283,0.5922555022339897,2.070411135633426
FOOD STAPLES,"CANNED AND PACKAGED FOODS, COOKING OIL, PERSONAL CARE",0.012030068291161591,0.02851458885941644,2.0696522673570517
"CANNED AND PACKAGED FOODS, COOKING OIL, PERSONAL CARE",FOOD STAPLES,0.012030068291161591,0.8731691078561917,2.0696522673570517
"CLEANING SUPPLIES, HOUSEHOLD ITEMS, TEA AND SPICES",FOOD STAPLES,0.013373876910799543,0.873053892215569,2.06937917442499
FOOD STAPLES,"CLEANING SUPPLIES, HOUSEHOLD ITEMS, TEA AND SPICES",0.013373876910799543,0.03169978692872983,2.0693791744249896
"CLEANING SUPPLIES, PERSONAL CARE, TEA AND SPICES",FOOD STAPLES,0.013318840380302425,0.872858431018936,2.0689158773326493
FOOD STAPLES,"CLEANING SUPPLIES, PERSONAL CARE, TEA AND SPICES",0.013318840380302425,0.031569335130669215,2.0689158773326493
"BISCUITS AND COOKIES, CANNED AND PACKAGED FOODS, COOKING OIL",FOOD STAPLES,0.01394717410347785,0.8713467048710601,2.0653326682825077
FOOD STAPLES,"BISCUITS AND COOKIES, CANNED AND PACKAGED FOODS, COOKING OIL",0.01394717410347785,0.03305865982519458,2.0653326682825077
"BISCUITS AND COOKIES, PERSONAL CARE",CANNED AND PACKAGED FOODS,0.018684902103771377,0.589324461160133,2.0601647807149464
CANNED AND PACKAGED FOODS,"BISCUITS AND COOKIES, PERSONAL CARE",0.018684902103771377,0.06531881804043545,2.0601647807149464
CANNED AND PACKAGED FOODS,"CLEANING SUPPLIES, HOUSEHOLD ITEMS, PERSONAL CARE",0.01093392405876067,0.03822289204918953,2.0582871607135433
"CLEANING SUPPLIES, HOUSEHOLD ITEMS, PERSONAL CARE",CANNED AND PACKAGED FOODS,0.01093392405876067,0.588787354902445,2.0582871607135433
"CANNED AND PACKAGED FOODS, TEA AND SPICES",NOODLES,0.01286020262615978,0.20980172091283203,2.057876549672552
NOODLES,"CANNED AND PACKAGED FOODS, TEA AND SPICES",0.01286020262615978,0.12614152683431554,2.057876549672552
"CANNED AND PACKAGED FOODS, CONFECTIONERY",SOFT DRINKS AND JUICES,0.012690506657127001,0.23187798541858712,2.057293196610884
SOFT DRINKS AND JUICES,"CANNED AND PACKAGED FOODS, CONFECTIONERY",0.012690506657127001,0.1125940996948118,2.057293196610884
BISCUITS AND COOKIES,"CANNED AND PACKAGED FOODS, COOKING OIL",0.016006457619578328,0.10509199313439128,2.0532206905952752
"CANNED AND PACKAGED FOODS, COOKING OIL",BISCUITS AND COOKIES,0.016006457619578328,0.31272401433691754,2.0532206905952752
COOKING OIL,CLEANING SUPPLIES,0.04400170613244541,0.29138067180951227,2.0531207193423806
CLEANING SUPPLIES,COOKING OIL,0.04400170613244541,0.31004395036194415,2.0531207193423806
"FOOD STAPLES, SOFT DRINKS AND JUICES",BISCUITS AND COOKIES,0.01085595564055642,0.3125165038288883,2.051858259668744
BISCUITS AND COOKIES,"FOOD STAPLES, SOFT DRINKS AND JUICES",0.01085595564055642,0.07127585895389804,2.051858259668744
PERSONAL CARE,"CANNED AND PACKAGED FOODS, TEA AND SPICES",0.017070497209189267,0.12568379820355238,2.050409151433442
"CANNED AND PACKAGED FOODS, TEA AND SPICES",PERSONAL CARE,0.017070497209189267,0.27848858959970074,2.050409151433442
CANNED AND PACKAGED FOODS,"CLEANING SUPPLIES, FOOD STAPLES, PERSONAL CARE",0.017171397515100648,0.060027897580606365,2.0479271952405993
"CLEANING SUPPLIES, FOOD STAPLES, PERSONAL CARE",CANNED AND PACKAGED FOODS,0.017171397515100648,0.5858238147394773,2.0479271952405993
NOODLES,"FOOD STAPLES, HOUSEHOLD ITEMS",0.011933754362791637,0.11705429843897612,2.0460291862064324
"FOOD STAPLES, HOUSEHOLD ITEMS",NOODLES,0.011933754362791637,0.20859387526054193,2.0460291862064324
"CANNED AND PACKAGED FOODS, HOUSEHOLD ITEMS, TEA AND SPICES",FOOD STAPLES,0.014162733847924894,0.8628108410170439,2.0451003102886594
FOOD STAPLES,"CANNED AND PACKAGED FOODS, HOUSEHOLD ITEMS, TEA AND SPICES",0.014162733847924894,0.03356959603426534,2.0451003102886594
FOOD STAPLES,"CANNED AND PACKAGED FOODS, PERSONAL CARE, TEA AND SPICES",0.014717685530437494,0.03488498499804322,2.043583415910357
"CANNED AND PACKAGED FOODS, PERSONAL CARE, TEA AND SPICES",FOOD STAPLES,0.014717685530437494,0.8621708758731863,2.0435834159103567
FOOD STAPLES,"COOKING OIL, TEA AND SPICES",0.03855767599077221,0.09139235552463364,2.0423198751178173
"COOKING OIL, TEA AND SPICES",FOOD STAPLES,0.03855767599077221,0.8616377985036383,2.0423198751178173
BISCUITS AND COOKIES,"CANNED AND PACKAGED FOODS, SOFT DRINKS AND JUICES",0.012415324004641414,0.08151404739679004,2.041709173148065
"CANNED AND PACKAGED FOODS, SOFT DRINKS AND JUICES",BISCUITS AND COOKIES,0.012415324004641414,0.31097070649052266,2.041709173148065
FOOD STAPLES,"CLEANING SUPPLIES, COOKING OIL, HOUSEHOLD ITEMS",0.013075762370606824,0.03099317302256816,2.0409720526492583
"CLEANING SUPPLIES, COOKING OIL, HOUSEHOLD ITEMS",FOOD STAPLES,0.013075762370606824,0.8610691633947448,2.0409720526492583
CANNED AND PACKAGED FOODS,"COOKING OIL, FOOD STAPLES, PERSONAL CARE",0.012030068291161591,0.04205480110948998,2.038120175485634
"COOKING OIL, FOOD STAPLES, PERSONAL CARE",CANNED AND PACKAGED FOODS,0.012030068291161591,0.5830184485441209,2.038120175485634
"DAIRY PRODUCTS, FOOD STAPLES",COOKING OIL,0.014648889867316097,0.30767748771794623,2.0374499298292488
COOKING OIL,"DAIRY PRODUCTS, FOOD STAPLES",0.014648889867316097,0.09700540606207861,2.0374499298292488
COOKING OIL,"CANNED AND PACKAGED FOODS, HOUSEHOLD ITEMS",0.013699509716240822,0.09071858106056005,2.035398977022158
"CANNED AND PACKAGED FOODS, HOUSEHOLD ITEMS",COOKING OIL,0.013699509716240822,0.3073677711463264,2.035398977022158
"PERSONAL CARE, TEA AND SPICES",CANNED AND PACKAGED FOODS,0.017070497209189267,0.5817442950922164,2.0336659804880726
CANNED AND PACKAGED FOODS,"PERSONAL CARE, TEA AND SPICES",0.017070497209189267,0.0596751695499511,2.0336659804880726
CANNED AND PACKAGED FOODS,"COOKING OIL, NOODLES",0.010594532120695112,0.03703644321880361,2.0330601636702625
"COOKING OIL, NOODLES",CANNED AND PACKAGED FOODS,0.010594532120695112,0.5815709969788521,2.0330601636702625
"CANNED AND PACKAGED FOODS, COOKING OIL",NOODLES,0.010594532120695112,0.20698924731182797,2.0302899148017923
NOODLES,"CANNED AND PACKAGED FOODS, COOKING OIL",0.010594532120695112,0.10391830491700033,2.0302899148017923
"CLEANING SUPPLIES, COOKING OIL, PERSONAL CARE",FOOD STAPLES,0.013323426757843853,0.8561744768641321,2.029370291907909
FOOD STAPLES,"CLEANING SUPPLIES, COOKING OIL, PERSONAL CARE",0.013323426757843853,0.031580206113840936,2.029370291907909
"BISCUITS AND COOKIES, TEA AND SPICES",CANNED AND PACKAGED FOODS,0.019386617867609625,0.5799945115257958,2.027549074242035
CANNED AND PACKAGED FOODS,"BISCUITS AND COOKIES, TEA AND SPICES",0.019386617867609625,0.06777188116271984,2.0275490742420343
"CONFECTIONERY, HOUSEHOLD ITEMS",CANNED AND PACKAGED FOODS,0.010874301150722125,0.5787161337564072,2.023080111844379
CANNED AND PACKAGED FOODS,"CONFECTIONERY, HOUSEHOLD ITEMS",0.010874301150722125,0.038014461849256866,2.0230801118443784
CLEANING SUPPLIES,"CANNED AND PACKAGED FOODS, FOOD STAPLES",0.040832519251319734,0.2877132885211996,2.0187984259926885
"CANNED AND PACKAGED FOODS, FOOD STAPLES",CLEANING SUPPLIES,0.040832519251319734,0.28650962219218645,2.0187984259926885
TEA AND SPICES,"CANNED AND PACKAGED FOODS, DAIRY PRODUCTS",0.010328522223292377,0.06828794954211899,2.017246938668879
"CANNED AND PACKAGED FOODS, DAIRY PRODUCTS",TEA AND SPICES,0.010328522223292377,0.3051077089825227,2.017246938668879
"DAIRY PRODUCTS, FOOD STAPLES",TEA AND SPICES,0.014520471296156157,0.3049802523841634,2.0164042479557835
TEA AND SPICES,"DAIRY PRODUCTS, FOOD STAPLES",0.014520471296156157,0.09600339620352961,2.016404247955783
"CANNED AND PACKAGED FOODS, NOODLES",CLEANING SUPPLIES,0.013685750583616542,0.28544097952936676,2.0112685772248104
CLEANING SUPPLIES,"CANNED AND PACKAGED FOODS, NOODLES",0.013685750583616542,0.09643226473629782,2.0112685772248104
"FOOD STAPLES, NOODLES",CANNED AND PACKAGED FOODS,0.029183120296096533,0.5745891276864729,2.008652893706618
CANNED AND PACKAGED FOODS,"FOOD STAPLES, NOODLES",0.029183120296096533,0.1020185663208863,2.0086528937066177
NOODLES,"CANNED AND PACKAGED FOODS, FOOD STAPLES",0.029183120296096533,0.28624769445319176,2.008514789067728
"CANNED AND PACKAGED FOODS, FOOD STAPLES",NOODLES,0.029183120296096533,0.20476926047499516,2.008514789067728
TEA AND SPICES,"FOOD STAPLES, NOODLES",0.01541022853919289,0.10188610588877432,2.0060448681299157
"FOOD STAPLES, NOODLES",TEA AND SPICES,0.01541022853919289,0.3034134007585335,2.0060448681299157
"BISCUITS AND COOKIES, COOKING OIL, FOOD STAPLES",CANNED AND PACKAGED FOODS,0.01394717410347785,0.5729088168801808,2.0027788508458095
CANNED AND PACKAGED FOODS,"BISCUITS AND COOKIES, COOKING OIL, FOOD STAPLES",0.01394717410347785,0.04875663369194016,2.0027788508458095
"BISCUITS AND COOKIES, CANNED AND PACKAGED FOODS, TEA AND SPICES",FOOD STAPLES,0.01636878144535102,0.8443340430565414,2.0013051892194538
FOOD STAPLES,"BISCUITS AND COOKIES, CANNED AND PACKAGED FOODS, TEA AND SPICES",0.01636878144535102,0.038798538939861724,2.0013051892194538
"FOOD STAPLES, NOODLES",HOUSEHOLD ITEMS,0.011933754362791637,0.23496478237312626,1.9881642445781331
HOUSEHOLD ITEMS,"FOOD STAPLES, NOODLES",0.011933754362791637,0.10097795715616269,1.9881642445781331
HOUSEHOLD ITEMS,"BISCUITS AND COOKIES, FOOD STAPLES",0.019235267408742554,0.16276001241850357,1.984881974813651
"BISCUITS AND COOKIES, FOOD STAPLES",HOUSEHOLD ITEMS,0.019235267408742554,0.23457687790144865,1.984881974813651
"CLEANING SUPPLIES, TEA AND SPICES",FOOD STAPLES,0.03203584712686379,0.8372288145750929,1.984463832711979
FOOD STAPLES,"CLEANING SUPPLIES, TEA AND SPICES",0.03203584712686379,0.07593381745445058,1.9844638327119788
"CANNED AND PACKAGED FOODS, COOKING OIL",PERSONAL CARE,0.01377747813444507,0.2691756272401434,1.9818412317336105
PERSONAL CARE,"CANNED AND PACKAGED FOODS, COOKING OIL",0.01377747813444507,0.10143850881339905,1.9818412317336103
"CANNED AND PACKAGED FOODS, NOODLES",HOUSEHOLD ITEMS,0.011227452221411962,0.23416873923856898,1.9814284926016714
HOUSEHOLD ITEMS,"CANNED AND PACKAGED FOODS, NOODLES",0.011227452221411962,0.0950015523129463,1.9814284926016714
"CANNED AND PACKAGED FOODS, NOODLES",PERSONAL CARE,0.012846443493535501,0.2679357183853071,1.972712238454015
PERSONAL CARE,"CANNED AND PACKAGED FOODS, NOODLES",0.012846443493535501,0.09458364287161478,1.972712238454015
"CLEANING SUPPLIES, CONFECTIONERY",CANNED AND PACKAGED FOODS,0.011970445383123049,0.5639585133967158,1.9714903141761349
CANNED AND PACKAGED FOODS,"CLEANING SUPPLIES, CONFECTIONERY",0.011970445383123049,0.041846370909557326,1.9714903141761346
"CONFECTIONERY, FOOD STAPLES",CLEANING SUPPLIES,0.0141810793580906,0.2797936838295177,1.971476714100845
CLEANING SUPPLIES,"CONFECTIONERY, FOOD STAPLES",0.0141810793580906,0.0999224405377456,1.971476714100845
FOOD STAPLES,"CANNED AND PACKAGED FOODS, NOODLES, TEA AND SPICES",0.010695432426606493,0.02535113275644649,1.9712856393785034
"CANNED AND PACKAGED FOODS, NOODLES, TEA AND SPICES",FOOD STAPLES,0.010695432426606493,0.8316690442225392,1.9712856393785034
"BISCUITS AND COOKIES, FOOD STAPLES",COOKING OIL,0.024344491989891623,0.2968846132334023,1.9659791780225762
COOKING OIL,"BISCUITS AND COOKIES, FOOD STAPLES",0.024344491989891623,0.16120998602927777,1.9659791780225762
COOKING OIL,TEA AND SPICES,0.044749285671697926,0.2963311668590172,1.959220044527853
TEA AND SPICES,COOKING OIL,0.044749285671697926,0.29586390927284856,1.959220044527853
CONFECTIONERY,"BISCUITS AND COOKIES, CANNED AND PACKAGED FOODS",0.018240023482253013,0.12933333333333336,1.9582952777777782
"BISCUITS AND COOKIES, CANNED AND PACKAGED FOODS",CONFECTIONERY,0.018240023482253013,0.2761805555555556,1.9582952777777782
"CLEANING SUPPLIES, TEA AND SPICES",CANNED AND PACKAGED FOODS,0.021381692098130133,0.5587918015102481,1.9534284848068808
CANNED AND PACKAGED FOODS,"CLEANING SUPPLIES, TEA AND SPICES",0.021381692098130133,0.07474627631431273,1.9534284848068804
CANNED AND PACKAGED FOODS,NAMKEEN AND SNACKS,0.012167659617404385,0.042535793878565355,1.9516786384471285
NAMKEEN AND SNACKS,CANNED AND PACKAGED FOODS,0.012167659617404385,0.5582912457912458,1.9516786384471285
PERSONAL CARE,"BISCUITS AND COOKIES, FOOD STAPLES",0.021734843168819972,0.16002566353751604,1.9515361933401973
"BISCUITS AND COOKIES, FOOD STAPLES",PERSONAL CARE,0.021734843168819972,0.265059567089882,1.9515361933401971
"RICE, TEA AND SPICES",FOOD STAPLES,0.01112655191550058,0.8220942053541171,1.9485906232638566
FOOD STAPLES,"RICE, TEA AND SPICES",0.01112655191550058,0.026373005174587988,1.9485906232638566
"FOOD STAPLES, NOODLES",PERSONAL CARE,0.013433499818838087,0.26449340798266213,1.947367771875319
PERSONAL CARE,"FOOD STAPLES, NOODLES",0.013433499818838087,0.0989059228743162,1.9473677718753188
PERSONAL CARE,"COOKING OIL, FOOD STAPLES, TEA AND SPICES",0.010190930897049583,0.07503207942189505,1.9459699656133855
"COOKING OIL, FOOD STAPLES, TEA AND SPICES",PERSONAL CARE,0.010190930897049583,0.26430355656000953,1.9459699656133853
BISCUITS AND COOKIES,"CANNED AND PACKAGED FOODS, FOOD STAPLES",0.04222677802391337,0.2772441205697251,1.9453393935979002
"CANNED AND PACKAGED FOODS, FOOD STAPLES",BISCUITS AND COOKIES,0.04222677802391337,0.2962927206024329,1.9453393935979
"BISCUITS AND COOKIES, CANNED AND PACKAGED FOODS, FOOD STAPLES",CONFECTIONERY,0.011562257781936093,0.2738134028456609,1.9415106639433943
CONFECTIONERY,"BISCUITS AND COOKIES, CANNED AND PACKAGED FOODS, FOOD STAPLES",0.011562257781936093,0.08198373983739837,1.941510663943394
TEA AND SPICES,"BISCUITS AND COOKIES, CANNED AND PACKAGED FOODS",0.019386617867609625,0.12817635999757412,1.940777014221602
"BISCUITS AND COOKIES, CANNED AND PACKAGED FOODS",TEA AND SPICES,0.019386617867609625,0.29354166666666665,1.9407770142216019
CANNED AND PACKAGED FOODS,"CONFECTIONERY, SOFT DRINKS AND JUICES",0.012690506657127001,0.04436356640105177,1.9400118185692186
"CONFECTIONERY, SOFT DRINKS AND JUICES",CANNED AND PACKAGED FOODS,0.012690506657127001,0.5549538708383474,1.9400118185692186
FOOD STAPLES,"BISCUITS AND COOKIES, CANNED AND PACKAGED FOODS, CLEANING SUPPLIES",0.017267711443470602,0.040929251641518456,1.9374926704649935
"BISCUITS AND COOKIES, CANNED AND PACKAGED FOODS, CLEANING SUPPLIES",FOOD STAPLES,0.017267711443470602,0.8174120712114632,1.937492670464993
"BISCUITS AND COOKIES, COOKING OIL",FOOD STAPLES,0.024344491989891623,0.8172440338722093,1.9370943754989227
FOOD STAPLES,"BISCUITS AND COOKIES, COOKING OIL",0.024344491989891623,0.0577031786754794,1.9370943754989227
CANNED AND PACKAGED FOODS,"COOKING OIL, HOUSEHOLD ITEMS",0.013699509716240822,0.0478908467076045,1.929411778194006
"COOKING OIL, HOUSEHOLD ITEMS",CANNED AND PACKAGED FOODS,0.013699509716240822,0.5519216555801921,1.9294117781940059
POOJA ITEMS,PERSONAL CARE,0.010080857836055349,0.2616043799095454,1.9260969197790756
PERSONAL CARE,POOJA ITEMS,0.010080857836055349,0.07422165192138853,1.9260969197790756
"CONFECTIONERY, FOOD STAPLES",CANNED AND PACKAGED FOODS,0.027912693717121406,0.5507193919102343,1.9252088960243023
CANNED AND PACKAGED FOODS,"CONFECTIONERY, FOOD STAPLES",0.027912693717121406,0.09757739975309038,1.9252088960243023
"COOKING OIL, HOUSEHOLD ITEMS",FOOD STAPLES,0.02015712929456927,0.8120842572062085,1.924864277823956
FOOD STAPLES,"COOKING OIL, HOUSEHOLD ITEMS",0.02015712929456927,0.04777797103970083,1.924864277823956
COOKING OIL,"CANNED AND PACKAGED FOODS, FOOD STAPLES",0.04142416195416374,0.27431209378606575,1.9247662352073251
"CANNED AND PACKAGED FOODS, FOOD STAPLES",COOKING OIL,0.04142416195416374,0.29066100276758705,1.924766235207325
"CANNED AND PACKAGED FOODS, FOOD STAPLES",POOJA ITEMS,0.010567013855446552,0.07414558795134196,1.924123013585664
POOJA ITEMS,"CANNED AND PACKAGED FOODS, FOOD STAPLES",0.010567013855446552,0.2742204237086408,1.924123013585664
CANNED AND PACKAGED FOODS,"BISCUITS AND COOKIES, CLEANING SUPPLIES",0.021124854955810252,0.07384842314537204,1.9232786236678792
"BISCUITS AND COOKIES, CLEANING SUPPLIES",CANNED AND PACKAGED FOODS,0.021124854955810252,0.5501672240802675,1.923278623667879
"CANNED AND PACKAGED FOODS, COOKING OIL",FOOD STAPLES,0.04142416195416374,0.8093189964157707,1.9183098449961449
FOOD STAPLES,"CANNED AND PACKAGED FOODS, COOKING OIL",0.04142416195416374,0.09818672000695743,1.9183098449961449
"CLEANING SUPPLIES, COOKING OIL",FOOD STAPLES,0.035558185078679305,0.8081092349385032,1.915442375726034
FOOD STAPLES,"CLEANING SUPPLIES, COOKING OIL",0.035558185078679305,0.08428273253033003,1.915442375726034
"CANNED AND PACKAGED FOODS, CLEANING SUPPLIES, NOODLES",FOOD STAPLES,0.011053169874837758,0.8076407506702413,1.9143319384472692
FOOD STAPLES,"CANNED AND PACKAGED FOODS, CLEANING SUPPLIES, NOODLES",0.011053169874837758,0.0261990694438405,1.9143319384472692
PERSONAL CARE,"CONFECTIONERY, FOOD STAPLES",0.013167489921435353,0.09694738974809211,1.9127787547285096
"CONFECTIONERY, FOOD STAPLES",PERSONAL CARE,0.013167489921435353,0.2597954936204868,1.9127787547285096
CANNED AND PACKAGED FOODS,"CONFECTIONERY, PERSONAL CARE",0.013415154308672381,0.04689679498484872,1.9016619840266804
"CONFECTIONERY, PERSONAL CARE",CANNED AND PACKAGED FOODS,0.013415154308672381,0.5439836339966524,1.9016619840266804
"BISCUITS AND COOKIES, SOFT DRINKS AND JUICES",CANNED AND PACKAGED FOODS,0.012415324004641414,0.5437926878264363,1.9009944730020794
CANNED AND PACKAGED FOODS,"BISCUITS AND COOKIES, SOFT DRINKS AND JUICES",0.012415324004641414,0.043401580862901024,1.9009944730020791
RICE,COOKING OIL,0.020262615978022078,0.2869762910035726,1.900365958863693
COOKING OIL,RICE,0.020262615978022078,0.13417967563627528,1.900365958863693
CANNED AND PACKAGED FOODS,"DAIRY PRODUCTS, TEA AND SPICES",0.010328522223292377,0.036106523865257895,1.899290263934677
"DAIRY PRODUCTS, TEA AND SPICES",CANNED AND PACKAGED FOODS,0.010328522223292377,0.5433051869722558,1.899290263934677
"BISCUITS AND COOKIES, CLEANING SUPPLIES, HOUSEHOLD ITEMS",FOOD STAPLES,0.011878717832294518,0.7981510015408321,1.8918386085463146
FOOD STAPLES,"BISCUITS AND COOKIES, CLEANING SUPPLIES, HOUSEHOLD ITEMS",0.011878717832294518,0.028155846414749747,1.8918386085463146
"HOUSEHOLD ITEMS, TEA AND SPICES",FOOD STAPLES,0.02211092612721694,0.7977825583319544,1.890965296245427
FOOD STAPLES,"HOUSEHOLD ITEMS, TEA AND SPICES",0.02211092612721694,0.05240900987085272,1.890965296245427
"COOKING OIL, FOOD STAPLES, TEA AND SPICES",BISCUITS AND COOKIES,0.011099033650252022,0.28785535862971334,1.8899430524721255
BISCUITS AND COOKIES,"COOKING OIL, FOOD STAPLES, TEA AND SPICES",0.011099033650252022,0.0728718118582312,1.8899430524721252
"CANNED AND PACKAGED FOODS, CLEANING SUPPLIES, PERSONAL CARE",FOOD STAPLES,0.017171397515100648,0.797274275979557,1.88976052650079
FOOD STAPLES,"CANNED AND PACKAGED FOODS, CLEANING SUPPLIES, PERSONAL CARE",0.017171397515100648,0.040700960994912376,1.88976052650079
"BISCUITS AND COOKIES, CLEANING SUPPLIES, PERSONAL CARE",FOOD STAPLES,0.012130968597072973,0.7964468533574225,1.8877993060561413
FOOD STAPLES,"BISCUITS AND COOKIES, CLEANING SUPPLIES, PERSONAL CARE",0.012130968597072973,0.02875375048919424,1.887799306056141
"CLEANING SUPPLIES, FOOD STAPLES",NOODLES,0.01632750404747818,0.19229730459676986,1.8861814477648977
NOODLES,"CLEANING SUPPLIES, FOOD STAPLES",0.01632750404747818,0.16015115389806112,1.8861814477648977
"FOOD STAPLES, SOFT DRINKS AND JUICES",CANNED AND PACKAGED FOODS,0.018739938634268496,0.5394771587008186,1.8859082145813018
CANNED AND PACKAGED FOODS,"FOOD STAPLES, SOFT DRINKS AND JUICES",0.018739938634268496,0.0655112151480656,1.8859082145813015
FOOD STAPLES,"CANNED AND PACKAGED FOODS, CLEANING SUPPLIES, HOUSEHOLD ITEMS",0.017382370882006264,0.041201026220811406,1.884091475274131
"CANNED AND PACKAGED FOODS, CLEANING SUPPLIES, HOUSEHOLD ITEMS",FOOD STAPLES,0.017382370882006264,0.7948825503355704,1.884091475274131
"FOOD STAPLES, HOUSEHOLD ITEMS",CANNED AND PACKAGED FOODS,0.030806697945761498,0.5384800384800384,1.8824224743882916
CANNED AND PACKAGED FOODS,"FOOD STAPLES, HOUSEHOLD ITEMS",0.030806697945761498,0.10769428099597568,1.8824224743882916
"CANNED AND PACKAGED FOODS, PERSONAL CARE",CONFECTIONERY,0.013415154308672381,0.26520990116964366,1.8805063811813203
CONFECTIONERY,"CANNED AND PACKAGED FOODS, PERSONAL CARE",0.013415154308672381,0.0951219512195122,1.88050638118132
CANNED AND PACKAGED FOODS,"COOKING OIL, FOOD STAPLES, TEA AND SPICES",0.020721253732164723,0.07243751102275095,1.878679385139473
"COOKING OIL, FOOD STAPLES, TEA AND SPICES",CANNED AND PACKAGED FOODS,0.020721253732164723,0.5374093017723326,1.878679385139473
"BISCUITS AND COOKIES, COOKING OIL",CANNED AND PACKAGED FOODS,0.016006457619578328,0.5373364126250962,1.878424578723094
CANNED AND PACKAGED FOODS,"BISCUITS AND COOKIES, COOKING OIL",0.016006457619578328,0.05595549213576822,1.878424578723094
COOKING OIL,"FOOD STAPLES, NOODLES",0.014382879969913363,0.09524388021624249,1.8752654786625307
"FOOD STAPLES, NOODLES",COOKING OIL,0.014382879969913363,0.2831858407079646,1.8752654786625305
"CANNED AND PACKAGED FOODS, NOODLES",CONFECTIONERY,0.012662988391878443,0.2641094317964416,1.8727033554666908
CONFECTIONERY,"CANNED AND PACKAGED FOODS, NOODLES",0.012662988391878443,0.08978861788617887,1.8727033554666905
"CONFECTIONERY, FOOD STAPLES",TEA AND SPICES,0.014346188949581952,0.28305130757397523,1.8714190657258425
TEA AND SPICES,"CONFECTIONERY, FOOD STAPLES",0.014346188949581952,0.09485111286312087,1.8714190657258423
FOOD STAPLES,"COOKING OIL, NOODLES",0.014382879969913363,0.034091403226507805,1.87139659750707
"COOKING OIL, NOODLES",FOOD STAPLES,0.014382879969913363,0.7895266868076536,1.87139659750707
FOOD STAPLES,"COOKING OIL, PERSONAL CARE",0.02063411255887762,0.0489085532895595,1.8623601525664837
"COOKING OIL, PERSONAL CARE",FOOD STAPLES,0.02063411255887762,0.7857142857142857,1.8623601525664837
HOUSEHOLD ITEMS,"FOOD STAPLES, TEA AND SPICES",0.02211092612721694,0.1870925178515989,1.8577780906644077
"FOOD STAPLES, TEA AND SPICES",HOUSEHOLD ITEMS,0.02211092612721694,0.21955551507423263,1.8577780906644077
"CANNED AND PACKAGED FOODS, TEA AND SPICES",FOOD STAPLES,0.04800561372611071,0.7831649831649832,1.8563176004951019
FOOD STAPLES,"CANNED AND PACKAGED FOODS, TEA AND SPICES",0.04800561372611071,0.11378658085837283,1.8563176004951019
FOOD STAPLES,"COOKING OIL, DAIRY PRODUCTS",0.014648889867316097,0.03472192025046745,1.8551000552931074
"COOKING OIL, DAIRY PRODUCTS",FOOD STAPLES,0.014648889867316097,0.7826513109531977,1.8551000552931074
"PERSONAL CARE, TEA AND SPICES",FOOD STAPLES,0.022954819594839408,0.7822757111597375,1.8542097799075496
FOOD STAPLES,"PERSONAL CARE, TEA AND SPICES",0.022954819594839408,0.05440927077444884,1.8542097799075496
"CLEANING SUPPLIES, COOKING OIL, FOOD STAPLES",CANNED AND PACKAGED FOODS,0.01885459807280416,0.5302463562491939,1.8536391075580876
CANNED AND PACKAGED FOODS,"CLEANING SUPPLIES, COOKING OIL, FOOD STAPLES",0.01885459807280416,0.06591204245562841,1.8536391075580876
PERSONAL CARE,"COOKING OIL, TEA AND SPICES",0.011264143241743374,0.0829337475518336,1.8532976852474266
"COOKING OIL, TEA AND SPICES",PERSONAL CARE,0.011264143241743374,0.25171671620375113,1.8532976852474263
FOOD STAPLES,"BISCUITS AND COOKIES, TEA AND SPICES",0.026119420098423662,0.06191024916293429,1.8521850983450472
"BISCUITS AND COOKIES, TEA AND SPICES",FOOD STAPLES,0.026119420098423662,0.7814215148188803,1.8521850983450472
FOOD STAPLES,"NOODLES, TEA AND SPICES",0.01541022853919289,0.03652650345697265,1.8504017737564928
"NOODLES, TEA AND SPICES",FOOD STAPLES,0.01541022853919289,0.7806691449814126,1.8504017737564926
FOOD STAPLES,"BISCUITS AND COOKIES, CANNED AND PACKAGED FOODS, HOUSEHOLD ITEMS",0.012681333902044149,0.03005826846980041,1.8471856489148453
"BISCUITS AND COOKIES, CANNED AND PACKAGED FOODS, HOUSEHOLD ITEMS",FOOD STAPLES,0.012681333902044149,0.7793122886133033,1.8471856489148453
HOUSEHOLD ITEMS,"CONFECTIONERY, FOOD STAPLES",0.011021065232047772,0.09325520024837007,1.8399315986384819
"CONFECTIONERY, FOOD STAPLES",HOUSEHOLD ITEMS,0.011021065232047772,0.21744638494253912,1.8399315986384819
FOOD STAPLES,"CLEANING SUPPLIES, RICE",0.010865128395639273,0.02575335913380006,1.8386329945829614
"CLEANING SUPPLIES, RICE",FOOD STAPLES,0.010865128395639273,0.7757039947609693,1.8386329945829614
COOKING OIL,POOJA ITEMS,0.010681673293982214,0.07073437405090204,1.8355999422680942
POOJA ITEMS,COOKING OIL,0.010681673293982214,0.27719590573672936,1.835599942268094
CANNED AND PACKAGED FOODS,"FOOD STAPLES, PERSONAL CARE",0.033375069368960314,0.11667281268538263,1.8350277760573304
"FOOD STAPLES, PERSONAL CARE",CANNED AND PACKAGED FOODS,0.033375069368960314,0.5249224554569718,1.8350277760573304
CANNED AND PACKAGED FOODS,"COOKING OIL, PERSONAL CARE",0.01377747813444507,0.0481634092767472,1.8339862501701238
"COOKING OIL, PERSONAL CARE",CANNED AND PACKAGED FOODS,0.01377747813444507,0.5246245197345442,1.8339862501701238
HOUSEHOLD ITEMS,"CANNED AND PACKAGED FOODS, FOOD STAPLES",0.030806697945761498,0.2606721515057436,1.8290588240283778
"CANNED AND PACKAGED FOODS, FOOD STAPLES",HOUSEHOLD ITEMS,0.030806697945761498,0.21616142112376907,1.8290588240283778
CANNED AND PACKAGED FOODS,"HOUSEHOLD ITEMS, PERSONAL CARE",0.017368611749381986,0.0607173205496144,1.8127649487438418
"HOUSEHOLD ITEMS, PERSONAL CARE",CANNED AND PACKAGED FOODS,0.017368611749381986,0.518554018896344,1.8127649487438418
"CLEANING SUPPLIES, FOOD STAPLES",RICE,0.010865128395639273,0.1279641333117269,1.812336195835596
RICE,"CLEANING SUPPLIES, FOOD STAPLES",0.010865128395639273,0.15388113023708996,1.812336195835596
"DAIRY PRODUCTS, TEA AND SPICES",FOOD STAPLES,0.014520471296156157,0.7638118214716526,1.8104452550138574
FOOD STAPLES,"DAIRY PRODUCTS, TEA AND SPICES",0.014520471296156157,0.034417532721659344,1.8104452550138574
PERSONAL CARE,"CANNED AND PACKAGED FOODS, CONFECTIONERY",0.013415154308672381,0.09877085162423178,1.8047180235978066
"CANNED AND PACKAGED FOODS, CONFECTIONERY",PERSONAL CARE,0.013415154308672381,0.24511857873124948,1.8047180235978064
COOKING OIL,"CANNED AND PACKAGED FOODS, PERSONAL CARE",0.01377747813444507,0.09123489036020166,1.8036614189380078
"CANNED AND PACKAGED FOODS, PERSONAL CARE",COOKING OIL,0.01377747813444507,0.27237283525251604,1.8036614189380078
"BISCUITS AND COOKIES, FOOD STAPLES",CANNED AND PACKAGED FOODS,0.04222677802391337,0.5149616868952402,1.8002068481438087
CANNED AND PACKAGED FOODS,"BISCUITS AND COOKIES, FOOD STAPLES",0.04222677802391337,0.14761668082923152,1.8002068481438085
"BISCUITS AND COOKIES, CANNED AND PACKAGED FOODS, PERSONAL CARE",FOOD STAPLES,0.014190252113173452,0.7594501718213059,1.8001069390942521
FOOD STAPLES,"BISCUITS AND COOKIES, CANNED AND PACKAGED FOODS, PERSONAL CARE",0.014190252113173452,0.033634821933295644,1.8001069390942521
FOOD STAPLES,"CANNED AND PACKAGED FOODS, HOUSEHOLD ITEMS, PERSONAL CARE",0.013117039768479662,0.031091011871113624,1.79006890819699
"CANNED AND PACKAGED FOODS, HOUSEHOLD ITEMS, PERSONAL CARE",FOOD STAPLES,0.013117039768479662,0.7552152099287035,1.79006890819699
FOOD STAPLES,"CANNED AND PACKAGED FOODS, RICE",0.013772891756903645,0.0326455624646693,1.7870802166982427
"CANNED AND PACKAGED FOODS, RICE",FOOD STAPLES,0.013772891756903645,0.7539543057996485,1.7870802166982427
CLEANING SUPPLIES,TEA AND SPICES,0.03826414782812092,0.26961608066184073,1.7825908599449865
TEA AND SPICES,CLEANING SUPPLIES,0.03826414782812092,0.2529868397113227,1.7825908599449865
"COOKING OIL, TEA AND SPICES",BISCUITS AND COOKIES,0.01214931410723868,0.2714973864917495,1.7825431557259053
BISCUITS AND COOKIES,"COOKING OIL, TEA AND SPICES",0.01214931410723868,0.07976753289770845,1.782543155725905
"CANNED AND PACKAGED FOODS, CLEANING SUPPLIES",FOOD STAPLES,0.040832519251319734,0.7519425675675676,1.7823118407262875
FOOD STAPLES,"CANNED AND PACKAGED FOODS, CLEANING SUPPLIES",0.040832519251319734,0.09678436317780581,1.7823118407262875
FOOD STAPLES,"BISCUITS AND COOKIES, CLEANING SUPPLIES",0.028793278205075285,0.06824803235204592,1.7774242988465165
"BISCUITS AND COOKIES, CLEANING SUPPLIES",FOOD STAPLES,0.028793278205075285,0.7498805542283803,1.7774242988465163
BISCUITS AND COOKIES,CLEANING SUPPLIES,0.038397152776822284,0.2521003342467404,1.7763443826963718
CLEANING SUPPLIES,BISCUITS AND COOKIES,0.038397152776822284,0.27055325749741466,1.7763443826963716
TEA AND SPICES,"CANNED AND PACKAGED FOODS, NOODLES",0.01286020262615978,0.08502638122384619,1.773378332016812
"CANNED AND PACKAGED FOODS, NOODLES",TEA AND SPICES,0.01286020262615978,0.26822268987947195,1.773378332016812
"CONFECTIONERY, COOKING OIL",FOOD STAPLES,0.012080518444117283,0.7470221213840046,1.770649022483413
FOOD STAPLES,"CONFECTIONERY, COOKING OIL",0.012080518444117283,0.02863416967430534,1.7706490224834128
CANNED AND PACKAGED FOODS,"COOKING OIL, TEA AND SPICES",0.02265670505464669,0.07920347597441119,1.7699383305352763
"COOKING OIL, TEA AND SPICES",CANNED AND PACKAGED FOODS,0.02265670505464669,0.5063031669570565,1.7699383305352763
"CLEANING SUPPLIES, HOUSEHOLD ITEMS",CANNED AND PACKAGED FOODS,0.02186784811752134,0.5054595568748013,1.7669892322122627
CANNED AND PACKAGED FOODS,"CLEANING SUPPLIES, HOUSEHOLD ITEMS",0.02186784811752134,0.07644578409837906,1.7669892322122627
FOOD STAPLES,"CLEANING SUPPLIES, NOODLES",0.01632750404747818,0.03870070009131626,1.756125815985499
"CLEANING SUPPLIES, NOODLES",FOOD STAPLES,0.01632750404747818,0.740894901144641,1.7561258159854989
FOOD STAPLES,"COOKING OIL, RICE",0.014924072519801684,0.035374179240770534,1.7457854049614951
"COOKING OIL, RICE",FOOD STAPLES,0.014924072519801684,0.7365323675871435,1.745785404961495
FOOD STAPLES,"CLEANING SUPPLIES, POOJA ITEMS",0.010296417580502391,0.02440535722050702,1.742964583127314
"CLEANING SUPPLIES, POOJA ITEMS",FOOD STAPLES,0.010296417580502391,0.7353422862757942,1.7429645831273137
"CANNED AND PACKAGED FOODS, POOJA ITEMS",FOOD STAPLES,0.010567013855446552,0.7335243553008596,1.7386555839537061
FOOD STAPLES,"CANNED AND PACKAGED FOODS, POOJA ITEMS",0.010567013855446552,0.025046745227638386,1.738655583953706
FOOD STAPLES,"CLEANING SUPPLIES, HOUSEHOLD ITEMS, PERSONAL CARE",0.013594023032788014,0.0322215941209723,1.7351197128561218
"CLEANING SUPPLIES, HOUSEHOLD ITEMS, PERSONAL CARE",FOOD STAPLES,0.013594023032788014,0.7320326006421338,1.7351197128561218
CANNED AND PACKAGED FOODS,"CLEANING SUPPLIES, PERSONAL CARE",0.021537628934538634,0.07529140145259816,1.7331409732390357
"CLEANING SUPPLIES, PERSONAL CARE",CANNED AND PACKAGED FOODS,0.021537628934538634,0.4957770270270271,1.7331409732390357
CONFECTIONERY,"CANNED AND PACKAGED FOODS, HOUSEHOLD ITEMS",0.010874301150722125,0.07710569105691058,1.7299746409729997
"CANNED AND PACKAGED FOODS, HOUSEHOLD ITEMS",CONFECTIONERY,0.010874301150722125,0.2439802428483227,1.7299746409729997
BREAKFAST CEREALS,CANNED AND PACKAGED FOODS,0.012108036709365841,0.4935501962983735,1.7253564020187018
CANNED AND PACKAGED FOODS,BREAKFAST CEREALS,0.012108036709365841,0.04232736367863269,1.7253564020187018
PERSONAL CARE,"CANNED AND PACKAGED FOODS, FOOD STAPLES",0.033375069368960314,0.24572837171608022,1.7242027735038614
"CANNED AND PACKAGED FOODS, FOOD STAPLES",PERSONAL CARE,0.033375069368960314,0.2341829181952758,1.7242027735038614
FOOD STAPLES,"CLEANING SUPPLIES, DAIRY PRODUCTS",0.0111127927828763,0.026340392225072833,1.7236434872683688
"CLEANING SUPPLIES, DAIRY PRODUCTS",FOOD STAPLES,0.0111127927828763,0.7271908763505401,1.7236434872683688
HOUSEHOLD ITEMS,"COOKING OIL, FOOD STAPLES",0.02015712929456927,0.1705603849736107,1.7156520879540116
"COOKING OIL, FOOD STAPLES",HOUSEHOLD ITEMS,0.02015712929456927,0.20275881158885403,1.7156520879540114
CANNED AND PACKAGED FOODS,"FOOD STAPLES, POOJA ITEMS",0.010567013855446552,0.036940244664988534,1.7039010209477692
"FOOD STAPLES, POOJA ITEMS",CANNED AND PACKAGED FOODS,0.010567013855446552,0.48741273535011637,1.7039010209477692
"FOOD STAPLES, TEA AND SPICES",BISCUITS AND COOKIES,0.026119420098423662,0.2593587758447946,1.7028458974636842
BISCUITS AND COOKIES,"FOOD STAPLES, TEA AND SPICES",0.026119420098423662,0.1714896564184408,1.7028458974636842
"CONFECTIONERY, TEA AND SPICES",FOOD STAPLES,0.014346188949581952,0.7166093928980528,1.6985624450940637
FOOD STAPLES,"CONFECTIONERY, TEA AND SPICES",0.014346188949581952,0.03400443536113406,1.6985624450940635
FOOD STAPLES,"BISCUITS AND COOKIES, HOUSEHOLD ITEMS",0.019235267408742554,0.045592903422185506,1.6891996403505627
"BISCUITS AND COOKIES, HOUSEHOLD ITEMS",FOOD STAPLES,0.019235267408742554,0.7126593033135089,1.6891996403505625
"CLEANING SUPPLIES, COOKING OIL",CANNED AND PACKAGED FOODS,0.021221168884180207,0.48228059203668955,1.6859600366501046
CANNED AND PACKAGED FOODS,"CLEANING SUPPLIES, COOKING OIL",0.021221168884180207,0.0741851180837248,1.6859600366501046
"CANNED AND PACKAGED FOODS, CONFECTIONERY",HOUSEHOLD ITEMS,0.010874301150722125,0.19869270091343336,1.6812465239468437
HOUSEHOLD ITEMS,"CANNED AND PACKAGED FOODS, CONFECTIONERY",0.010874301150722125,0.0920133498913381,1.6812465239468437
CANNED AND PACKAGED FOODS,"CLEANING SUPPLIES, FOOD STAPLES",0.040832519251319734,0.14274262076926778,1.6811523148419403
"CLEANING SUPPLIES, FOOD STAPLES",CANNED AND PACKAGED FOODS,0.040832519251319734,0.48090530978231516,1.68115231484194
PERSONAL CARE,"FOOD STAPLES, TEA AND SPICES",0.022954819594839408,0.16900790166812993,1.6782027441485583
"FOOD STAPLES, TEA AND SPICES",PERSONAL CARE,0.022954819594839408,0.2279351489206667,1.6782027441485583
"HOUSEHOLD ITEMS, NOODLES",FOOD STAPLES,0.011933754362791637,0.7068731323010052,1.6754848148401342
FOOD STAPLES,"HOUSEHOLD ITEMS, NOODLES",0.011933754362791637,0.028286298212810364,1.675484814840134
FOOD STAPLES,"BISCUITS AND COOKIES, CANNED AND PACKAGED FOODS, NOODLES",0.013846273797566469,0.032819498195416796,1.675062014989254
"BISCUITS AND COOKIES, CANNED AND PACKAGED FOODS, NOODLES",FOOD STAPLES,0.013846273797566469,0.7066947565543071,1.6750620149892537
"BISCUITS AND COOKIES, CANNED AND PACKAGED FOODS",SOFT DRINKS AND JUICES,0.012415324004641414,0.18798611111111113,1.6678709138691084
SOFT DRINKS AND JUICES,"BISCUITS AND COOKIES, CANNED AND PACKAGED FOODS",0.012415324004641414,0.1101525940996948,1.6678709138691081
"FOOD STAPLES, TEA AND SPICES",CANNED AND PACKAGED FOODS,0.04800561372611071,0.47668275799253124,1.6663910872748156
CANNED AND PACKAGED FOODS,"FOOD STAPLES, TEA AND SPICES",0.04800561372611071,0.16781837713039713,1.6663910872748156
"DAIRY PRODUCTS, FOOD STAPLES",CLEANING SUPPLIES,0.0111127927828763,0.23340718620556786,1.6446290931587189
CLEANING SUPPLIES,"DAIRY PRODUCTS, FOOD STAPLES",0.0111127927828763,0.07830274043433298,1.6446290931587189
CANNED AND PACKAGED FOODS,NOODLES,0.04794599081807216,0.16760994693046447,1.6440312204272653
NOODLES,CANNED AND PACKAGED FOODS,0.04794599081807216,0.4702865625984075,1.6440312204272653
"CANNED AND PACKAGED FOODS, HOUSEHOLD ITEMS",FOOD STAPLES,0.030806697945761498,0.6911916032105371,1.6383152540463524
FOOD STAPLES,"CANNED AND PACKAGED FOODS, HOUSEHOLD ITEMS",0.030806697945761498,0.07302039396443014,1.6383152540463524
FOOD STAPLES,"BISCUITS AND COOKIES, PERSONAL CARE",0.021734843168819972,0.05151758925077184,1.62487206820057
"BISCUITS AND COOKIES, PERSONAL CARE",FOOD STAPLES,0.021734843168819972,0.6855200347171995,1.6248720682005697
"COOKING OIL, FOOD STAPLES",BISCUITS AND COOKIES,0.024344491989891623,0.24487912899058864,1.6077783326122732
BISCUITS AND COOKIES,"COOKING OIL, FOOD STAPLES",0.024344491989891623,0.15983618898491372,1.607778332612273
"BISCUITS AND COOKIES, CANNED AND PACKAGED FOODS",COOKING OIL,0.016006457619578328,0.2423611111111111,1.604922844661767
COOKING OIL,"BISCUITS AND COOKIES, CANNED AND PACKAGED FOODS",0.016006457619578328,0.1059952621028974,1.604922844661767
FOOD STAPLES,"CLEANING SUPPLIES, PERSONAL CARE",0.029311538867256477,0.06947645345045006,1.5992860516232876
"CLEANING SUPPLIES, PERSONAL CARE",FOOD STAPLES,0.029311538867256477,0.6747255067567568,1.5992860516232876
FOOD STAPLES,"CLEANING SUPPLIES, HOUSEHOLD ITEMS",0.028940042286400933,0.0685959038135409,1.5855449040382716
"CLEANING SUPPLIES, HOUSEHOLD ITEMS",FOOD STAPLES,0.028940042286400933,0.6689282306795293,1.5855449040382716
"CLEANING SUPPLIES, CONFECTIONERY",FOOD STAPLES,0.0141810793580906,0.6681071737251513,1.5835987719866809
FOOD STAPLES,"CLEANING SUPPLIES, CONFECTIONERY",0.0141810793580906,0.03361307996695221,1.5835987719866809
"CONFECTIONERY, FOOD STAPLES",COOKING OIL,0.012080518444117283,0.2383494706361415,1.5783576361869764
COOKING OIL,"CONFECTIONERY, FOOD STAPLES",0.012080518444117283,0.07999757030917816,1.5783576361869764
TEA AND SPICES,FOOD STAPLES,0.1007076780546421,0.6658378312814603,1.5782198027907528
FOOD STAPLES,TEA AND SPICES,0.1007076780546421,0.23870504848458493,1.5782198027907526
"NOODLES, PERSONAL CARE",FOOD STAPLES,0.013433499818838087,0.6649262202043132,1.5760590324247492
FOOD STAPLES,"NOODLES, PERSONAL CARE",0.013433499818838087,0.031841109709962165,1.5760590324247492
RICE,"FOOD STAPLES, TEA AND SPICES",0.01112655191550058,0.15758363104904188,1.564762827354037
"FOOD STAPLES, TEA AND SPICES",RICE,0.01112655191550058,0.11048365060570178,1.564762827354037
"CANNED AND PACKAGED FOODS, PERSONAL CARE",FOOD STAPLES,0.033375069368960314,0.6598059660894007,1.5639226141261322
FOOD STAPLES,"CANNED AND PACKAGED FOODS, PERSONAL CARE",0.033375069368960314,0.07910814454059224,1.563922614126132
"CANNED AND PACKAGED FOODS, CLEANING SUPPLIES",CONFECTIONERY,0.011970445383123049,0.2204391891891892,1.563053642056691
CONFECTIONERY,"CANNED AND PACKAGED FOODS, CLEANING SUPPLIES",0.011970445383123049,0.08487804878048781,1.563053642056691
FOOD STAPLES,COOKING OIL,0.09941431958795985,0.23563943123016046,1.5604116706290014
COOKING OIL,FOOD STAPLES,0.09941431958795985,0.6583247281783394,1.5604116706290014
FOOD STAPLES,"BISCUITS AND COOKIES, DAIRY PRODUCTS",0.010901819415970683,0.025840326999173803,1.5533905094896219
"BISCUITS AND COOKIES, DAIRY PRODUCTS",FOOD STAPLES,0.010901819415970683,0.655362558588365,1.5533905094896219
HOUSEHOLD ITEMS,TEA AND SPICES,0.027715479482840068,0.2345156783607575,1.5505214070818267
TEA AND SPICES,HOUSEHOLD ITEMS,0.027715479482840068,0.18324337437079263,1.5505214070818267
CLEANING SUPPLIES,"CANNED AND PACKAGED FOODS, CONFECTIONERY",0.011970445383123049,0.0843459152016546,1.5411489409891197
"CANNED AND PACKAGED FOODS, CONFECTIONERY",CLEANING SUPPLIES,0.011970445383123049,0.21872119332942264,1.5411489409891197
CONFECTIONERY,"FOOD STAPLES, NOODLES",0.011030237987130624,0.07821138211382114,1.5399110639291334
"FOOD STAPLES, NOODLES",CONFECTIONERY,0.011030237987130624,0.21717536572150983,1.5399110639291331
BISCUITS AND COOKIES,PERSONAL CARE,0.031705627943881085,0.20816646089915386,1.5326531584746677
PERSONAL CARE,BISCUITS AND COOKIES,0.031705627943881085,0.23343688795839804,1.5326531584746677
"DAIRY PRODUCTS, FOOD STAPLES",CANNED AND PACKAGED FOODS,0.02085884505840752,0.43810808207301805,1.5315414518118136
CANNED AND PACKAGED FOODS,"DAIRY PRODUCTS, FOOD STAPLES",0.02085884505840752,0.07291850379182632,1.5315414518118136
"COOKING OIL, FOOD STAPLES",PERSONAL CARE,0.02063411255887762,0.207556744786861,1.5281640427869525
PERSONAL CARE,"COOKING OIL, FOOD STAPLES",0.02063411255887762,0.15192138853245085,1.5281640427869525
CLEANING SUPPLIES,NOODLES,0.022037544086554117,0.15528050672182006,1.5230957687752702
NOODLES,CLEANING SUPPLIES,0.022037544086554117,0.21615907148319763,1.5230957687752702
CANNED AND PACKAGED FOODS,BISCUITS AND COOKIES,0.06604383659654095,0.23087652915617832,1.5158428675246365
BISCUITS AND COOKIES,CANNED AND PACKAGED FOODS,0.06604383659654095,0.43361739287542533,1.5158428675246365
"BISCUITS AND COOKIES, NOODLES",FOOD STAPLES,0.020744185619871857,0.6394740562703237,1.5157303649064287
FOOD STAPLES,"BISCUITS AND COOKIES, NOODLES",0.020744185619871857,0.04916945688568074,1.5157303649064287
FOOD STAPLES,"BISCUITS AND COOKIES, CANNED AND PACKAGED FOODS",0.04222677802391337,0.10008914206200809,1.5154955741509764
"BISCUITS AND COOKIES, CANNED AND PACKAGED FOODS",FOOD STAPLES,0.04222677802391337,0.639375,1.5154955741509761
BISCUITS AND COOKIES,"DAIRY PRODUCTS, FOOD STAPLES",0.010901819415970683,0.07157698214339486,1.503364844966707
"DAIRY PRODUCTS, FOOD STAPLES",BISCUITS AND COOKIES,0.010901819415970683,0.228976013871496,1.503364844966707
FOOD STAPLES,"BISCUITS AND COOKIES, CANNED AND PACKAGED FOODS, CONFECTIONERY",0.011562257781936093,0.027405748575901202,1.5025062112757783
"BISCUITS AND COOKIES, CANNED AND PACKAGED FOODS, CONFECTIONERY",FOOD STAPLES,0.011562257781936093,0.6338948956499874,1.502506211275778
"FOOD STAPLES, TEA AND SPICES",NOODLES,0.01541022853919289,0.15301940067401404,1.5009173181321698
NOODLES,"FOOD STAPLES, TEA AND SPICES",0.01541022853919289,0.1511538980610914,1.5009173181321698
HOUSEHOLD ITEMS,BISCUITS AND COOKIES,0.02699083183129469,0.22838404222291214,1.4994781960961516
BISCUITS AND COOKIES,HOUSEHOLD ITEMS,0.02699083183129469,0.17721099701888043,1.4994781960961516
CANNED AND PACKAGED FOODS,BAKERY,0.011585189669643225,0.040499591156146285,1.4938943253108894
BAKERY,CANNED AND PACKAGED FOODS,0.011585189669643225,0.42733885975300284,1.4938943253108892
"FOOD STAPLES, RICE",CANNED AND PACKAGED FOODS,0.013772891756903645,0.4265625,1.4911803211829215
CANNED AND PACKAGED FOODS,"FOOD STAPLES, RICE",0.013772891756903645,0.04814737618444469,1.4911803211829215
CONFECTIONERY,"BISCUITS AND COOKIES, FOOD STAPLES",0.017185156647724926,0.12185365853658536,1.486023051979499
"BISCUITS AND COOKIES, FOOD STAPLES",CONFECTIONERY,0.017185156647724926,0.20957547961295372,1.486023051979499
FOOD STAPLES,"HOUSEHOLD ITEMS, PERSONAL CARE",0.020863431435948945,0.04945210244814541,1.476432707310185
"HOUSEHOLD ITEMS, PERSONAL CARE",FOOD STAPLES,0.020863431435948945,0.6228947008078872,1.476432707310185
"FOOD STAPLES, PERSONAL CARE",CONFECTIONERY,0.013167489921435353,0.20709803072927938,1.468456368329102
CONFECTIONERY,"FOOD STAPLES, PERSONAL CARE",0.013167489921435353,0.09336585365853659,1.4684563683291019
"CANNED AND PACKAGED FOODS, NOODLES",COOKING OIL,0.010594532120695112,0.220968050506983,1.46325732941721
COOKING OIL,"CANNED AND PACKAGED FOODS, NOODLES",0.010594532120695112,0.07015732248071434,1.46325732941721
"CANNED AND PACKAGED FOODS, DAIRY PRODUCTS",FOOD STAPLES,0.02085884505840752,0.6161766698279366,1.460509115963754
FOOD STAPLES,"CANNED AND PACKAGED FOODS, DAIRY PRODUCTS",0.02085884505840752,0.049441231464973694,1.460509115963754
NOODLES,PERSONAL CARE,0.020202993069983535,0.1981645598092582,1.4590128360617016
PERSONAL CARE,NOODLES,0.020202993069983535,0.14874721415546702,1.4590128360617016
CANNED AND PACKAGED FOODS,"COOKING OIL, FOOD STAPLES",0.04142416195416374,0.14481088967629185,1.4566401528118493
"COOKING OIL, FOOD STAPLES",CANNED AND PACKAGED FOODS,0.04142416195416374,0.4166820446576859,1.4566401528118493
TEA AND SPICES,BISCUITS AND COOKIES,0.033425519521916004,0.22099581539207955,1.4509700563293941
BISCUITS AND COOKIES,TEA AND SPICES,0.033425519521916004,0.21945858050528472,1.4509700563293941
FOOD STAPLES,"CANNED AND PACKAGED FOODS, NOODLES",0.029183120296096533,0.06917206592164195,1.4427080292095893
"CANNED AND PACKAGED FOODS, NOODLES",FOOD STAPLES,0.029183120296096533,0.6086665391237803,1.442708029209589
TEA AND SPICES,"CANNED AND PACKAGED FOODS, CONFECTIONERY",0.01191540885262593,0.07877979258899873,1.4394460434700005
"CANNED AND PACKAGED FOODS, CONFECTIONERY",TEA AND SPICES,0.01191540885262593,0.21771557864744825,1.4394460434700003
CONFECTIONERY,SOFT DRINKS AND JUICES,0.022867678421552306,0.16214634146341464,1.4386124864154033
SOFT DRINKS AND JUICES,CONFECTIONERY,0.022867678421552306,0.20288911495422177,1.4386124864154033
PERSONAL CARE,TEA AND SPICES,0.02934364351004646,0.216046464510029,1.4284105458903873
TEA AND SPICES,PERSONAL CARE,0.02934364351004646,0.19400812662987443,1.4284105458903873
CONFECTIONERY,BISCUITS AND COOKIES,0.030678279374601557,0.21752845528455286,1.4282047578932837
BISCUITS AND COOKIES,CONFECTIONERY,0.030678279374601557,0.20142130145442502,1.4282047578932837
"COOKING OIL, FOOD STAPLES",NOODLES,0.014382879969913363,0.14467613950913452,1.4190809946535232
NOODLES,"COOKING OIL, FOOD STAPLES",0.014382879969913363,0.14107697152368529,1.419080994653523
CLEANING SUPPLIES,FOOD STAPLES,0.08490760742442796,0.5982743019648397,1.4180755530885305
FOOD STAPLES,CLEANING SUPPLIES,0.08490760742442796,0.20125451145801623,1.4180755530885303
TEA AND SPICES,CANNED AND PACKAGED FOODS,0.06129693584116457,0.40527018012008004,1.4167464729255885
CANNED AND PACKAGED FOODS,TEA AND SPICES,0.06129693584116457,0.21428227862307803,1.4167464729255885
CONFECTIONERY,NOODLES,0.020280961488187785,0.1438048780487805,1.4105350755824355
NOODLES,CONFECTIONERY,0.020280961488187785,0.19892932655540063,1.4105350755824355
DAIRY PRODUCTS,"CANNED AND PACKAGED FOODS, TEA AND SPICES",0.010328522223292377,0.0863397615304988,1.4085493890628782
"CANNED AND PACKAGED FOODS, TEA AND SPICES",DAIRY PRODUCTS,0.010328522223292377,0.1684998129442574,1.4085493890628782
HOUSEHOLD ITEMS,NOODLES,0.01688245572999078,0.14285159888233467,1.4011846716229974
NOODLES,HOUSEHOLD ITEMS,0.01688245572999078,0.16559449367942777,1.4011846716229972
RICE,CLEANING SUPPLIES,0.014006797011516393,0.1983760961351088,1.397793720043004
CLEANING SUPPLIES,RICE,0.014006797011516393,0.09869441571871768,1.397793720043004
CANNED AND PACKAGED FOODS,FROZEN FOODS,0.017304402463802014,0.060492857257379226,1.39632448844243
FROZEN FOODS,CANNED AND PACKAGED FOODS,0.017304402463802014,0.3994283294516197,1.39632448844243
NAMKEEN AND SNACKS,FOOD STAPLES,0.012791406963038383,0.5869107744107744,1.3911408501130802
FOOD STAPLES,NAMKEEN AND SNACKS,0.012791406963038383,0.03031917206592164,1.3911408501130802
COOKING OIL,HOUSEHOLD ITEMS,0.024821475254199976,0.16436858409767358,1.3908115868870092
HOUSEHOLD ITEMS,COOKING OIL,0.024821475254199976,0.21002794163303323,1.3908115868870092
"CONFECTIONERY, HOUSEHOLD ITEMS",FOOD STAPLES,0.011021065232047772,0.586526726873322,1.3902305512379711
FOOD STAPLES,"CONFECTIONERY, HOUSEHOLD ITEMS",0.011021065232047772,0.026122972561638473,1.3902305512379711
"CANNED AND PACKAGED FOODS, FOOD STAPLES",CONFECTIONERY,0.027912693717121406,0.19585505567355346,1.3887365454925067
CONFECTIONERY,"CANNED AND PACKAGED FOODS, FOOD STAPLES",0.027912693717121406,0.1979186991869919,1.3887365454925067
CONFECTIONERY,"CANNED AND PACKAGED FOODS, TEA AND SPICES",0.01191540885262593,0.08448780487804879,1.378336514193425
"CANNED AND PACKAGED FOODS, TEA AND SPICES",CONFECTIONERY,0.01191540885262593,0.19438832772166106,1.378336514193425
"CANNED AND PACKAGED FOODS, FOOD STAPLES",RICE,0.013772891756903645,0.09664027804595482,1.3687012864115524
RICE,"CANNED AND PACKAGED FOODS, FOOD STAPLES",0.013772891756903645,0.19506333225073075,1.3687012864115524
"FOOD STAPLES, HOUSEHOLD ITEMS",CONFECTIONERY,0.011021065232047772,0.19264069264069264,1.365944673212966
CONFECTIONERY,"FOOD STAPLES, HOUSEHOLD ITEMS",0.011021065232047772,0.07814634146341463,1.3659446732129659
SOFT DRINKS AND JUICES,NOODLES,0.01565789292642992,0.13892166836215666,1.3626372668441924
NOODLES,SOFT DRINKS AND JUICES,0.01565789292642992,0.1535831571370732,1.3626372668441924
CANNED AND PACKAGED FOODS,CONFECTIONERY,0.05472924320184189,0.19132289044588027,1.3566006199723057
CONFECTIONERY,CANNED AND PACKAGED FOODS,0.05472924320184189,0.38806504065040653,1.3566006199723057
CANNED AND PACKAGED FOODS,CLEANING SUPPLIES,0.05430271009048923,0.18983181286174663,1.3375891604490904
CLEANING SUPPLIES,CANNED AND PACKAGED FOODS,0.05430271009048923,0.3826266804550155,1.3375891604490904
POOJA ITEMS,FOOD STAPLES,0.021679806638322852,0.5626041418709831,1.3335274088046651
FOOD STAPLES,POOJA ITEMS,0.021679806638322852,0.051387137452711215,1.3335274088046651
SOFT DRINKS AND JUICES,BISCUITS AND COOKIES,0.022830987401220894,0.20256358087487283,1.32995138315561
BISCUITS AND COOKIES,SOFT DRINKS AND JUICES,0.022830987401220894,0.14989912373151856,1.3299513831556098
FOOD STAPLES,"BISCUITS AND COOKIES, CONFECTIONERY",0.017185156647724926,0.04073357394442753,1.3277659234745323
"BISCUITS AND COOKIES, CONFECTIONERY",FOOD STAPLES,0.017185156647724926,0.5601734190461952,1.327765923474532
HOUSEHOLD ITEMS,CANNED AND PACKAGED FOODS,0.04457041694758229,0.37713443030114874,1.31838931201314
CANNED AND PACKAGED FOODS,HOUSEHOLD ITEMS,0.04457041694758229,0.15580959099581534,1.31838931201314
POOJA ITEMS,CANNED AND PACKAGED FOODS,0.014405811857620496,0.3738395620090455,1.3068710872323075
CANNED AND PACKAGED FOODS,POOJA ITEMS,0.014405811857620496,0.050359942922191404,1.3068710872323075
PERSONAL CARE,CANNED AND PACKAGED FOODS,0.05058315790439238,0.37242520429526577,1.3019267651460913
CANNED AND PACKAGED FOODS,PERSONAL CARE,0.05058315790439238,0.1768289750044091,1.3019267651460913
COOKING OIL,BISCUITS AND COOKIES,0.029788522131564826,0.19726052359837212,1.2951336319617652
BISCUITS AND COOKIES,COOKING OIL,0.029788522131564826,0.19557951157818665,1.2951336319617652
FOOD STAPLES,"CONFECTIONERY, NOODLES",0.011030237987130624,0.026144714527981908,1.289125988588329
"CONFECTIONERY, NOODLES",FOOD STAPLES,0.011030237987130624,0.5438715513342378,1.289125988588329
CONFECTIONERY,PERSONAL CARE,0.02466095204025005,0.1748617886178862,1.2874430946470605
PERSONAL CARE,CONFECTIONERY,0.02466095204025005,0.18156952792598094,1.2874430946470605
PERSONAL CARE,COOKING OIL,0.02626159780220788,0.19335449449584655,1.2803994993740782
COOKING OIL,PERSONAL CARE,0.02626159780220788,0.17390512057340704,1.2803994993740782
NOODLES,TEA AND SPICES,0.019739768938299464,0.1936209456115885,1.280142219610465
TEA AND SPICES,NOODLES,0.019739768938299464,0.13051124992419189,1.280142219610465
BISCUITS AND COOKIES,FOOD STAPLES,0.08199984406316359,0.5383781505013702,1.2761051093715186
FOOD STAPLES,BISCUITS AND COOKIES,0.08199984406316359,0.194362308127147,1.2761051093715183
TEA AND SPICES,RICE,0.01353440012474947,0.08948389835648007,1.267346589538931
RICE,TEA AND SPICES,0.01353440012474947,0.19168561221175706,1.267346589538931
"CONFECTIONERY, PERSONAL CARE",FOOD STAPLES,0.013167489921435353,0.5339408592151758,1.2655875018556688
FOOD STAPLES,"CONFECTIONERY, PERSONAL CARE",0.013167489921435353,0.03121059268600252,1.2655875018556688
CANNED AND PACKAGED FOODS,SOFT DRINKS AND JUICES,0.039924416498117295,0.1395680684933703,1.2382910661277307
SOFT DRINKS AND JUICES,CANNED AND PACKAGED FOODS,0.039924416498117295,0.3542217700915565,1.2382910661277307
BREAKFAST CEREALS,FOOD STAPLES,0.012750129565165545,0.5197233127687418,1.231887984804085
FOOD STAPLES,BREAKFAST CEREALS,0.012750129565165545,0.03022133321737618,1.231887984804085
"COOKING OIL, FOOD STAPLES",DAIRY PRODUCTS,0.014648889867316097,0.1473519099464846,1.2317666061803343
DAIRY PRODUCTS,"COOKING OIL, FOOD STAPLES",0.014648889867316097,0.12245523904458842,1.2317666061803343
"CANNED AND PACKAGED FOODS, FOOD STAPLES",DAIRY PRODUCTS,0.02085884505840752,0.14636030121645108,1.2234773989315395
DAIRY PRODUCTS,"CANNED AND PACKAGED FOODS, FOOD STAPLES",0.02085884505840752,0.17436644557757927,1.2234773989315393
FOOD STAPLES,"CANNED AND PACKAGED FOODS, CONFECTIONERY",0.027912693717121406,0.06616080358307605,1.2088748119369106
"CANNED AND PACKAGED FOODS, CONFECTIONERY",FOOD STAPLES,0.027912693717121406,0.5100142462079946,1.2088748119369104
DAIRY PRODUCTS,"FOOD STAPLES, TEA AND SPICES",0.014520471296156157,0.12138174289767281,1.2052878712168633
"FOOD STAPLES, TEA AND SPICES",DAIRY PRODUCTS,0.014520471296156157,0.14418435194462154,1.2052878712168633
CANNED AND PACKAGED FOODS,COOKING OIL,0.05118397336231924,0.1789293100960382,1.1848754779022623
COOKING OIL,CANNED AND PACKAGED FOODS,0.05118397336231924,0.3389418696470874,1.184875477902262
CONFECTIONERY,"CLEANING SUPPLIES, FOOD STAPLES",0.0141810793580906,0.1005528455284553,1.1842619121961762
"CLEANING SUPPLIES, FOOD STAPLES",CONFECTIONERY,0.0141810793580906,0.16701777129584616,1.184261912196176
NOODLES,COOKING OIL,0.01821709159454588,0.17868550092221872,1.1832609659411348
COOKING OIL,NOODLES,0.01821709159454588,0.120634149304501,1.1832609659411348
CANNED AND PACKAGED FOODS,FOOD STAPLES,0.14251709572228566,0.4982123102082698,1.1809009596999664
FOOD STAPLES,CANNED AND PACKAGED FOODS,0.14251709572228566,0.33780493107796666,1.1809009596999664
FOOD STAPLES,NOODLES,0.05078954489375656,0.12038526764360567,1.1808197670254557
NOODLES,FOOD STAPLES,0.05078954489375656,0.49817805569301365,1.1808197670254557
"BISCUITS AND COOKIES, FOOD STAPLES",SOFT DRINKS AND JUICES,0.01085595564055642,0.13238995469545278,1.174604620627973
SOFT DRINKS AND JUICES,"BISCUITS AND COOKIES, FOOD STAPLES",0.01085595564055642,0.0963173957273652,1.1746046206279728
SOFT DRINKS AND JUICES,"CANNED AND PACKAGED FOODS, FOOD STAPLES",0.018739938634268496,0.16626653102746694,1.1666427117730518
"CANNED AND PACKAGED FOODS, FOOD STAPLES",SOFT DRINKS AND JUICES,0.018739938634268496,0.13149256613245802,1.1666427117730518
FOOD STAPLES,HOUSEHOLD ITEMS,0.057210473451753605,0.13560464408401096,1.1474243162894093
HOUSEHOLD ITEMS,FOOD STAPLES,0.057210473451753605,0.4840887923005278,1.1474243162894093
CONFECTIONERY,HOUSEHOLD ITEMS,0.018790388787224187,0.13323577235772358,1.127380009995381
HOUSEHOLD ITEMS,CONFECTIONERY,0.018790388787224187,0.1589956535237504,1.127380009995381
FOOD STAPLES,"BISCUITS AND COOKIES, SOFT DRINKS AND JUICES",0.01085595564055642,0.025731617167456623,1.1270479333749979
"BISCUITS AND COOKIES, SOFT DRINKS AND JUICES",FOOD STAPLES,0.01085595564055642,0.47549216552832463,1.1270479333749979
FOOD STAPLES,STATIONERY,0.010553254722822274,0.025014132278123234,1.1254656127786125
STATIONERY,FOOD STAPLES,0.010553254722822274,0.47482459760627327,1.1254656127786125
"CANNED AND PACKAGED FOODS, SOFT DRINKS AND JUICES",FOOD STAPLES,0.018739938634268496,0.4693854106835152,1.112573235522042
FOOD STAPLES,"CANNED AND PACKAGED FOODS, SOFT DRINKS AND JUICES",0.018739938634268496,0.04441883723963995,1.112573235522042
DAIRY PRODUCTS,"BISCUITS AND COOKIES, FOOD STAPLES",0.010901819415970683,0.09113215504351493,1.1113698578904228
"BISCUITS AND COOKIES, FOOD STAPLES",DAIRY PRODUCTS,0.010901819415970683,0.13294927009340568,1.1113698578904228
FOOD STAPLES,PERSONAL CARE,0.06358095185679495,0.15070443970952732,1.1095814115265148
PERSONAL CARE,FOOD STAPLES,0.06358095185679495,0.468123184980077,1.1095814115265148
DAIRY PRODUCTS,"CLEANING SUPPLIES, FOOD STAPLES",0.0111127927828763,0.09289575585630487,1.0940804796435557
"CLEANING SUPPLIES, FOOD STAPLES",DAIRY PRODUCTS,0.0111127927828763,0.13088100253875654,1.0940804796435555
FOOD STAPLES,BAKERY,0.012415324004641414,0.029427751445840762,1.0854912268646222
BAKERY,FOOD STAPLES,0.012415324004641414,0.45795973608526475,1.0854912268646222
RICE,FOOD STAPLES,0.03228809789164224,0.45729132835336145,1.0839069156866317
FOOD STAPLES,RICE,0.03228809789164224,0.07653172152889506,1.0839069156866314
CONFECTIONERY,CLEANING SUPPLIES,0.021225755261721633,0.15050406504065042,1.0604787625797665
CLEANING SUPPLIES,CONFECTIONERY,0.021225755261721633,0.1495604963805584,1.0604787625797663
TEA AND SPICES,DAIRY PRODUCTS,0.019010534909212656,0.12568985384195522,1.0506858360671085
DAIRY PRODUCTS,TEA AND SPICES,0.019010534909212656,0.1589157688916152,1.0506858360671085
DAIRY PRODUCTS,COOKING OIL,0.018717006746561363,0.15646206341295096,1.036096668905108
COOKING OIL,DAIRY PRODUCTS,0.018717006746561363,0.12394460304926198,1.036096668905108
CONFECTIONERY,"FOOD STAPLES, TEA AND SPICES",0.014346188949581952,0.10172357723577237,1.0100876040511932
"FOOD STAPLES, TEA AND SPICES",CONFECTIONERY,0.014346188949581952,0.14245377538937973,1.0100876040511932
